Funds,Fund Manager,Category,RupeeVestRating,AUM(in Rs. cr),ExpenseRatio (%),Inception Date,Benchmark Index, NAV , 52 WeekHigh (NAV), 52 WeekLow (NAV),Return (%)1 mo,Return (%)3 mo,Return (%)6 mo,Return (%)1 yr,Return (%)2 yrs,Return (%)3 yrs,Return (%)5 yrs,Return (%)10 yrs,PE Ratio,PB Ratio ,Turnover Ratio (%), No. ofStocks,Avg. Market Cap(in Rs. cr),Large Cap(%),Mid Cap(%),Small Cap(%),Highest Sector,Avg. Maturity(in yrs),Mod. Duration(in yrs),Yield To Maturity (%),Alpha,Sharpe,Sortino,Beta,Standard Deviation,classification,Exit_load_Remarks
360 ONE Balanced Hybrid Fund-Reg(G),Mayur Patel,HY-EQ,0,859.9,1.96,25-09-2023,NIFTY 50 Hybrid Composite Debt 50:50 Index,12.61,12.61,11.5,2.3,6.86,0.9,6.89,0,0,0,0,29.3,4.77,57,48,114796,24.12,10.07,9.11,Financials,2.91,0,6.9,0.22,0.31,0.65,0.51,7.16,Hybrid : Equity Oriented,Nil upto 10% of units and 1% for remaining units on or before 12M Nil after 12M
360 ONE Dynamic Bond Fund-Reg(G),Milan Mody,DT-DYN,2,686.1,0.52,24-06-2013,CRISIL Dynamic Bond Index,22.74,22.75,20.39,1.37,4.5,6.15,11.26,9.19,8.51,7.47,7.09,0,0,0,1,0,0,0,0,None,6.47,0,7,-0.14,0.28,0.57,0.89,1.82,Debt : Dynamic Bond,Nil
360 ONE ELSS Tax Saver Nifty 50 Index Fund-Reg(G),Ashish Ongari,EQ-ELSS,0,82.9,0.52,28-12-2022,NIFTY 50 - TRI,13.73,14.56,12.31,0.99,11,0.57,6.13,15.77,0,0,0,22.53,3.38,7,50,563999,98.54,0.95,0,Financials,0,0,0,-0.05,0.22,0.47,0.99,11.56,Equity : Tax Saving (ELSS),Nil
360 ONE Flexicap Fund-Reg(G),Mayur Patel,EQ-FLEX,0,1540.2,2.05,30-06-2023,BSE 500 - TRI,14.88,16.1,13.07,3.94,10.97,-4.2,4.4,0,0,0,0,29.16,4.91,27,46,120438,55.25,22.06,20.13,Financials,0,0,0,0.35,0.3,0.59,1.02,14.78,Equity : Flexi Cap,1% on or before 365D Nil after 365D
360 ONE Focused Equity Fund-Reg(G),Mayur Patel,EQ-MLC,4,6961.1,1.81,30-10-2014,BSE 500 - TRI,46.47,50.23,41.51,3.4,10.65,-1.96,1.69,19.76,19.8,24.34,15.59,25.19,4.67,31,31,176337,63.19,16.53,13.71,Financials,0,0,0,0.22,0.29,0.62,0.88,12.69,Equity : Multi Cap,1% on or before 12M
360 ONE Liquid Fund-Reg(G),Milan Mody,DT-LIQ,1,795.7,0.32,13-11-2013,CRISIL Liquid Debt Index,2001.98,2001.98,1870.55,0.56,1.74,3.47,7.05,7.07,6.77,5.27,5.86,0,0,0,0,0,0,0,0,None,0.15,0,6.41,-0.01,0.11,0.03,1.14,0.23,Debt : Liquid,0.007% for Day 1 0.0065% on Day 2 0.0060% on Day 3 0.0055% on Day 4 0.0050% on Day 5 0.0045% on Day 6 NIL on or after 7D
360 ONE Quant Fund-Reg(G),Ashish Ongari,EQ-THEM,0,676.5,1.95,29-11-2021,BSE 200 - TRI,19.09,20.71,15.98,2.99,17.46,0.68,3.53,30.95,27.39,0,0,25.61,5.17,57,35,123106,64.21,35.11,0,Financials,0,0,0,0.6,0.35,0.76,1.16,16.49,Equity : Thematic,1% on or before 12M Nil after 12M
Aditya Birla SL Arbitrage Fund(G),Lovelish Solanki,HY-ARB,3,15895.8,1.03,24-07-2009,Nifty 50 Arbitrage - TRI,26.44,26.44,24.73,0.39,1.84,3.38,7.14,7.35,6.75,5.43,5.74,19.71,2.75,1195,187,188866,46.36,13.96,4.07,Financials,0.93,0.71,6.88,0.01,0.01,0.01,-0.01,0.56,Hybrid : Arbitrage,0.25% on or before 15D Nil after 15D
Aditya Birla SL Bal Bhavishya Yojna-Reg(G),Chanchal Khandelwal,HY-SOL,2,1058.3,2.18,11-02-2019,NIFTY 500 - TRI,19.44,20.94,16.89,4.43,14.56,-2.17,3.42,17.14,15.11,15.23,0,0,0,46,69,116306,57.87,12.19,28.4,Financials,0,0,0,-0.17,0.2,0.41,0.95,13.54,Hybrid : Solution Oriented,Nil
Aditya Birla SL Balanced Advantage Fund(G),Harish krishnan,HY-DYN,4,7532.7,1.8,25-04-2000,CRISIL Hybrid 50+50 - Moderate Index,104.99,105.49,94.29,1.49,9.94,3.3,9.36,15.22,13.86,15.27,11.03,24.25,3.55,311,93,158140,48.3,15.7,4.86,Financials,4.27,3.35,7.08,0.22,0.3,0.71,0.55,7.19,Hybrid : Dynamic Asset Allocation,0.25% on or before 7D Nil after 7D
Aditya Birla SL Banking & Financial Services Fund-Reg(G),Dhaval Gala,EQ-FIN,4,3439.1,1.98,14-12-2013,Nifty Financial Services - TRI,59.82,60.26,51.4,1.96,16.21,5.2,11.44,17.7,19.5,24.76,13.59,16.67,2.37,17,36,290217,69.2,14.79,10.85,Financials,0,0,0,0.14,0.25,0.57,0.95,14.97,Equity : Sectoral - Financial Services,1% on or before 30D Nil after 30D
Aditya Birla SL Banking & PSU Debt(G),Kaustubh Gupta,DT-B&PSU,4,8990.7,0.73,05-05-2008,NIFTY Banking and PSU Debt Index,368.57,368.57,335.24,1.17,4.01,5.38,9.72,8.22,7.7,6.57,7.67,0,0,0,0,0,0,0,0,None,5.02,3.8,6.91,0.01,0.25,0.32,0.32,1.07,Debt : Banking & PSU,Nil
Aditya Birla SL BSE India Infrastructure Index Fund-Reg(G),Priya Sridhar,EQ-INFRA,0,32,1.07,04-12-2024,BSE India Infrastructure Index - TRI,9.41,10.19,7.86,5.03,18.25,0,0,0,0,0,0,15.73,2.4,0,30,131670,70.55,12.36,17.18,Energy,0,0,0,0,0,0,0,0,Equity : Sectoral - Infrastructure,0.05% on or before 30D Nil after 30D
Aditya Birla SL Business Cycle Fund-Reg(G),Harish krishnan,EQ-THEM,0,1725.9,2.14,03-12-2021,BSE 500 - TRI,14.84,15.99,13.09,3.41,13.37,-2.18,7.07,18.38,16.26,0,0,24.76,3.53,0,66,152170,57.76,21.2,17.46,Financials,0,0,0,-0.05,0.22,0.46,0.94,13.39,Equity : Thematic,1% on or before 30D Nil after 30D
Aditya Birla SL Conglomerate Fund-Reg(G),Harish krishnan,EQ-THEM,0,1494.3,2.08,27-12-2024,BSE Select Business Groups Index - TRI,10.53,10.66,9.09,4.68,13.24,0,0,0,0,0,0,30.24,3.64,0,37,207899,73.6,10.15,14,Energy,0,0,0,0,0,0,0,0,Equity : Thematic,0.50% on or before 90D Nil after 90D
Aditya Birla SL Corp Bond Fund(G),Kaustubh Gupta,DT-CORP,5,28436.5,0.51,03-03-1997,NIFTY Corporate Bond Index,113.48,113.49,102.9,1.04,3.91,5.38,10.06,8.75,8.26,7.07,7.9,0,0,0,0,0,0,0,0,None,5.2,3.66,7.03,0.05,0.4,0.48,0.34,1.08,Debt : Corporate Bond,Nil
Aditya Birla SL Credit Risk Fund-Reg(G),Sunaina da Cunha,DT-CR,3,993.4,1.54,22-04-2015,CRISIL Credit Risk Debt Index,22.27,22.27,18.92,1.14,3.53,8.71,17.42,11.98,11.2,9.81,8.19,0,0,0,1,0,0,0,0,None,3.71,2.4,8.03,0.3,0.43,1.26,0.26,2.9,Debt : Credit Risk,Nil upto 15% of units For remaining units 3% on or before 1Y 2% after 1Y but on or before 2Y 1% after 2Y but on or before 3Y Nil after 3Y
Aditya Birla SL CRISIL IBX 50:50 Gilt Plus SDL Apr 2028 Index Fund-Reg(G),Mohit Sharma,DT-M&LD,0,383.9,0.35,13-10-2022,CRISIL IBX 50:50 Gilt Plus SDL Index - April 2028,12.51,12.51,11.34,1.24,3.72,5.55,10.24,8.35,0,0,0,0,0,0,0,0,0,0,0,None,2.89,2.56,6.28,0.03,0.42,0.65,0.53,1.43,Debt : Medium to Long Duration,Nil
Aditya Birla SL CRISIL IBX 60:40 SDL + AAA PSU - Apr 2025 Index Fund-Reg(G),Mohit Sharma,DT-MD,0,136.2,0.35,30-03-2022,CRISIL IBX 60:40 SDL + AAA PSU Index - April 2025,11.87,11.87,11.17,0.53,1.56,3.23,6.95,6.86,6.08,0,0,0,0,0,0,0,0,0,0,None,0.04,0.04,6.74,0.04,0.38,0.51,0.34,1.48,Debt : Medium Duration,Nil
Aditya Birla SL CRISIL IBX 60:40 SDL + AAA PSU - Apr 2027 Index Fund-Reg(G),Mohit Sharma,DT-M&LD,0,1589,0.32,29-03-2022,CRISIL IBX 60:40 SDL + AAA PSU Index - April 2027,12.17,12.17,11.16,0.99,3.02,4.72,8.93,7.69,7.83,0,0,0,0,0,0,0,0,0,0,None,1.63,1.48,6.54,-0.02,0.2,0.29,0.46,1.46,Debt : Medium to Long Duration,Nil
Aditya Birla SL CRISIL IBX 60:40 SDL + AAA PSU Apr 2026 Index Fund-Reg(G),Bhupesh Bameta,DT-B&PSU,0,49.9,0.45,02-12-2022,CRISIL IBX 60:40 SDL + AAA PSU Index - April 2026,11.91,11.91,11.04,0.73,2.29,3.96,7.86,7.15,0,0,0,0,0,0,0,0,0,0,0,None,0.79,0.74,6.46,0,0.27,0.22,0.23,0.7,Debt : Banking & PSU,Nil
Aditya Birla SL CRISIL IBX Gilt - April 2026 Index Fund-Reg(G),Bhupesh Bameta,DT-MD,0,231,0.36,07-10-2022,CRISIL IBX Gilt Index - April 2026,12.13,12.13,11.24,0.71,2.26,3.88,7.82,7.08,0,0,0,0,0,0,0,0,0,0,0,None,0.92,0.87,6.07,-0.01,0.29,0.31,0.31,0.94,Debt : Medium Duration,Nil
Aditya Birla SL CRISIL IBX Gilt Apr 2028 Index Fund-Reg(G),Bhupesh Bameta,DT-M&LD,0,23,0.79,15-03-2023,CRISIL IBX Gilt Index - April 2028,11.87,11.87,10.85,1.07,3.3,4.95,9.24,7.55,0,0,0,0,0,0,0,0,0,0,0,None,2.53,2.24,6.13,-0.02,0.31,0.43,0.44,1.16,Debt : Medium to Long Duration,Nil
Aditya Birla SL CRISIL IBX Gilt Apr 2029 Index Fund-Reg(G),Harshil Suvarnkar,DT-GILT,0,644,0.37,19-10-2022,CRISIL IBX Gilt Index - April 2029,12.64,12.64,11.38,1.37,4.31,5.9,10.98,8.7,0,0,0,0,0,0,0,0,0,0,0,None,3.93,3.41,6.19,0.03,0.44,0.77,0.68,1.71,Debt : Gilt,Nil
Aditya Birla SL CRISIL IBX Gilt April 2033 Index Fund-Reg(G),Bhupesh Bameta,DT-LD,0,85.5,0.47,22-12-2023,CRISIL IBX Gilt Index - April 2033,11.63,11.64,10.38,1.29,5.12,6.55,11.72,0,0,0,0,0,0,0,0,0,0,0,0,None,7.55,5.69,6.42,0.01,0.65,1.12,0.91,1.91,Debt : Long Duration,Nil
Aditya Birla SL CRISIL IBX Gilt June 2027 Index Fund-Reg(G),Bhupesh Bameta,DT-GILT,0,11.1,0.56,05-06-2024,CRISIL IBX Gilt Index - June 2027,10.92,10.92,10,1,3.04,4.75,0,0,0,0,0,0,0,0,0,0,0,0,0,None,2.08,1.86,6.11,0.06,0.81,0.63,0.44,0.81,Debt : Gilt,Nil
Aditya Birla SL CRISIL IBX SDL Jun 2032 Index Fund-Reg(G),Bhupesh Bameta,DT-LD,0,161.3,0.57,14-02-2023,CRISIL IBX SDL Index - June 2032,12.42,12.45,11.1,1.7,5.18,6.64,11.86,9.25,0,0,0,0,0,0,0,0,0,0,0,None,6.71,5.16,6.67,0.03,0.42,0.8,0.81,2.15,Debt : Long Duration,Nil
Aditya Birla SL CRISIL Liquid Overnight ETF,Sanjay Pawar,DT-ON,0,40.2,0.43,13-03-2023,CRISIL Liquid Overnight Index,1000,1000,1000,0.45,1.38,2.9,5.98,6.18,0,0,0,0,0,0,0,0,0,0,0,None,0,0,0,-0.02,-1.2,-0.14,0.97,0.1,Debt : Overnight,null
Aditya Birla SL CRISIL-IBX AAA Financial Services Index-Sep 2027 Fund-Reg(G),Harshil Suvarnkar,DT-M&LD,0,79.2,0.44,13-11-2024,CRISIL IBX AAA Financial Services Index - Sep 2027,10.53,10.53,10,0.9,3.11,4.83,0,0,0,0,0,0,0,0,0,0,0,0,0,None,2.2,1.87,7.25,0,0,0,0,0,Debt : Medium to Long Duration,NIL
Aditya Birla SL CRISIL-IBX AAA NBFC-HFC Index-Dec 2025 Fund-Reg(G),Sanjay Godambe,DT-SD,0,352.4,0.4,15-10-2024,CRISIL-IBX AAA NBFC-HFC Index - Dec 2025,10.5,10.5,10,0.66,2.28,4.02,0,0,0,0,0,0,0,0,0,0,0,0,0,None,0.55,0.52,7.1,0,0,0,0,0,Debt : Short Duration,NIL
Aditya Birla SL CRISIL-IBX AAA NBFC-HFC Index-Sep 2026 Fund-Reg(G),Harshil Suvarnkar,DT-SD,0,215.2,0.45,08-10-2024,CRISIL-IBX AAA NBFC-HFC Index - Sep 2026,10.56,10.56,10,0.74,2.64,4.36,0,0,0,0,0,0,0,0,0,0,0,0,0,None,1.22,1.07,7.3,0,0,0,0,0,Debt : Short Duration,Nil
Aditya Birla SL CRISIL-IBX Financial Services 3 to 6 Months Debt Index Fund-Reg(G),Harshil Suvarnkar,DT-USD,0,3232.4,0.36,17-12-2024,CRISIL-IBX Financial Services 3 to 6 Months Debt Index,10.37,10.37,10,0.63,2.13,0,0,0,0,0,0,0,0,0,0,0,0,0,0,None,0.31,0.29,6.89,0,0,0,0,0,Debt : Ultra Short Duration,Nil
Aditya Birla SL CRISIL-IBX Financial Services 9-12 Months Debt Index Fund-Reg(G),Sanjay Pawar,DT-LOWD,0,1097.7,0.35,21-03-2025,CRISIL-IBX Financial Services 9-12 Months Debt Index,10.21,10.21,10,0.75,0,0,0,0,0,0,0,0,0,0,0,0,0,0,0,None,0.88,0.84,7.03,0,0,0,0,0,Debt : Low Duration,NIL
Aditya Birla SL Digital India Fund(G),Kunal Sangoi,EQ-TECH,0,4540.3,1.9,15-01-2000,BSE TECk Index - TRI,167.22,197.62,144.74,5.3,4.43,-11.65,12.25,16.07,12.55,26.58,17.33,29.07,5.66,38,39,144025,61.7,12.49,19.36,Technology,0,0,0,0.16,0.13,0.26,1,17.87,Equity : Sectoral - Technology,1% on or before 30D Nil after 30D
Aditya Birla SL Dividend Yield Fund(G),Dhaval Gala,EQ-DIV,0,1415.7,2.23,10-02-2003,NIFTY 500 - TRI,436.36,497.49,392.72,4.25,10.24,-6.32,1.07,23.93,22.18,25.59,12.01,16.84,3.16,31,57,140828,62.48,8.33,19.51,Energy,0,0,0,0.34,0.32,0.65,0.97,14.4,Equity : Thematic - Dividend Yield,1% on or before 90D Nil after 90D
Aditya Birla SL Dynamic Bond Fund-Reg(G),Mohit Sharma,DT-DYN,1,1950.2,1.23,27-09-2004,NIFTY Composite Debt Index,46.84,46.84,42.08,0.96,5.15,6.05,10.75,8.91,9.38,7.83,6.61,0,0,0,0,0,0,0,0,None,11.38,6.84,7.15,0.08,0.31,0.8,0.67,2.52,Debt : Dynamic Bond,Nil upto 15% of units0.50% in excess of limit on or before 90D and Nil after 90D
Aditya Birla SL ELSS Tax Saver Fund(G),Dhaval Shah,EQ-ELSS,1,14818.3,1.7,10-03-2008,NIFTY 500 - TRI,59.13,62.96,51.31,4.36,14.29,-0.19,6.13,19.73,15.37,15.8,10.62,24.37,3.52,29,63,204301,67.22,17.01,14.15,Financials,0,0,0,-0.17,0.2,0.42,0.93,13.03,Equity : Tax Saving (ELSS),Nil
Aditya Birla SL Equity Advantage Fund(G),Vishal Gajwani,EQ-L&M,4,5491.5,1.92,24-02-1995,NIFTY LargeMidcap 250 - TRI,887.91,960.8,761.22,4.89,15.42,-2.25,3.3,18.7,16.01,20.73,11.47,25.49,3.59,38,72,117675,50.69,36.99,9.95,Financials,0,0,0,-0.45,0.18,0.36,1,14.83,Equity : Large & Mid Cap,1% on or before 90D Nil after 90D
Aditya Birla SL Equity Hybrid 95 Fund(G),Chanchal Khandelwal,HY-EQ,4,7318.7,1.86,10-02-1995,CRISIL Hybrid 35+65 - Aggressive Index,1499.75,1557.86,1346.17,2.44,10.82,-0.21,6.75,16.81,14.08,18.44,10.37,26.12,3.87,60,77,236707,58.36,9.05,8.55,Financials,5.66,4.06,7.13,-0.1,0.22,0.46,1.07,10.08,Hybrid : Equity Oriented,1% on or before 90D Nil after 90D
Aditya Birla SL Equity Savings Fund-Reg(G),Lovelish Solanki,HY-EQ,2,629.3,1.11,28-11-2014,NIFTY 50 Equity Savings Index - TRI,21.74,21.76,20.09,0.93,4.22,3.53,7.52,9.85,9.32,10.48,7.6,17.89,2.46,679,73,294449,51.5,14.07,3.28,Financials,4.25,3.41,6.54,0.01,0.2,0.45,0.27,3.92,Hybrid : Equity Oriented,0.25% on or before 7D Nil after 7D
Aditya Birla SL ESG Integration Strategy Fund-Reg(G),Chanchal Khandelwal,EQ-THEM,0,621.8,2.45,24-12-2020,NIFTY100 ESG - TRI,17.44,18.95,15.49,2.6,11.13,-4.03,10.77,18.65,15.64,0,0,26.7,3.9,0,53,191493,65.99,19.09,10.6,Financials,0,0,0,0.02,0.19,0.41,0.98,14.3,Equity : Thematic,1% on or before 30D Nil after 30D
Aditya Birla SL Flexi Cap Fund(G),Harish krishnan,EQ-FLEX,3,22414,1.68,27-08-1998,NIFTY 500 - TRI,1761.92,1853.62,1533.03,2.81,14.64,0.67,10.59,22.12,18.96,22.9,13.85,26.01,3.69,40,76,175861,69.95,17.89,10.01,Financials,0,0,0,0.09,0.27,0.6,0.92,13.02,Equity : Flexi Cap,1% on or before 90D Nil after 90D
Aditya Birla SL Floating Rate Fund(G),Kaustubh Gupta,DT-FL,3,13658.2,0.43,25-03-2009,NIFTY Low Duration Debt Index,347.17,347.17,319.53,0.86,2.79,4.51,8.59,8.05,7.62,6.52,7.39,0,0,0,0,0,0,0,0,None,1.91,1.04,7.05,0.06,0.47,0.28,0.74,0.56,Debt : Floater,Nil
Aditya Birla SL Focused Fund(G),Kunal Sangoi,EQ-LC,3,7595.1,1.82,24-10-2005,NIFTY 500 - TRI,139.32,148.29,123.25,2.37,11.98,-0.29,8.7,21.15,17.51,21.37,12.48,24.64,3.61,35,30,309049,82.1,12.33,1.96,Financials,0,0,0,0.06,0.26,0.59,0.89,12.61,Equity : Large Cap,1% on or before 90D Nil after 90D
Aditya Birla SL Frontline Equity Fund(G),Mahesh Patil,EQ-LC,4,29220.2,1.65,30-08-2002,NIFTY 100 - TRI,517.41,550.82,457.69,1.67,12.58,0.04,7.39,19.24,17.33,22.01,12.27,23.06,3.56,53,76,313731,83.71,3.8,7.08,Financials,0,0,0,0.17,0.26,0.58,0.93,12.39,Equity : Large Cap,1% on or before 90D Nil after 90D
Aditya Birla SL G-Sec Fund(G),Bhupesh Bameta,DT-GILT,3,2463.2,1.14,11-10-1999,Nifty All Duration G-Sec Index,82.35,82.68,74.77,0.08,5.28,5.25,9.66,8.65,8.41,6.04,8.01,0,0,0,0,0,0,0,0,None,28.38,11.35,6.82,-0.02,0.22,0.51,0.78,2.49,Debt : Gilt,Nil
Aditya Birla SL Income Fund(G),Bhupesh Bameta,DT-M&LD,5,2317.2,1.16,21-10-1995,CRISIL Medium to Long Term Debt Index,126.64,126.84,114.96,0.69,4.46,5.3,9.76,8.02,7.99,6.5,7.22,0,0,0,0,0,0,0,0,None,15.71,6.73,6.93,-0.03,0.21,0.43,0.67,1.94,Debt : Medium to Long Duration,Nil
Aditya Birla SL India GenNext Fund(G),Chanchal Khandelwal,EQ-CONS,3,5966.9,1.85,05-08-2005,Nifty India Consumption - TRI,210.92,236.16,186.54,1.54,12.5,-1.85,8.8,18.48,17.87,21.91,14.42,37.05,5.82,14,76,154963,66.64,20.58,11.83,FMCG,0,0,0,-0.04,0.26,0.52,0.89,13.46,Equity : Thematic - Consumption,1% on or before 30D Nil after 30D
Aditya Birla SL Infrastructure Fund(G),Mahesh Patil,EQ-INFRA,4,1065.4,2.3,17-03-2006,Nifty Infrastructure - TRI,93.42,102.31,77.08,7.33,20.16,-4.66,-4.85,25.94,27.59,31.88,13.37,25.38,3.38,51,60,65112,45.62,15.49,33.78,Capital Goods,0,0,0,0.24,0.33,0.62,0.97,16.85,Equity : Sectoral - Infrastructure,1% on or before 30D Nil after 30D
Aditya Birla SL Intl. Equity Fund(G),Dhaval Joshi,EQ-INTL,0,193,2.54,31-10-2007,S&P Global 1200,39.87,39.87,32.33,6.18,4.37,11.68,21.59,15.4,10.62,11.2,8.7,0,0,55,74,0,0,0,0,None,0,0,0,0,0.11,0.22,0.63,15.78,Equity : International,1% on or before 30D Nil after 30D
Aditya Birla SL Liquid Fund(G),Kaustubh Gupta,DT-LIQ,3,44545.6,0.34,30-03-2004,Nifty Liquid Fund Index,418.95,418.95,390.75,0.56,1.83,3.58,7.24,7.23,6.93,5.49,6.28,0,0,0,0,0,0,0,0,None,0.12,0.12,6.59,0.01,0.22,0.07,0.3,0.26,Debt : Liquid,0.007% for Day 1 0.0065% on Day 2 0.0060% on Day 3 0.0055% on Day 4 0.0050% on Day 5 0.0045% on Day 6 NIL after 7D
Aditya Birla SL Long Duration Fund-Reg(G),Harshil Suvarnkar,DT-LD,0,196.7,1.09,08-08-2022,NIFTY Long Duration Debt Index,13,13.02,11.64,0.58,5.81,5.98,11.02,9.08,0,0,0,0,0,0,0,0,0,0,0,None,22.18,9.39,6.76,0.02,0.28,0.66,1.07,3.09,Debt : Long Duration,Nil
Aditya Birla SL Low Duration Fund(G),Kaustubh Gupta,DT-LOWD,3,13528.2,1.2,14-05-1998,NIFTY Low Duration Debt Index,654.92,654.92,607.86,0.78,2.51,4.05,7.69,7.2,6.85,5.89,6.75,0,0,0,0,0,0,0,0,None,1.18,0.92,7.08,0,0.11,0.07,0.73,0.51,Debt : Low Duration,Nil
Aditya Birla SL Medium Term Plan-Reg(G),Sunaina da Cunha,DT-MD,2,2504.2,1.55,25-03-2009,CRISIL Medium Duration Debt Index,39.89,39.89,34.7,1.16,3.88,7.55,14.61,10.48,14.91,13.56,8.7,0,0,0,1,0,0,0,0,None,4.83,3.6,7.68,0.51,0.26,1.95,0.86,9.35,Debt : Medium Duration,Nil upto 15% of units For remaining units 2% on or before 1Y 1 % after 1Y but on or before 2Y Nil after 2Y
Aditya Birla SL Mfg. Equity Fund-Reg(G),Harish krishnan,EQ-CONS,4,991.8,2.31,03-02-2015,BSE India Manufacturing Index - TRI,31.45,35.02,26.85,6.91,15.99,-5.16,3.07,24.54,19.89,21.36,12.04,29.06,3.66,45,60,63595,41.08,27.04,30.74,Automobile and Ancillaries,0,0,0,1.9,0.26,0.51,1.02,15.14,Equity : Thematic - Consumption,1% on or before 90D Nil after 90D
Aditya Birla SL Midcap Fund(G),Vishal Gajwani,EQ-MID,2,5645.7,1.9,03-10-2002,Nifty Midcap 150 - TRI,771.53,842.23,655.82,5.95,16.53,-2.7,8.21,25.91,21.07,28.65,13.5,30.71,4.09,53,75,50002,14.2,72.72,10.5,Financials,0,0,0,-0.24,0.27,0.55,0.9,15.45,Equity : Mid Cap,1% on or before 90D Nil after 90D
Aditya Birla SL MNC Fund-Reg(G),Chanchal Khandelwal,EQ-MNC,0,3417.2,2.02,27-12-1999,NIFTY MNC - TRI,1330.27,1477.27,1145.73,7.99,15.87,-4.17,2.67,18.24,13.83,13.62,8.66,41.88,6.82,15,70,35782,19.79,39.13,38.71,FMCG,0,0,0,-0.24,0.15,0.3,0.92,14.12,Equity : Thematic - MNC,1% on or before 90D Nil after 90D
Aditya Birla SL Money Manager Fund(G),Kaustubh Gupta,DT-MM,5,26590.4,0.35,13-10-2005,CRISIL Money Market Index,369.01,369.01,341.34,0.72,2.43,4.21,8.09,7.79,7.44,6.11,6.91,0,0,0,0,0,0,0,0,None,0.65,0.65,6.91,0.05,0.53,0.23,0.59,0.42,Debt : Money Market,Nil
Aditya Birla SL Multi Asset Allocation Fund-Reg(G),Dhaval Gala,HY-MULTI,0,3944.9,1.83,31-01-2023,BSE 200,14.51,14.54,12.92,2.44,10.66,3.5,10.4,16.88,0,0,0,25.26,3.74,0,57,216979,49.48,9.38,6.51,Financials,1.74,1.58,6.93,0.22,0.37,0.84,0.64,8.49,Hybrid : Multi Asset Allocation,1% on or before 365D Nil after 365D
Aditya Birla SL Multi-Cap Fund-Reg(G),Abhinav Khandelwal,EQ-MLC,0,6066.1,1.85,07-05-2021,Nifty500 Multicap 50:25:25 - TRI,19.15,20.72,16.51,4.95,15.42,-3.49,5.18,20.81,18.32,0,0,26.41,3.83,52,85,93953,47.36,28.5,21.64,Financials,0,0,0,-0.09,0.25,0.49,0.91,13.79,Equity : Multi Cap,1% on or before 90D Nil after 90D
Aditya Birla SL Nifty 50 Equal Weight Index Fund-Reg(G),Priya Sridhar,EQ-INDX,0,384.1,1.02,08-06-2021,NIFTY50 Equal Weight - TRI,17.24,18.92,15.47,1.78,10.81,0.91,4.5,19.07,18.23,0,0,24.27,3.32,44,50,282478,95.12,4.6,0,Financials,0,0,0,-0.1,0.26,0.57,1,13.26,Equity : Index Funds,Nil
Aditya Birla SL Nifty 50 Index Fund-Reg(G),Priya Sridhar,EQ-INDX,3,1039.9,0.47,18-09-2002,NIFTY 50 - TRI,248.39,263.52,222.4,1.01,11.11,0.61,6.15,15.89,14.69,20.24,11.69,22.53,3.38,11,50,563967,99.01,0.95,0,Financials,0,0,0,-0.05,0.21,0.48,1,12.47,Equity : Index Funds,Nil
Aditya Birla SL Nifty India Defence Index Fund-Reg(G),Priya Sridhar,EQ-INDX,0,461.5,1.06,30-08-2024,Nifty India Defence - TRI,12.62,12.62,7.33,24.74,68.22,29.16,0,0,0,0,0,51.36,9.93,0,18,81193,63.72,13.76,22.52,Capital Goods,0,0,0,0,0,0,0,0,Equity : Index Funds,0.05% on or before 30D Nil after 30D
Aditya Birla SL Nifty Midcap 150 Index Fund-Reg(G),Priya Sridhar,EQ-INDX,0,330.9,1.01,05-04-2021,Nifty Midcap 150 - TRI,23.43,24.82,19.54,7.18,18.79,-0.97,5.85,29.14,26.05,0,0,29.85,4.03,0,150,57970,11.23,83.64,4.99,Financials,0,0,0,-0.07,0.32,0.66,1,16.45,Equity : Index Funds,0.25% on or before 15D Nil after 15D
Aditya Birla SL Nifty Next 50 Index Fund-Reg(G),Priya Sridhar,EQ-INDX,0,209.7,0.26,18-02-2022,NIFTY NEXT 50 - TRI,16.15,18.87,13.8,3.43,15.47,-7.63,-6.1,24.89,19.8,0,0,22.22,3.5,0,51,121412,90.25,8.8,0,Financials,0,0,0,-0.1,0.21,0.38,1,18.87,Equity : Index Funds,Nil
Aditya Birla SL Nifty SDL Apr 2027 Index Fund-Reg(G),Bhupesh Bameta,DT-M&LD,0,3869.4,0.51,28-01-2022,Nifty SDL Apr 2027 Index,12.3,12.3,11.29,0.99,2.87,4.57,8.84,7.64,7.83,0,0,0,0,0,0,0,0,0,0,None,1.59,1.46,6.32,-0.02,0.2,0.29,0.45,1.46,Debt : Medium to Long Duration,Nil
Aditya Birla SL Nifty SDL Plus PSU Bond Sep 2026 60:40 Index Fund-Reg(G),Mohit Sharma,DT-M&LD,0,9223.8,0.35,24-09-2021,Nifty SDL Plus PSU Bond Sep 2026 60:40 Index,12.31,12.31,11.34,0.88,2.71,4.38,8.52,7.52,7.6,0,0,0,0,0,0,0,0,0,0,None,1.19,1.09,6.54,-0.02,0.18,0.24,0.39,1.28,Debt : Medium to Long Duration,Nil
Aditya Birla SL Nifty SDL Sep 2025 Index Fund-Reg(G),Bhupesh Bameta,DT-MD,0,36.8,0.34,28-09-2022,Nifty SDL Sep 2025 Index,12.04,12.04,11.24,0.52,1.63,3.25,7.07,6.85,0,0,0,0,0,0,0,0,0,0,0,None,0.17,0.17,6.09,0.01,0.29,0.21,0.17,0.63,Debt : Medium Duration,Nil
Aditya Birla SL Nifty SDL Sep 2027 Index Fund-Reg(G),Harshil Suvarnkar,DT-MD,0,35.9,0.5,10-03-2023,Nifty SDL Sep 2027 Index,12.04,12.04,10.99,1.16,3.35,5.11,9.5,8.01,0,0,0,0,0,0,0,0,0,0,0,None,2.22,2.02,6.33,0.03,0.44,0.55,0.4,1.13,Debt : Medium Duration,Nil
Aditya Birla SL Nifty Smallcap 50 Index Fund-Reg(G),Priya Sridhar,EQ-INDX,0,212.3,1.01,05-04-2021,Nifty Smallcap 50 - TRI,20.83,22.62,16.93,9.52,21.91,-5.67,9.67,34.9,26.85,0,0,31.39,3.42,0,50,21514,0,9.56,90.38,Financials,0,0,0,-0.12,0.26,0.52,0.99,20.13,Equity : Index Funds,0.25% on or before 15D Nil after 15D
Aditya Birla SL Overnight Fund-Reg(G),Kaustubh Gupta,DT-ON,4,7174.1,0.19,01-11-2018,CRISIL Liquid Overnight Index,1384.87,1384.87,1301.91,0.48,1.49,3.09,6.39,6.54,6.31,5.03,0,0,0,0,0,0,0,0,0,None,0.01,0.01,6.05,-0.02,-0.63,-0.16,0.95,0.18,Debt : Overnight,Nil
Aditya Birla SL Pharma & Healthcare Fund-Reg(G),Dhaval Shah,EQ-PHRM,0,818.3,2.33,10-07-2019,BSE Health Care - TRI,29.82,32.74,26.49,0.13,8.18,-4.46,13.5,29.7,21.84,18.59,0,37.51,5.95,26,28,65037,46.68,29.2,22.34,Healthcare,0,0,0,-0.18,0.28,0.64,0.94,14.44,Equity : Sectoral - Pharma,1% on or before 30D Nil after 30D
Aditya Birla SL PSU Equity Fund-Reg(G),Dhaval Gala,EQ-THEM,0,5390.8,1.8,30-12-2019,BSE PSU - TRI,32.92,37.55,27.27,3.07,19.96,-2.49,-11.47,35.82,31.73,32.68,0,11.03,1.65,16,35,157463,66.49,20.1,9.61,Energy,0,0,0,-0.19,0.32,0.75,0.96,21.19,Equity : Thematic,1% on or before 30D Nil after 30D
Aditya Birla SL Pure Value Fund(G),Kunal Sangoi,EQ-VAL,3,5826.4,1.9,27-03-2008,NIFTY 500 - TRI,123.22,136.82,105.91,5.86,16.08,-5.06,3.99,24.27,23.19,26.7,12.68,20.5,3.04,54,77,78578,46.27,14.59,37.91,Financials,0,0,0,0.23,0.29,0.57,1.07,15.77,Equity : Value / Contra,1% on or before 90D Nil after 90D
Aditya Birla SL Quant Fund-Reg(G),Harish krishnan,EQ-THEM,0,2446.8,1.97,28-06-2024,NIFTY 200 - TRI,9.2,10.71,8.2,1.1,10.91,-5.08,0,0,0,0,0,28.67,4.08,0,42,159948,61.24,36.12,1.88,Financials,0,0,0,0,0,0,0,0,Equity : Thematic,0.50% on or before 90D Nil after 90D
Aditya Birla SL Regular Savings Fund(G),Mohit Sharma,HY-DT(CO),3,1384.5,1.92,22-05-2004,CRISIL Hybrid 85+15 - Conservative Index,66.4,66.43,60.07,1.27,5.48,3.33,9.56,10.39,9.75,12.15,8.46,25.36,3.71,139,36,248675,16.57,2.66,2.54,Financials,8.3,5.08,7.24,-0.03,0.25,0.64,1.01,3.49,Hybrid : Debt Oriented (Conservative),1% on or before 90D Nil after 90D
Aditya Birla SL Retirement Fund-30-Reg(G),Jonas Bhutta,HY-SOL,3,379.6,2.41,11-03-2019,NIFTY 500 - TRI,19.51,20.52,16.54,5.89,17.45,-1.24,6.74,20.32,16.27,16.25,0,0,0,90,73,89302,48.63,24.32,25.33,Financials,0,0,0,-0.12,0.21,0.43,0.94,13.49,Hybrid : Solution Oriented,Nil
Aditya Birla SL Retirement Fund-40-Reg(G),Chanchal Khandelwal,HY-SOL,0,112.4,2.38,11-03-2019,CRISIL Hybrid 35+65 - Aggressive Index,18.58,18.81,16.52,2.69,11.45,1.07,8.79,18.4,14.66,14.12,0,0,0,27,47,176435,50.64,13.26,14.58,Financials,8.73,4.46,6.35,-0.03,0.23,0.51,1.07,10.38,Hybrid : Solution Oriented,Nil
Aditya Birla SL Retirement Fund-50 Plus-Debt Plan-Reg(G),Harshil Suvarnkar,HY-SOL,0,17.7,2.07,11-03-2019,CRISIL Short Term Bond Index,13.2,13.2,12.32,0.58,2.76,3.73,7.08,5.95,5.89,4.13,0,0,0,0,0,0,0,0,0,None,6.15,3.3,6.3,-0.16,-0.16,-0.28,1.32,1.27,Hybrid : Solution Oriented,Nil
Aditya Birla SL Retirement Fund-50-Reg(G),Mohit Sharma,HY-SOL,0,26.2,1.93,11-03-2019,CRISIL Short Term Debt Hybrid 75+25 Index,14.43,14.43,13.32,1.21,5.23,2.15,7.24,9.75,8.92,5.63,0,0,0,12,39,173624,17.19,3.69,4.02,Financials,3.43,2.63,6.27,-0.09,0.18,0.42,0.94,3.66,Hybrid : Solution Oriented,Nil
Aditya Birla SL Savings Fund-Reg(G),Kaustubh Gupta,DT-USD,5,18981.3,0.54,16-04-2003,NIFTY Ultra Short Duration Debt Index,546.15,546.15,505.19,0.74,2.37,4.18,8.08,7.74,7.29,6.22,7.16,0,0,0,0,0,0,0,0,None,0.54,0.46,7.27,0.04,0.46,0.2,0.55,0.41,Debt : Ultra Short Duration,Nil
Aditya Birla SL Short Term Fund(G),Kaustubh Gupta,DT-SD,4,9192.8,0.99,09-05-2003,Nifty Short Duration Debt Index,47.68,47.68,43.49,1.01,3.58,5.12,9.43,8.09,7.74,7.06,7.48,0,0,0,0,0,0,0,0,None,3.73,2.87,7.19,0.05,0.29,0.34,1.34,0.99,Debt : Short Duration,Nil
Aditya Birla SL Small Cap Fund(G),Abhinav Khandelwal,EQ-SML,1,4531.4,1.93,31-05-2007,BSE 250 Small Cap - TRI,84.85,94.03,69.18,9.34,22.28,-5.95,5.39,21.93,20.83,29.29,13.26,27.77,3.62,41,86,15848,3.59,15.29,77.42,Financials,0,0,0,-0.11,0.23,0.42,0.89,17.35,Equity : Small Cap,1% on or before 90D Nil after 90D
Aditya Birla SL Special Opp Fund-Reg(G),Dhaval Gala,EQ-THEM,0,753.1,2.41,23-10-2020,BSE 500 - TRI,23.85,25.56,20.92,3.35,12.52,-1.78,9.15,24.06,18.91,0,0,26.59,3.43,27,61,115303,53.8,17.42,25.85,Financials,0,0,0,0.11,0.26,0.55,0.97,13.91,Equity : Thematic,1% on or before 30D Nil after 30D
Aditya Birla SL Transportation and Logistics Fund-Reg(G),Dhaval Gala,EQ-AUTO,0,1377.5,2.14,17-11-2023,Nifty Transportation & Logistics - TRI,13.41,16.02,11.41,6.49,14.66,-5.41,-3.34,0,0,0,0,26.27,4.31,0,32,96697,63.76,14.61,19.55,Automobile and Ancillaries,0,0,0,-0.29,0.2,0.34,0.98,18.57,Equity : Sectoral - Auto,1% on or before 365D Nil after 365D
Angel One Nifty 50 Index Fund-Reg(G),Mehul Dama,EQ-INDX,0,0,0,22-05-2025,NIFTY 50 - TRI,10.02,10.09,9.98,0,0,0,0,0,0,0,0,0,0,0,0,0,0,0,0,None,0,0,0,0,0,0,0,0,Equity : Index Funds,NIL
Angel One Nifty Total Market Index Fund-Reg(G),Mehul Dama,EQ-INDX,0,34.4,1.03,28-02-2025,Nifty Total Market - TRI,11.48,11.51,10,3.58,14.28,0,0,0,0,0,0,23.79,3.41,0,753,197289,70.17,16.79,12.76,Financials,0,0,0,0,0,0,0,0,Equity : Index Funds,Nil
Axis Aggressive Hybrid Fund-Reg(G),Jayesh Sundar,HY-EQ,3,1548.8,2.15,09-08-2018,CRISIL Hybrid 35+65 - Aggressive Index,20.26,21.09,18.1,1.91,10.85,0,9.71,14.76,12.01,15.36,0,24.72,3.75,0,76,243944,55.12,6.79,10.94,Financials,13.65,6.07,7.53,-0.24,0.17,0.37,1.09,10.42,Hybrid : Equity Oriented,Nil for 10% of investments and 1% for remaining investments on or before 12M Nil after 12M
Axis Arbitrage Fund-Reg(G),Karthik Kumar,HY-ARB,3,6299.3,1.02,14-08-2014,Nifty 50 Arbitrage,18.61,18.61,17.42,0.38,1.79,3.34,7.04,7.28,6.63,5.4,5.71,18.77,2.58,0,159,203730,44.85,17.2,4.39,Financials,0.67,0.62,6.77,-0.03,-0.05,-0.04,0.64,0.58,Hybrid : Arbitrage,0.25% on or before 15D Nil after 15D
Axis Balanced Advantage Fund-Reg(G),Jayesh Sundar,HY-DYN,2,2935.4,1.97,01-08-2017,NIFTY 50 Hybrid Composite Debt 50:50 Index,20.82,20.97,18.57,0.92,7.61,1.27,9.37,17.69,15.02,14.12,0,23.05,3.52,0,93,374104,59.32,5.57,3.26,Financials,13.35,5.75,6.99,0.23,0.31,0.74,0.6,7.89,Hybrid : Dynamic Asset Allocation,Nil for 10% of investments and 1% for remaining investments on or before 12M Nil after 12M
Axis Banking & PSU Debt Fund-Reg(G),Aditya Pagaria,DT-B&PSU,3,13313.3,0.63,08-06-2012,NIFTY Banking and PSU Debt Index,2642.88,2642.88,2413.14,1.07,3.68,5.17,9.37,7.83,7.25,6.19,7.37,0,0,0,0,0,0,0,0,None,3.65,2.77,6.76,-0.03,0.14,0.18,0.28,1.05,Debt : Banking & PSU,Nil
Axis BSE Sensex Index Fund-Reg(G),Karthik Kumar,EQ-INDX,0,47.7,0.7,27-02-2024,BSE SENSEX - TRI,11.15,11.8,10.03,0.52,10.61,-0.03,5.95,0,0,0,0,22.51,3.47,0,30,699595,99.38,0.59,0,Financials,0,0,0,0.05,0.1,0.2,1.01,12.09,Equity : Index Funds,0.25% on or before 7D Nil after 7D
Axis Business Cycles Fund-Reg(G),Ashish Naik,EQ-THEM,0,2330,2.01,22-02-2023,NIFTY 500 - TRI,16.21,17.26,13.87,4.81,16.03,-2.06,4.47,21.46,0,0,0,26.81,3.99,87,85,170772,64.83,10.62,19.3,Financials,0,0,0,0.06,0.36,0.65,1,13.5,Equity : Thematic,Nil for 10% of investment and 1% for remaining investments on or before 12M Nil after 12M
Axis Childrens Fund-Compulsory Lock in-Reg(G),Jayesh Sundar,HY-SOL,4,885.7,2.3,08-12-2015,NIFTY 50 Hybrid Composite Debt 65:35 Index,25.83,26.64,22.8,2.34,10.71,0.02,10.37,13.54,11.13,14.89,0,0,0,0,74,232876,49.68,8.21,9.31,Financials,19.93,8.27,6.71,-0.19,0.14,0.31,0.75,10.12,Hybrid : Solution Oriented,NIL
Axis Childrens Fund-No Lock in-Reg(G),Jayesh Sundar,HY-SOL,3,885.7,2.3,08-12-2015,NIFTY 50 Hybrid Composite Debt 65:35 Index,25.82,26.64,22.79,2.34,10.71,0.02,10.37,13.54,11.13,14.89,0,0,0,0,74,232876,49.68,8.21,9.31,Financials,19.93,8.27,6.71,-0.19,0.14,0.31,0.75,10.12,Hybrid : Solution Oriented,3% on or before 1Y 2% after 1Y but on or before 2Y 1% after 2Y but on or before 3Y Nil after 3Y
Axis Conservative Hybrid Fund-Reg(G),Devang Shah,HY-DT(CO),3,274.9,2.19,16-07-2010,NIFTY 50 Hybrid Composite Debt 15:85 Index,30.04,30.11,27.41,0.72,5.6,4.07,9.05,8.85,8.22,8.91,6.98,21.9,3.33,0,32,390567,18.93,1.42,1.12,Financials,12.85,6.3,7.07,-0.08,0.13,0.31,0.88,3.74,Hybrid : Debt Oriented (Conservative),Nil upto 10% of investments and 1% for remaining investments on or before 1M Nil after 1M
Axis Consumption Fund-Reg(G),Shreyash Devalkar,EQ-CONS,0,4114.2,1.85,12-09-2024,Nifty India Consumption - TRI,9.19,10.34,8.31,0.99,9.58,-5.38,0,0,0,0,0,42.78,7.81,0,72,185097,75.78,10.18,8.84,FMCG,0,0,0,0,0,0,0,0,Equity : Thematic - Consumption,Nil for 10% of investments and 1% for remaining on or before 12M Nil after 12M
Axis Corp Bond Fund-Reg(G),Devang Shah,DT-CORP,4,6773.2,0.91,13-07-2017,NIFTY Corporate Bond Index,17.15,17.15,15.55,1.16,4.1,5.57,10.03,8.37,7.85,6.85,0,0,0,0,0,0,0,0,0,None,5.02,3.8,6.91,0,0.27,0.37,0.35,1.16,Debt : Corporate Bond,Nil
Axis Credit Risk Fund-Reg(G),Devang Shah,DT-CR,4,363.1,1.57,15-07-2014,CRISIL Credit Risk Debt Index,21.38,21.38,19.56,0.95,3.27,4.78,9.17,8.05,7.68,7.05,6.9,0,0,0,0,0,0,0,0,None,3.56,2.73,7.84,0.02,0.33,0.32,0.25,0.85,Debt : Credit Risk,Nil for 10% of investments and 1% for remaining investment on or before 12M Nil after 12M
Axis CRISIL IBX 50:50 Gilt Plus SDL June 2028 Index Fund-Reg(G),Hardik Shah,DT-M&LD,0,77,0.37,24-01-2023,CRISIL IBX 50:50 Gilt Plus SDL Index - June 2028,12.12,12.12,10.98,1.2,3.69,5.51,10.2,8.35,0,0,0,0,0,0,0,0,0,0,0,None,2.88,2.53,6.28,0.02,0.41,0.61,0.71,1.34,Debt : Medium to Long Duration,Nil
Axis CRISIL IBX 50:50 Gilt Plus SDL Sep 2027 Index Fund-Reg(G),Aditya Pagaria,DT-M&LD,0,33.4,0.4,27-02-2023,CRISIL IBX 50:50 Gilt Plus SDL Index - September 2027,12.05,12.05,11,1.09,3.31,5.06,9.43,7.94,0,0,0,0,0,0,0,0,0,0,0,None,2.13,1.9,6.23,0.03,0.46,0.55,0.55,1.1,Debt : Medium to Long Duration,Nil
Axis CRISIL IBX 70:30 CPSE Plus SDL April 2025 Index Fund-Reg(G),Devang Shah,DT-MD,0,452.2,0.27,28-01-2022,CRISIL IBX 70:30 CPSE Plus SDL - April 2025,11.95,11.95,11.23,0.56,1.66,3.4,7.19,6.98,6.13,0,0,0,0,0,0,0,0,0,0,None,0.01,0.01,5.97,0.03,0.36,0.49,0.34,1.56,Debt : Medium Duration,Nil
Axis CRISIL IBX SDL June 2034 Debt Index Fund-Reg(G),Hardik Shah,DT-LD,0,15.2,0.45,21-03-2024,CRISIL IBX SDL Index - June 2034,11.41,11.41,10.15,0.95,5.35,6.35,11.86,0,0,0,0,0,0,0,0,0,0,0,0,None,8.72,6.26,6.77,0.01,0.57,1.13,0.87,2.35,Debt : Long Duration,Nil
Axis CRISIL IBX SDL May 2027 Index Fund-Reg(G),Hardik Shah,DT-M&LD,0,2243.1,0.29,23-02-2022,CRISIL IBX SDL Index - May 2027,12.28,12.28,11.2,1.1,3.18,5.01,9.44,8.09,8.2,0,0,0,0,0,0,0,0,0,0,None,1.93,1.74,6.37,0,0.25,0.38,0.45,1.54,Debt : Medium to Long Duration,Nil
Axis CRISIL-IBX AAA Bond Financial Services - Sep 2027 Index Fund-Reg(G),Aditya Pagaria,DT-M&LD,0,108.1,0.25,22-11-2024,CRISIL IBX AAA Financial Services Index - Sep 2027,10.54,10.54,10,1,3.37,5.07,0,0,0,0,0,0,0,0,0,0,0,0,0,None,2.17,1.85,7.07,0,0,0,0,0,Debt : Medium to Long Duration,NIL
Axis CRISIL-IBX AAA Bond NBFC - Jun 2027 Index Fund-Reg(G),Aditya Pagaria,DT-M&LD,0,738.2,0.48,24-09-2024,CRISIL IBX AAA NBFC Index - Jun 2027,10.64,10.64,10,0.83,2.89,4.58,0,0,0,0,0,0,0,0,0,0,0,0,0,None,1.93,1.66,7.29,0,0,0,0,0,Debt : Medium to Long Duration,NIL
Axis CRISIL-IBX AAA Bond NBFC-HFC - Jun 2027 Index Fund-Reg(G),Aditya Pagaria,DT-SD,0,47.6,0.3,11-12-2024,CRISIL-IBX AAA NBFC-HFC Index - Jun 2027,10.46,10.46,10,0.89,2.98,0,0,0,0,0,0,0,0,0,0,0,0,0,0,None,1.89,1.6,7.23,0,0,0,0,0,Debt : Short Duration,NIL
Axis Dynamic Bond Fund-Reg(G),Devang Shah,DT-DYN,5,1337.3,0.63,27-04-2011,NIFTY Composite Debt Index,29.86,29.9,26.94,0.68,5.21,5.77,10.52,8.34,8.53,6.48,7.6,0,0,0,0,0,0,0,0,None,19.92,8.56,6.68,-0.02,0.23,0.49,0.71,2.27,Debt : Dynamic Bond,Nil
Axis ELSS Tax Saver Fund-Reg(G),Shreyash Devalkar,EQ-ELSS,3,34949.9,1.53,29-12-2009,NIFTY 500 - TRI,94.89,101.26,84.31,1.9,11.42,-1,8.38,17.64,15.38,17.31,11.92,30.71,4.9,47,85,258497,76.06,16.12,2.9,Financials,0,0,0,-0.18,0.19,0.39,0.93,14.13,Equity : Tax Saving (ELSS),Nil
Axis Equity Savings Fund-Reg(G),Mayank Hyanki,HY-EQ,2,941.6,2.27,14-08-2015,NIFTY 50 Equity Savings Index,21.97,22,20.22,0.97,5.63,0.97,6.71,12.12,10.62,11.72,0,24.03,3.07,0,91,384359,57.61,5.01,4.98,Financials,17.29,6.86,7.03,0.1,0.22,0.5,0.98,5.52,Hybrid : Equity Oriented,Nil upto 10% of investments and 1% for remaining investments on or before 1M Nil after 1M
Axis ESG Integration Strategy Fund-Reg(G),Vishal Agarwal,EQ-THEM,0,1232.3,2.24,12-02-2020,NIFTY100 ESG - TRI,20.86,23.28,19.2,1.16,8.03,-4.27,5.51,15.89,13.58,16.18,0,27.38,4.43,37,44,352023,84.76,5.34,2.12,Financials,0,0,0,0,0.19,0.37,0.88,12.89,Equity : Thematic,Nil for 10% of investment and 1% for remaining investment on or before 12M Nil after 12M
Axis Flexi Cap Fund-Reg(G),Sachin Relekar,EQ-FLEX,3,12352.6,1.73,17-11-2017,NIFTY 500 - TRI,26.15,27.86,22.53,4.2,14.89,-1.84,7.72,19.52,15.82,18.32,0,31.94,5.33,20,52,229964,69.57,9.49,12.15,Financials,0.67,0,0,-0.16,0.2,0.4,0.96,14.03,Equity : Flexi Cap,NIL for 10% of investments and 1% for remaining investments on or before 12M Nil after 12M
Axis Floater Fund-Reg(G),Aditya Pagaria,DT-FL,0,181.1,0.54,29-07-2021,NIFTY Long Duration Debt Index,1310.99,1313.07,1177.97,0.63,5.14,5.92,10.8,9.38,8.5,0,0,0,0,0,0,0,0,0,0,None,17.45,7.79,6.68,0.03,0.29,0.58,1.64,1.9,Debt : Floater,NIL
Axis Focused Fund-Reg(G),Sachin Relekar,EQ-MLC,3,12665,1.74,29-06-2012,NIFTY 500 - TRI,54.2,58.15,47.51,2.62,12.95,-0.88,7.36,15.35,11.75,15.69,11.66,32.85,5.34,36,24,315980,79.47,11.6,1.21,Financials,0,0,0,-0.47,0.12,0.24,0.96,14.56,Equity : Multi Cap,Nil for 10% of investments and 1% for remaining investments on or before 12M Nil after 12M
Axis Gilt Fund-Reg(G),Devang Shah,DT-GILT,4,836,0.8,23-01-2012,CRISIL Dynamic Gilt Index,25.9,25.97,23.29,0.23,5.28,5.68,10.67,9.35,8.62,6.35,7.54,0,0,0,0,0,0,0,0,None,27.33,11.02,6.77,0,0.25,0.64,0.68,2.35,Debt : Gilt,Nil
Axis India Manufacturing Fund-Reg(G),Shreyash Devalkar,EQ-THEM,0,5360.9,1.82,21-12-2023,Nifty India Manufacturing - TRI,13.5,15.01,11.49,4.92,16.26,-3.03,0.3,0,0,0,0,31.38,4.2,53,88,116583,63.07,19.08,12.73,Automobile and Ancillaries,0,0,0,0.06,0.25,0.46,1.03,18.03,Equity : Thematic,Nil upto 10% of investment and 1% for remaining investment on or before 12M Nil after 12M
Axis Innovation Fund-Reg(G),Ashish Naik,EQ-THEM,0,1120.7,2.26,24-12-2020,NIFTY 500 - TRI,18.09,19.45,15.59,5.3,11.94,-3.73,9.04,20.14,16.08,0,0,43.35,5.54,34,98,94107,44.12,18,16.05,Financials,0,0,0,-0.06,0.21,0.42,0.9,14.08,Equity : Thematic,Nil for 10% of investment and 1% for remaining investment on or before 12M Nil after 12M
Axis Large & Mid Cap Fund-Reg(G),Shreyash Devalkar,EQ-L&M,5,13755.2,1.69,22-10-2018,NIFTY LargeMidcap 250 - TRI,31.75,33.9,27.91,4.2,12.47,-2.61,6.62,21.32,19.39,23.96,0,30.69,4.8,64,103,189655,56.16,29.46,3.78,Financials,0,0,0,-0.03,0.26,0.55,0.9,14.17,Equity : Large & Mid Cap,Nil for 10% of investments and 1% for remaining investments on or before 12M Nil after 12M
Axis Large Cap Fund-Reg(G),Shreyash Devalkar,EQ-LC,3,33218.1,1.57,05-01-2010,BSE 100 - TRI,59.36,64.04,53.91,0.44,9.41,-0.57,5.23,15.75,13.08,16.08,11.95,27.8,4.37,81,50,470792,87.34,0.35,0,Financials,0,0,0,-0.18,0.17,0.36,0.92,12.31,Equity : Large Cap,Nil for 10% of investments and 1% for remaining investments on or before 12M Nil after 12M
Axis Liquid Fund-Reg(G),Devang Shah,DT-LIQ,4,39069.4,0.19,09-10-2009,Nifty Liquid Fund Index,2894.78,2894.78,2699.31,0.56,1.84,3.61,7.27,7.27,6.96,5.51,6.29,0,0,0,0,0,0,0,0,None,0.12,0.12,6.53,0.01,0.25,0.07,0.04,0.25,Debt : Liquid,0.007% for Day 1 0.0065% on Day 2 0.0060% on Day 3 0.0055% on Day 4 0.0050% on Day 5 0.0045% on Day 6 NIL on or after 7D
Axis Long Duration Fund-Reg(G),Devang Shah,DT-LD,0,399.6,0.76,27-12-2022,NIFTY Long Duration Debt Index,1250.98,1256.25,1131.29,-0.01,5.41,5.17,9.95,8.92,0,0,0,0,0,0,0,0,0,0,0,None,32.15,11.95,6.83,-0.09,0.27,0.63,1.99,3.56,Debt : Long Duration,Nil
Axis Midcap Fund-Reg(G),Shreyash Devalkar,EQ-MID,3,28809.5,1.58,18-02-2011,BSE 150 MidCap - TRI,111.28,117.71,94.32,6.66,16.36,-1.66,7.58,24.49,21.38,24.75,15.65,39.82,6.13,42,97,68330,23.52,62.04,4.39,Financials,0,0,0,-0.12,0.27,0.54,0.87,15.16,Equity : Mid Cap,Nil for 10% of investments and 1% for remaining investments on or before 12M Nil after 12M
Axis Momentum Fund-Reg(G),Karthik Kumar,EQ-THEM,0,1293.2,2.11,12-12-2024,NIFTY 500 - TRI,9.06,10,7.81,3.44,15.07,0,0,0,0,0,0,32.64,4.91,0,40,137041,51.34,27,14.07,Financials,0,0,0,0,0,0,0,0,Equity : Thematic,Nil for 10% of investments and 1% for remaining investments on or before 12M Nil after 12M
Axis Money Market Fund-Reg(G),Devang Shah,DT-MM,2,17354.6,0.33,06-08-2019,Nifty Money Market Index,1427.35,1427.35,1319.59,0.73,2.5,4.26,8.15,7.79,7.4,6.03,0,0,0,0,0,0,0,0,0,None,0.71,0.67,6.76,0.04,0.47,0.22,0.12,0.44,Debt : Money Market,Nil
Axis Multi Asset Allocation Fund-Reg(G),Ashish Naik,HY-MULTI,0,1390.8,2.08,23-08-2010,NIFTY 500 - TRI,39.47,40,35.16,2.48,9.2,1.12,8.77,14.53,11.78,14.95,9.89,25.7,3.74,0,73,250136,51.73,9.29,7.1,Financials,13.51,5.68,7.01,-0.19,0.17,0.38,0.65,9.47,Hybrid : Multi Asset Allocation,Nil on or before 12M for 10% of Investment and 1% for remaining investments Nil after 12M
Axis Multicap Fund-Reg(G),Shreyash Devalkar,EQ-MLC,0,7235.4,1.8,17-12-2021,Nifty500 Multicap 50:25:25 - TRI,17.47,18.68,15.15,5.7,14.01,-2.63,10.46,28.67,24.46,0,0,31.35,4.66,52,121,119586,49.77,23.73,23.66,Financials,0,0,0,0.28,0.34,0.67,0.96,14.72,Equity : Multi Cap,Nil for 10% of investment and 1% for remaining investment on or before 12M Nil after 12M
Axis Nifty 100 Index Fund-Reg(G),Karthik Kumar,EQ-INDX,0,1827.3,0.92,18-10-2019,NIFTY 100 - TRI,21.41,23.11,19.06,1.38,11.79,-0.86,3.5,16.99,14.79,19.86,0,22.47,3.4,0,101,435210,97.55,2.28,0,Financials,0,0,0,-0.08,0.2,0.43,1,13.15,Equity : Index Funds,Nil
Axis Nifty 50 Index Fund-Reg(G),Karthik Kumar,EQ-INDX,0,683.7,0.42,03-12-2021,NIFTY 50 - TRI,14.62,15.5,13.1,1.01,11.08,0.64,6.19,15.94,14.77,0,0,22.53,3.38,0,50,564577,99.11,0.95,0,Financials,0,0,0,-0.04,0.22,0.49,1,12.42,Equity : Index Funds,Nil
Axis Nifty 500 Index Fund-Reg(G),Karthik Kumar,EQ-INDX,0,259.4,1,12-07-2024,NIFTY 500 - TRI,9.85,10.59,8.59,3.34,14.12,-1.37,0,0,0,0,0,23.89,3.46,0,503,224312,73.07,17.34,9.49,Financials,0,0,0,0,0,0,0,0,Equity : Index Funds,0.25% on or before 15D Nil after 15D
Axis Nifty AAA Bond Financial Services - Mar 2028 Index Fund-Reg(G),Hardik Shah,DT-M&LD,0,0,0,00-01-1900,Nifty AAA Financial Services Bond Mar 2028 Index,0,0,0,0,0,0,0,0,0,0,0,0,0,0,0,0,0,0,0,None,0,0,0,0,0,0,0,0,Debt : Medium to Long Duration,NIL
Axis Nifty AAA Bond Plus SDL Apr 2026 50:50 ETF FoF-Reg(G),Aditya Pagaria,DT-M&LD,0,256,0.19,20-10-2021,Nifty AAA Bond Plus SDL Apr 2026 50:50 Index,12.16,12.17,11.22,0.86,2.04,3.91,7.84,7.16,7.15,0,0,0,0,0,0,0,0,0,0,None,3.62,3.07,6.02,-0.06,0.01,0.02,0.29,1.57,Debt : Medium to Long Duration,Nil
Axis Nifty Bank Index Fund-Reg(G),Karthik Kumar,EQ-INDX,0,143.4,1,24-05-2024,NIFTY BANK - TRI,11.31,11.35,9.73,0.95,15.44,5.25,8.49,0,0,0,0,14.9,2.02,0,12,520130,83.98,16.03,0,Financials,0,0,0,-0.07,0.1,0.2,1,15.18,Equity : Index Funds,0.25% on or before 7D Nil after 7D
Axis NIFTY IT Index Fund-Reg(G),Karthik Kumar,EQ-INDX,0,125,1.03,14-07-2023,NIFTY IT - TRI,12.57,15.54,11,2.93,-1.88,-15.42,13.98,0,0,0,0,26.85,6.78,0,10,360483,83.36,16.49,0,Technology,0,0,0,-0.07,0.15,0.29,0.99,21.9,Equity : Index Funds,0.25% on or before 7D Nil after 7D
Axis Nifty Midcap 50 Index Fund-Reg(G),Karthik Kumar,EQ-INDX,0,423.7,1.03,28-03-2022,Nifty Midcap 50 - TRI,19.19,20.21,16.06,5.79,17.88,-0.26,7,28.64,27.15,0,0,32.41,4.18,0,50,69655,14.52,85.51,0,Financials,0,0,0,-0.1,0.35,0.71,0.99,16.53,Equity : Index Funds,0.25% on or before 7D Nil after 7D
Axis Nifty Next 50 Index Fund-Reg(G),Karthik Kumar,EQ-INDX,0,323.4,1.01,28-01-2022,NIFTY NEXT 50 - TRI,16.09,18.75,13.77,3.42,15.38,-7.38,-5.96,25.05,20.1,0,0,22.21,3.5,0,51,121447,90.07,8.71,0,Financials,0,0,0,-0.07,0.21,0.39,0.99,18.72,Equity : Index Funds,Nil
Axis Nifty SDL Sep 2026 Debt Index Fund-Reg(G),Aditya Pagaria,DT-MD,0,76.6,0.32,22-11-2022,Nifty SDL Sep 2026 Index,12.1,12.1,11.12,0.94,2.77,4.43,8.73,7.69,0,0,0,0,0,0,0,0,0,0,0,None,1.29,1.2,6.33,0.01,0.34,0.36,0.28,0.92,Debt : Medium Duration,Nil
Axis Nifty Smallcap 50 Index Fund-Reg(G),Karthik Kumar,EQ-INDX,0,447.3,1.02,10-03-2022,Nifty Smallcap 50 - TRI,18.12,19.74,14.79,9.52,21.44,-5.94,9,34.67,26.5,0,0,31.42,3.42,0,50,21521,0,9.58,90.39,Financials,0,0,0,-0.13,0.26,0.52,0.99,19.96,Equity : Index Funds,Nil
Axis Nifty500 Momentum 50 Index Fund-Reg(G),Karthik Kumar,EQ-INDX,0,58.2,1.06,13-02-2025,Nifty500 Momentum 50 - TRI,10.96,10.96,9.11,5.7,16.68,0,0,0,0,0,0,46.1,6.66,0,51,70429,47.78,39.51,11.64,Technology,0,0,0,0,0,0,0,0,Equity : Index Funds,0.25% on or before 15D Nil after 15D
Axis Nifty500 Value 50 Index Fund-Reg(G),Karthik Kumar,EQ-INDX,0,86.8,1.06,24-10-2024,NIFTY500 Value 50 - TRI,9.69,10.31,8.43,2.38,13.81,-4.97,0,0,0,0,0,10.86,1.41,0,50,126359,71.37,18.1,10.49,Energy,0,0,0,0,0,0,0,0,Equity : Index Funds,0.25% on or before 15D Nil after 15D
Axis Overnight Fund-Reg(G),Sachin Jain,DT-ON,5,9112.7,0.09,15-03-2019,Nifty 1D Rate Index,1360.7,1360.7,1277.91,0.48,1.52,3.15,6.5,6.64,6.4,5.11,0,0,0,0,0,0,0,0,0,None,0.01,0.01,6.1,-0.01,-0.48,-0.12,0.85,0.18,Debt : Overnight,Nil
Axis Quant Fund-Reg(G),Karthik Kumar,EQ-THEM,0,962.9,2.22,01-07-2021,BSE 200 - TRI,15.51,17.85,13.66,1.78,12.65,-5.86,-3.87,15.02,15.46,0,0,25.27,4.1,140,44,205075,65.11,24.89,7.39,Financials,0,0,0,-0.09,0.2,0.38,0.97,14.09,Equity : Thematic,Nil for 10% of investment and 1% for remaining investments on or before 3M Nil after 3M
Axis Retirement Fund-Aggressive Plan-Reg(G),Jayesh Sundar,HY-SOL,0,808.3,2.3,20-12-2019,CRISIL Hybrid 25+75 - Aggressive Index,18.51,19.24,16.47,2.73,12.01,0.38,8.97,18.88,15.39,15.01,0,0,0,0,77,228762,55.03,12.08,7.9,Financials,25.25,10.05,6.75,0.1,0.23,0.49,0.78,10.94,Hybrid : Solution Oriented,Nil
Axis Retirement Fund-Conservative Plan-Reg(G),Jayesh Sundar,HY-SOL,0,62.5,2.17,20-12-2019,CRISIL Hybrid 75+25 - Conservative Index,15.99,16.08,14.74,0.5,7.46,2.16,7.83,11.98,9.74,9.82,0,0,0,0,33,402112,34.92,2.88,0.61,Financials,21.61,9.76,6.67,-0.02,0.17,0.36,1.22,5.77,Hybrid : Solution Oriented,Nil
Axis Retirement Fund-Dynamic Plan-Reg(G),Jayesh Sundar,HY-SOL,0,330.4,2.44,20-12-2019,CRISIL Hybrid 35+65 - Aggressive Index,19.54,20.7,17.34,2.9,12.4,-2.21,9.25,19.7,16.16,15.57,0,0,0,0,83,191742,57.54,14.24,13.35,Financials,22.14,8.83,6.61,-0.01,0.23,0.47,1.18,11.79,Hybrid : Solution Oriented,Nil
Axis Short Duration Fund-Reg(G),Devang Shah,DT-SD,3,9640.5,0.89,22-01-2010,Nifty Short Duration Debt Index,30.97,30.97,28.19,1.06,3.7,5.3,9.66,8.13,7.67,6.47,7.3,0,0,0,0,0,0,0,0,None,3.75,2.94,7.03,0,0.26,0.33,0.32,1.05,Debt : Short Duration,Nil
Axis Small Cap Fund-Reg(G),Tejas Sheth,EQ-SML,2,23317.9,1.61,29-11-2013,Nifty Smallcap 250 - TRI,104.6,110.81,88.87,8.02,17.55,-2.94,11.4,23.05,21.96,31.11,18.37,31.05,4.31,35,129,20346,4.47,21.78,60.5,Financials,0,0,0,0.12,0.29,0.55,0.73,14.53,Equity : Small Cap,Nil for 10% of investments and 1% for remaining investments on or before 12M Nil after 12M
Axis Strategic Bond Fund-Reg(G),Devang Shah,DT-MD,4,1930.4,1.14,28-03-2012,NIFTY Medium Duration Debt Index,28.07,28.07,25.47,1.01,3.84,5.37,9.97,8.52,8.27,7.32,7.66,0,0,0,0,0,0,0,0,None,5.56,3.7,7.55,0.03,0.35,0.51,0.42,1.28,Debt : Medium Duration,Nil for 10% of investment and 1% for remaining investment on or before 12M Nil after 12M
Axis Treasury Advantage Fund-Reg(G),Devang Shah,DT-LOWD,3,6132.9,0.66,09-10-2009,NIFTY Low Duration Debt Index,3086.07,3086.07,2849.49,0.8,2.61,4.29,8.26,7.66,7.26,6.1,6.95,0,0,0,0,0,0,0,0,None,1.18,0.95,7,0.02,0.33,0.19,0.18,0.51,Debt : Low Duration,Nil
Axis Ultra Short Duration Fund-Reg(G),Sachin Jain,DT-USD,3,6122.2,1.18,10-09-2018,NIFTY Ultra Short Duration Debt Index,14.68,14.68,13.69,0.65,2.1,3.69,7.22,6.94,6.58,5.36,0,0,0,0,0,0,0,0,0,None,0.51,0.47,7,-0.02,-0.04,-0.02,0.1,0.38,Debt : Ultra Short Duration,Nil
Axis Value Fund-Reg(G),Nitin Arora,EQ-VAL,0,853.1,2.29,22-09-2021,NIFTY 500 - TRI,18.05,19.4,15.98,3.98,12.7,-3.07,7.84,26.77,24.78,0,0,24.89,3.67,50,86,186601,65.2,11.64,18.67,Financials,0,0,0,0.44,0.35,0.74,0.99,14.3,Equity : Value / Contra,Nil upto 10% of investment and 1% for remaining investment on or before 12M Nil after 12M
Bajaj Finserv Arbitrage Fund-Reg(G),Ilesh Savla,HY-ARB,0,917.7,1.03,15-09-2023,Nifty 50 Arbitrage,11.17,11.17,10.51,0.32,1.58,3.05,6.52,0,0,0,0,15.79,2.19,0,100,278772,57.46,11.41,2.98,Financials,0.1,0.1,6.45,-0.04,0.01,0.01,0.49,0.45,Hybrid : Arbitrage,0.25% on or before 15D Nil after 15D
Bajaj Finserv Balanced Advantage Fund-Reg(G),Nimesh Chandan,HY-DYN,0,1288,2.05,15-12-2023,NIFTY 50 Hybrid Composite Debt 50:50 Index,11.21,11.72,10.19,1.66,9.69,0.55,2.31,0,0,0,0,24.02,3.38,381,56,404681,75.81,2.95,2.97,Financials,11.02,5.77,6.72,-0.18,0.06,0.11,0.7,8.36,Hybrid : Dynamic Asset Allocation,Nil upto 8% of units and 1% for remaining units on or before 6M Nil after 6M
Bajaj Finserv Banking and PSU Fund-Reg(G),Siddharth Chaudhary,DT-B&PSU,0,142.1,0.89,13-11-2023,NIFTY Banking and PSU Debt Index,11.48,11.48,10.41,1.32,4.29,5.5,9.99,0,0,0,0,0,0,0,0,0,0,0,0,None,3.95,3.23,6.77,-0.01,0.53,0.68,0.54,1.28,Debt : Banking & PSU,Nil
Bajaj Finserv Consumption Fund-Reg(G),Nimesh Chandan,EQ-CONS,0,549.7,2.33,29-11-2024,Nifty India Consumption - TRI,9.48,10.22,8.47,2.24,11.02,-6.41,0,0,0,0,0,51.53,7.34,0,49,69021,47.26,22.5,23.4,FMCG,0,0,0,0,0,0,0,0,Equity : Thematic - Consumption,1% on or before 3M Nil after 3M
Bajaj Finserv ELSS Tax Saver Fund-Reg(G),Nimesh Chandan,EQ-ELSS,0,49.4,2.25,29-01-2025,BSE 500 - TRI,11.06,11.06,9.82,2.71,11.93,0,0,0,0,0,0,25.06,3.91,0,60,203400,68.52,13.57,13.14,Financials,0,0,0,0,0,0,0,0,Equity : Tax Saving (ELSS),Nil
Bajaj Finserv Flexi Cap Fund-Reg(G),Nimesh Chandan,EQ-FLEX,0,4494.3,1.83,14-08-2023,BSE 500 - TRI,14.28,14.96,12.27,5.41,15.62,-1.53,9.62,0,0,0,0,29.71,4,93,74,160319,58,18.66,20.71,Financials,0,0,0,0.35,0.29,0.54,0.89,13.7,Equity : Flexi Cap,Nil upto 10% of units and 1% for remaining units on or before 6M Nil after 6M
Bajaj Finserv Gilt Fund-Reg(G),Siddharth Chaudhary,DT-GILT,0,43.9,1.04,15-01-2025,CRISIL Dynamic Gilt Index,1053.4,1057.07,1000,0.31,5.27,0,0,0,0,0,0,0,0,0,0,0,0,0,0,None,27.36,10.18,6.71,0,0,0,0,0,Debt : Gilt,NIL
Bajaj Finserv Healthcare Fund-Reg(G),Nimesh Chandan,EQ-PHRM,0,310.4,2.37,27-12-2024,BSE Health Care - TRI,9.45,10.13,8.52,2.74,10.29,0,0,0,0,0,0,41.02,5.43,0,38,58341,43.65,16.77,32.74,Healthcare,0,0,0,0,0,0,0,0,Equity : Sectoral - Pharma,1% on or before 3M Nil after 3M
Bajaj Finserv Large and Mid Cap Fund-Reg(G),Nimesh Chandan,EQ-L&M,0,1870.5,2.03,27-02-2024,NIFTY LargeMidcap 250 - TRI,12.03,12.72,10.6,3.93,12.76,-1.27,8.14,0,0,0,0,27.7,3.95,88,69,162849,53.97,37.44,6.41,Financials,0,0,0,0.24,0.2,0.39,0.89,13.92,Equity : Large & Mid Cap,Nil upto 10% of units and 1% for remaining units or before 6M Nil after 6M
Bajaj Finserv Large Cap Fund-Reg(G),Nimesh Chandan,EQ-LC,0,1446.9,2.08,20-08-2024,NIFTY 100 - TRI,9.78,10.53,8.69,1.99,11.9,-2.21,0,0,0,0,0,26.25,3.86,0,24,442889,93.19,3.08,0,Financials,0,0,0,0,0,0,0,0,Equity : Large Cap,1% on or before 6M Nil after 6M
Bajaj Finserv Liquid Fund-Reg(G),Siddharth Chaudhary,DT-LIQ,0,4615.2,0.28,05-07-2023,Nifty Liquid Fund Index,1142.19,1142.19,1066.25,0.54,1.78,3.51,7.15,0,0,0,0,0,0,0,0,0,0,0,0,None,0.12,0.11,6.49,0.03,0.85,0.15,0.21,0.16,Debt : Liquid,0.007% for Day 1 0.0065% on Day 2 0.0060% on Day 3 0.0055% on Day 4 0.0050% on Day 5 0.0045% on Day 6 NIL on or after 7D
Bajaj Finserv Money Market Fund-Reg(G),Siddharth Chaudhary,DT-MM,0,3815.9,0.76,24-07-2023,Nifty Money Market Index,1145.2,1145.2,1063.69,0.69,2.35,4.02,7.64,0,0,0,0,0,0,0,0,0,0,0,0,None,0.75,0.7,6.72,0.02,0.54,0.24,0.67,0.39,Debt : Money Market,Nil
Bajaj Finserv Multi Asset Allocation Fund-Reg(G),Nimesh Chandan,HY-MULTI,0,1155.8,2.03,03-06-2024,NIFTY 50 - TRI,10.81,11.05,9.88,2.06,9.02,1.95,7.69,0,0,0,0,15.98,3.02,0,38,208096,47.86,11.57,6.83,Financials,1.95,1.53,7.2,-0.12,0,-0.01,0.64,8.92,Hybrid : Multi Asset Allocation,Nil upto 30% of units and 1% for remaining units on or before 1Y Nil after 1Y
Bajaj Finserv Multi Cap Fund-Reg(G),Nimesh Chandan,EQ-MLC,0,603.8,2.33,27-02-2025,Nifty500 Multicap 50:25:25 - TRI,11.05,11.08,9.9,3.65,9.93,0,0,0,0,0,0,26.32,3.26,0,79,96539,46.62,27.3,24.33,Financials,0,0,0,0,0,0,0,0,Equity : Multi Cap,NIL upto 10% of units and 1% for remaining units on or before 6M Nil after 6M
Bajaj Finserv Nifty 50 Index Fund-Reg(G),Ilesh Savla,EQ-INDX,0,0,0,15-05-2025,NIFTY 50 - TRI,9.96,10.1,9.92,0,0,0,0,0,0,0,0,0,0,0,0,0,0,0,0,None,0,0,0,0,0,0,0,0,Equity : Index Funds,NIL
Bajaj Finserv Nifty Next 50 Index Fund-Reg(G),Ilesh Savla,HY-MULTI,0,0,0,12-05-2025,NIFTY NEXT 50 - TRI,10.64,10.72,10,0,0,0,0,0,0,0,0,0,0,0,0,0,0,0,0,None,0,0,0,0,0,0,0,0,Hybrid : Multi Asset Allocation,NIL
Bajaj Finserv Overnight Fund-Reg(G),Siddharth Chaudhary,DT-ON,0,568.7,0.12,05-07-2023,CRISIL Liquid Overnight Index,1130.36,1130.36,1062.03,0.49,1.5,3.12,6.46,0,0,0,0,0,0,0,0,0,0,0,0,None,0.01,0.01,6.1,0,-0.24,-0.02,0.96,0.08,Debt : Overnight,Nil
Bandhan Aggressive Hybrid Fund-Reg(G),Prateek Poddar,HY-EQ,4,846.3,2.29,30-12-2016,BSE 200 - TRI,25.22,25.88,21.44,3.23,12.62,0.21,12.63,18.24,16.11,20.18,0,31.23,4.07,0,59,169182,52.97,9.89,15.12,Financials,11.29,5.04,6.59,0.06,0.26,0.52,1.1,10.74,Hybrid : Equity Oriented,Nil for 10% of investment and 1 % for remaining investment on or before 12M
Bandhan Arbitrage Fund-Reg(G),Abhishek Jain,HY-ARB,2,8656.3,1.08,21-12-2006,Nifty 50 Arbitrage,32.3,32.3,30.22,0.37,1.75,3.32,7.09,7.31,6.76,5.39,5.69,21.98,2.79,1438,177,181706,44.21,17.7,4.64,Financials,0,0,0,-0.02,0.02,0.01,0.63,0.56,Hybrid : Arbitrage,0.25% on or before 15D Nil after 15D
Bandhan Balanced Advantage Fund-Reg(G),Manish Gunwani,HY-DYN,3,2254.2,2.02,10-10-2014,NIFTY 50 Hybrid Composite Debt 50:50 Index,23.91,24.09,21.97,1.61,7.88,0.03,6.75,12.76,11.95,12.18,8.4,26.44,3.92,0,84,198120,58.17,8.43,9.23,Financials,10.66,5.44,6.62,0.04,0.22,0.46,0.52,7.22,Hybrid : Dynamic Asset Allocation,0.50% on or before 90D Nil after 90D
Bandhan Banking & PSU Debt Fund-Reg(G),Suyash Choudhary,DT-B&PSU,4,13579.6,0.63,07-03-2013,NIFTY Banking and PSU Debt Index,24.66,24.66,22.58,0.95,3.38,4.87,9.03,7.66,7.3,6.24,7.32,0,0,0,0,0,0,0,0,None,3.18,2.47,6.49,0,0.2,0.21,0.24,0.87,Debt : Banking & PSU,NIL
Bandhan Bond Fund - Income Plan-Reg(G),Suyash Choudhary,DT-LD,0,494,1.98,14-07-2000,NIFTY Medium to Long Duration Debt Index,65.13,65.23,60.18,0.23,3.64,4.04,7.78,6.8,7.03,4.78,6.67,0,0,0,0,0,0,0,0,None,15.35,6.71,6.77,-0.13,0.06,0.13,0.76,2.22,Debt : Long Duration,Nil for 10% of investment and 1% for remaining investment on or before 365D Nil after 365D
Bandhan Bond Fund - Medium Term Plan-Reg(G),Suyash Choudhary,DT-MD,3,1487.6,1.31,08-07-2003,NIFTY Medium Duration Debt Index,45.98,45.99,41.87,1.06,3.93,5.3,9.61,7.63,7.5,5.52,6.79,0,0,0,0,0,0,0,0,None,5.01,3.85,6.5,-0.07,0.12,0.23,0.59,1.73,Debt : Medium Duration,Nil
Bandhan Bond Fund - Short Term Plan-Reg(G),Suyash Choudhary,DT-SD,4,10116.4,0.81,14-12-2000,Nifty Short Duration Debt Index,57.32,57.32,52.19,1.12,3.73,5.23,9.68,8.11,7.74,6.15,7.08,0,0,0,0,0,0,0,0,None,3.61,2.86,6.57,-0.01,0.23,0.32,0.4,1.23,Debt : Short Duration,Nil
Bandhan BSE Healthcare Index Fund-Reg(G),Abhishek Jain,EQ-INDX,0,18,1.01,06-09-2024,BSE Health Care - TRI,9.76,10.46,8.76,1.27,10.75,-4.26,0,0,0,0,0,35.45,5.35,0,105,70682,57.13,19.8,23.15,Healthcare,0,0,0,0,0,0,0,0,Equity : Index Funds,0.25% on or before 15D Nil after 15D
Bandhan Business Cycle Fund-Reg(G),Vishal Biraia,EQ-THEM,0,1624.2,2.05,30-09-2024,NIFTY 500 - TRI,9.74,10.16,8.5,4.02,14.05,-2.6,0,0,0,0,0,22.34,2.82,0,105,93354,49.51,24.53,24.3,Financials,0,0,0,0,0,0,0,0,Equity : Thematic,0.50% on or before 30D Nil after 30D
Bandhan Conservative Hybrid Fund-Reg(G),Viraj Kulkarni,HY-DT(CO),1,116.6,2.01,25-02-2010,NIFTY AAA Short Duration Bond Index,32.05,32.17,29.52,0.73,5.59,3.46,8.39,8.97,8.16,7.48,6.75,39.6,7.02,0,10,288678,8.97,1.22,0,Automobile and Ancillaries,12.56,6.04,6.72,-0.15,0.13,0.31,1.07,3.69,Hybrid : Debt Oriented (Conservative),Nil upto 10% of investment and 0.25% for remaining investment on or before 7D Nil after 7D
Bandhan Core Equity Fund-Reg(G),Manish Gunwani,EQ-L&M,3,8408.3,1.75,09-08-2005,NIFTY LargeMidcap 250 - TRI,130.65,139.8,114.14,4.5,14.02,-1.14,8.31,30.31,26.53,28.88,15,24.86,3.28,151,104,102132,43.87,31.66,18.03,Financials,0,0,0,0.39,0.39,0.81,0.95,14.09,Equity : Large & Mid Cap,Nil upto 10% of investment and 1% for remaining investment on or before 365D Nil after 365D
Bandhan Corp Bond Fund-Reg(G),Suyash Choudhary,DT-CORP,3,15303.6,0.65,12-01-2016,NIFTY Corporate Bond Index,19.29,19.29,17.56,1.1,3.79,5.24,9.63,8.21,7.5,6.4,0,0,0,0,0,0,0,0,0,None,4.14,3.27,6.59,0,0.22,0.24,0.27,0.98,Debt : Corporate Bond,Nil
Bandhan Credit Risk Fund-Reg(G),Gautam Kaul,DT-CR,4,282.7,1.69,03-03-2017,NIFTY Credit Risk Bond Index,16.44,16.44,15.16,0.74,3.09,4.46,8.31,7.2,6.86,5.95,0,0,0,0,0,0,0,0,0,None,3.28,2.35,6.82,-0.05,0.06,0.07,0.29,0.92,Debt : Credit Risk,1% on or before 365D
Bandhan CRISIL IBX 90:10 SDL Plus Gilt - April 2032 Index Fund-Reg(G),Gautam Kaul,DT-LD,0,544.2,0.26,29-11-2022,CRISIL IBX 90:10 SDL Plus Gilt Index - April 2032,12.62,12.65,11.24,1.75,5.21,6.79,12.18,9.5,0,0,0,0,0,0,0,0,0,0,0,None,6.64,5.13,6.53,0.04,0.39,0.76,0.8,2.13,Debt : Long Duration,Nil
Bandhan CRISIL IBX 90:10 SDL Plus Gilt - Nov 2026 Index Fund-Reg(G),Gautam Kaul,DT-M&LD,0,105.8,0.33,17-11-2022,CRISIL IBX 90:10 SDL Plus Gilt Index - November 2026,12.09,12.09,11.11,0.95,2.78,4.48,8.74,7.62,0,0,0,0,0,0,0,0,0,0,0,None,1.31,1.22,5.93,0.01,0.32,0.36,0.32,0.95,Debt : Medium to Long Duration,Nil
Bandhan CRISIL IBX 90:10 SDL Plus Gilt - Sep 2027 Index Fund-Reg(G),Gautam Kaul,DT-GILT,0,152.7,0.33,24-11-2022,CRISIL IBX 90:10 SDL Plus Gilt Index - September 2027,12.19,12.2,11.12,1.13,3.32,5.19,9.53,8.07,0,0,0,0,0,0,0,0,0,0,0,None,2.15,1.93,6.01,0.02,0.34,0.48,0.42,1.2,Debt : Gilt,Nil
Bandhan CRISIL IBX Gilt April 2026 Index Fund-Reg(G),Gautam Kaul,DT-GILT,0,440,0.41,20-10-2022,CRISIL IBX Gilt Index - April 2026,12.08,12.08,11.22,0.68,2.18,3.79,7.67,6.99,0,0,0,0,0,0,0,0,0,0,0,None,0.76,0.72,5.76,-0.01,0.25,0.26,0.3,0.9,Debt : Gilt,Nil
Bandhan CRISIL IBX Gilt April 2028 Index Fund-Reg(G),Harshal Joshi,DT-GILT,0,4681.5,0.44,23-03-2021,CRISIL IBX Gilt Index - April 2028,12.98,12.98,11.82,1.1,3.38,5.12,9.65,7.95,8.12,0,0,0,0,0,0,0,0,0,0,None,2.46,2.18,5.82,-0.02,0.23,0.39,0.56,1.68,Debt : Gilt,Nil
Bandhan CRISIL IBX Gilt April 2032 Index Fund-Reg(G),Gautam Kaul,DT-LD,0,467.1,0.46,15-02-2023,CRISIL IBX Gilt Index - April 2032,12.46,12.48,11.09,1.39,5.23,6.82,12.05,9.32,0,0,0,0,0,0,0,0,0,0,0,None,6.43,5.08,6.15,0.03,0.48,0.91,0.89,2.13,Debt : Long Duration,Nil
Bandhan CRISIL IBX Gilt June 2027 Index Fund-Reg(G),Harshal Joshi,DT-GILT,0,6671.4,0.44,23-03-2021,CRISIL IBX Gilt Index - June 2027,12.87,12.87,11.78,1.02,3.11,4.77,9.15,7.7,7.84,0,0,0,0,0,0,0,0,0,0,None,1.96,1.76,5.79,-0.03,0.2,0.33,0.52,1.57,Debt : Gilt,Nil
Bandhan CRISIL-IBX 10:90 Gilt+SDL Index - Dec 2029 Fund-Reg(G),Brijesh Shah,DT-M&LD,0,10.6,0.33,10-03-2025,CRISIL-IBX 10:90 Gilt + SDL Index - Dec 2029,10.46,10.46,10,1.47,0,0,0,0,0,0,0,0,0,0,0,0,0,0,0,None,4.16,3.48,6.21,0,0,0,0,0,Debt : Medium to Long Duration,NIL
Bandhan CRISIL-IBX Financial Services 3-6 Months Debt Index Fund-Reg(G),Brijesh Shah,DT-USD,0,407.2,0.35,13-03-2025,CRISIL-IBX Financial Services 3 to 6 Months Debt Index,10.2,10.2,10,0.64,0,0,0,0,0,0,0,0,0,0,0,0,0,0,0,None,0.21,0.2,6.33,0,0,0,0,0,Debt : Ultra Short Duration,NIL
Bandhan Dynamic Bond Fund-Reg(G),Suyash Choudhary,DT-DYN,4,2938.6,1.57,01-12-2008,NIFTY Composite Debt Index,34.44,34.58,31.41,-0.06,5.11,4.68,8.91,8.38,8.11,5.68,7.36,0,0,0,0,0,0,0,0,None,28.07,11.91,6.9,-0.07,0.16,0.38,0.91,3.12,Debt : Dynamic Bond,Nil
Bandhan ELSS Tax Saver Fund-Reg(G),Daylynn Pinto,EQ-ELSS,5,6806.1,1.74,26-12-2008,BSE 500 - TRI,148.93,162.71,133.28,2.04,11.35,-1.95,2.9,17.44,17.36,27.43,14.09,25.22,3.44,32,62,216551,66.26,13.35,12.92,Financials,0,0,0,0.09,0.26,0.54,0.88,12.44,Equity : Tax Saving (ELSS),Nil
Bandhan Equity Savings Fund-Reg(G),Abhishek Jain,HY-EQ,0,286.8,1.1,09-06-2008,CRISIL Liquid Debt Index,30.96,30.97,28.89,0.57,2.72,3.04,6.67,8.61,8.02,9.11,6.61,26.49,3.92,0,40,444297,61.32,4.93,0,Financials,2.88,2.32,6.27,0.02,0.17,0.41,0.41,2.42,Hybrid : Equity Oriented,Nil upto 10% of investments and 0.25% for remaining investments on or before 7D Nil after 7D
Bandhan Financial Services Fund-Reg(G),Ritu Modi,EQ-FIN,0,1008.3,2.18,28-07-2023,Nifty Financial Services - TRI,14.48,14.69,12.26,2.56,14.7,3.16,15.26,0,0,0,0,20.45,2.79,71,38,275186,68.42,15.74,9.31,Financials,0,0,0,0.58,0.32,0.66,0.81,14.52,Equity : Sectoral - Financial Services,0.50% on or before 30D Nil after 30D
Bandhan Flexi Cap Fund-Reg(G),Manish Gunwani,EQ-FLEX,2,7178.8,1.86,28-09-2005,BSE 500 - TRI,203.57,218.59,180.96,2.46,11.93,0.31,6.01,20.13,17.57,20.53,10.67,25.02,3.45,137,72,258243,74.1,12.37,8.79,Financials,0,0,0,0.12,0.26,0.56,0.89,12.85,Equity : Flexi Cap,Nil upto 10% of investment and 1% for remaining investment on or before 365D Nil after 365D
Bandhan Floating Rate Fund-Reg(G),Brijesh Shah,DT-FL,1,312,0.79,18-02-2021,Nifty Short Duration Debt Index,12.92,12.92,11.76,0.96,3.55,5.17,9.71,8.22,7.55,0,0,0,0,0,0,0,0,0,0,None,3.56,2.74,6.77,0.04,0.28,0.28,1.26,0.86,Debt : Floater,Nil
Bandhan Focused Equity Fund-Reg(G),Manish Gunwani,EQ-MLC,2,1764,2.1,16-03-2006,BSE 500 - TRI,85.5,91.78,73.16,4.19,12.21,-5.11,15.1,23.02,20.19,20.92,11.83,24.74,3.49,85,30,190803,58.65,17.8,12.53,Financials,0,0,0,0.22,0.27,0.56,0.98,15.09,Equity : Multi Cap,Nil upto 10% of investment and 1% for remaining investment on or before 365D Nil after 365D
Bandhan G-Sec-Constant Maturity Plan-Reg(G),Harshal Joshi,DT-GL10Y,0,371.6,0.36,09-03-2002,Crisil 10 Yr Gilt Index,46.32,46.37,41.22,1.04,5.51,6.78,11.96,9.39,9.51,6.08,8.61,0,0,0,0,0,0,0,0,None,9.34,6.58,6.38,0.01,0.3,0.63,1,2.72,Debt : Gilt (10 Yr Constant Duration),Nil
Bandhan G-Sec-Invest-Reg(G),Suyash Choudhary,DT-GILT,4,3431.6,1.14,05-12-2008,CRISIL Dynamic Gilt Index,35.78,35.92,32.48,0,5.27,4.94,9.45,8.92,8.61,6.08,7.96,0,0,0,0,0,0,0,0,None,28.06,11.91,6.9,-0.03,0.2,0.49,0.92,3.15,Debt : Gilt,Nil
Bandhan Infrastructure Fund-Reg(G),Vishal Biraia,EQ-INFRA,5,1577.2,2.11,08-03-2011,BSE India Infrastructure Index - TRI,50.34,57.51,40.65,7.41,23.5,-5.84,-3.87,33.83,31.87,35.85,15.74,27.01,3.46,52,72,39790,35.04,14.6,46.56,Capital Goods,0,0,0,2.93,0.34,0.66,0.89,19.36,Equity : Sectoral - Infrastructure,0.50% on or before 30D Nil after 30D
Bandhan Innovation Fund-Reg(G),Manish Gunwani,EQ-THEM,0,1434.1,2.08,30-04-2024,NIFTY 500 - TRI,12.37,13.08,10.01,6.44,17.24,-3.45,19.62,0,0,0,0,47.81,5.12,105,72,29151,35.65,16.32,43.28,Financials,0,0,0,0.82,0.22,0.39,1.17,19.88,Equity : Thematic,0.50% on or before 30D Nil after 30D
Bandhan Large Cap Fund-Reg(G),Manish Gunwani,EQ-LC,3,1828.5,2.04,09-06-2006,BSE 100 - TRI,74.96,81.03,66.16,1.93,12.73,-1.72,7.68,20.1,18.02,20.45,11.82,27.56,3.89,116,56,361234,85.97,8.85,4.24,Financials,0,0,0,0.1,0.25,0.55,1.03,13.68,Equity : Large Cap,0.50% on or before 30D Nil after 30D
Bandhan Liquid Fund-Reg(G),Harshal Joshi,DT-LIQ,2,13625.9,0.25,02-04-2004,Nifty Liquid Fund Index,3140.85,3140.85,2931.61,0.55,1.8,3.53,7.16,7.18,6.86,5.43,6.17,0,0,0,0,0,0,0,0,None,0.1,0.1,6.26,0,0.15,0.04,0.28,0.25,Debt : Liquid,0.007% for Day 1 0.0065% on Day 2 0.0060% on Day 3 0.0055% on Day 4 0.0050% on Day 5 0.0045% on Day 6 NIL after 7D
Bandhan Long Duration Fund-Reg(G),Gautam Kaul,DT-LD,0,173.8,0.66,20-03-2024,NIFTY Long Duration Debt Index,11.22,11.26,10.15,0.01,5.29,5.1,9.84,0,0,0,0,0,0,0,0,0,0,0,0,None,28.55,11.81,6.88,-0.18,0.39,0.95,1.35,3.35,Debt : Long Duration,Nil
Bandhan Low Duration Fund-Reg(G),Harshal Joshi,DT-LOWD,3,6506.3,0.62,17-01-2006,NIFTY Low Duration Debt Index,38.49,38.49,35.63,0.79,2.54,4.24,8,7.43,7.09,5.82,6.85,0,0,0,0,0,0,0,0,None,1,0.91,6.54,0.01,0.22,0.13,0.84,0.53,Debt : Low Duration,Nil
Bandhan Midcap Fund-Reg(G),Ritu Modi,EQ-MID,0,1557.7,2.08,18-08-2022,BSE 150 MidCap - TRI,16.94,18.56,14.23,7.41,16.92,-5.88,6.47,26.09,0,0,0,42.8,6.67,31,92,61339,26.33,56.11,11.86,Healthcare,0,0,0,-0.12,0.25,0.44,0.96,16.37,Equity : Mid Cap,1% on or before 1Y Nil after 1Y
Bandhan Money Manager Fund-Reg(G),Brijesh Shah,DT-MM,1,10885.3,0.35,18-02-2003,Nifty Money Market Index,40.21,40.21,37.27,0.73,2.46,4.2,7.87,7.28,6.82,5.3,6.12,0,0,0,0,0,0,0,0,None,0.7,0.7,6.47,0,0.1,0.05,0.64,0.46,Debt : Money Market,Nil
Bandhan Multi Asset Allocation Fund-Reg(G),Viraj Kulkarni,HY-MULTI,0,1871,1.98,31-01-2024,NIFTY 500 - TRI,12.05,12.05,10.78,3.46,9.37,2.89,10.07,0,0,0,0,23.45,3.2,0,106,160431,41.33,13.07,12.38,Financials,20.65,8.77,6.61,0.37,0.26,0.58,0.56,8.41,Hybrid : Multi Asset Allocation,Nil for 10% of investment For remaining investment: 0.50% on or before 1Y and Nil after 1Y
Bandhan Multi Cap Fund-Reg(G),Daylynn Pinto,EQ-MLC,0,2500.3,1.96,02-12-2021,Nifty500 Multicap 50:25:25 - TRI,16.74,18.1,14.7,3.42,13.66,-1.92,6.45,21.32,20.71,0,0,26.8,3.43,54,91,97743,44.14,26.33,24.6,Financials,0,0,0,0.08,0.3,0.63,0.89,13.3,Equity : Multi Cap,1% on or before 1Y Nil after 1Y
Bandhan Nifty 100 Index Fund-Reg(G),Abhishek Jain,EQ-INDX,0,174.7,0.61,24-02-2022,NIFTY 100 - TRI,14.73,15.87,13.1,1.41,11.82,-0.78,3.7,17.29,15.11,0,0,22.47,3.4,9,101,434339,97.59,2.29,0,Financials,0,0,0,-0.05,0.21,0.45,1,13.18,Equity : Index Funds,Nil
Bandhan Nifty 200 Quality 30 Index Fund-Reg(G),Abhishek Jain,EQ-INDX,0,10.5,0.97,04-12-2024,NIFTY200 Quality 30 - TRI,9.57,10.12,8.44,4.08,12.19,0,0,0,0,0,0,27.55,7.68,0,30,176255,66.39,32.47,1.35,FMCG,0,0,0,0,0,0,0,0,Equity : Index Funds,0.25% on or before 15D Nil after 15D
Bandhan Nifty 50 Index Fund-Reg(G),Abhishek Jain,EQ-INDX,4,1834,0.6,30-04-2010,NIFTY 50 - TRI,52.85,56.16,47.33,1,11.07,0.54,5.86,15.69,14.6,20.29,12.2,22.53,3.38,14,50,563965,99.04,0.95,0,Financials,0,0,0,-0.05,0.21,0.48,1,12.47,Equity : Index Funds,Nil
Bandhan Nifty 500 Momentum 50 Index Fund-Reg(G),Abhishek Jain,EQ-INDX,0,21.7,1,29-10-2024,Nifty500 Momentum 50 - TRI,8.89,10.46,7.39,5.68,16.71,-13.48,0,0,0,0,0,46.06,6.65,0,51,70188,47.61,39.43,11.72,Technology,0,0,0,0,0,0,0,0,Equity : Index Funds,0.25% on or before 15D Nil after 15D
Bandhan Nifty 500 Value 50 Index Fund-Reg(G),Abhishek Jain,EQ-INDX,0,12.1,1,29-10-2024,NIFTY500 Value 50 - TRI,9.64,10.27,8.39,2.39,13.82,-5.09,0,0,0,0,0,10.86,1.41,0,50,126185,71.4,18.14,10.54,Energy,0,0,0,0,0,0,0,0,Equity : Index Funds,0.25% on or before 15D Nil after 15D
Bandhan Nifty Alpha 50 Index Fund-Reg(G),Abhishek Jain,EQ-INDX,0,400.7,1.02,09-11-2023,Nifty Alpha 50 - TRI,13.63,16.33,11.1,9.1,21.5,-10.52,-8.65,0,0,0,0,38.71,6.14,185,50,64166,31.17,43.25,25.56,Financials,0,0,0,-0.2,0.15,0.24,0.99,23.92,Equity : Index Funds,Nil
Bandhan Nifty Alpha Low Volatility 30 Index Fund-Reg(G),Abhishek Jain,EQ-INDX,0,8.5,0.99,23-01-2025,NIFTY Alpha Low-Volatility 30 - TRI,10.03,10.17,9.01,0.74,10.24,0,0,0,0,0,0,33.79,5.83,0,31,172435,84.35,14.54,0,Healthcare,0,0,0,0,0,0,0,0,Equity : Index Funds,0.25% on or before 15D Nil after 15D
Bandhan Nifty Bank Index Fund-Reg(G),Abhishek Jain,EQ-INDX,0,16.4,1,27-08-2024,NIFTY BANK - TRI,10.79,10.84,9.28,0.95,15.43,5.14,0,0,0,0,0,14.88,2.02,0,12,517664,84.07,16.22,0,Financials,0,0,0,0,0,0,0,0,Equity : Index Funds,0.25% on or before 15D Nil after 15D
Bandhan Nifty IT Index Fund-Reg(G),Abhishek Jain,EQ-INDX,0,23.9,1.02,31-08-2023,NIFTY IT - TRI,12.22,15.09,10.69,2.94,-1.83,-15.36,14.25,0,0,0,0,26.86,6.78,31,10,359704,83.29,16.56,0,Technology,0,0,0,-0.04,0.11,0.23,1.01,22.72,Equity : Index Funds,Nil
Bandhan Nifty Midcap 150 Index Fund-Reg(G),Abhishek Jain,EQ-INDX,0,23.2,0.91,19-09-2024,Nifty Midcap 150 - TRI,9.63,10.25,8.06,7.2,18.35,-1.29,0,0,0,0,0,29.86,4.03,0,150,57967,11.23,83.61,4.99,Financials,0,0,0,0,0,0,0,0,Equity : Index Funds,0.25% on or before 15D Nil after 15D
Bandhan Nifty Next 50 Index Fund-Reg(G),Abhishek Jain,EQ-INDX,0,14.2,1,28-02-2025,NIFTY NEXT 50 - TRI,11.67,11.77,10,3.36,15.37,0,0,0,0,0,0,22.22,3.5,0,51,121814,90.03,8.79,0,Financials,0,0,0,0,0,0,0,0,Equity : Index Funds,0.25% on or before 7D Nil after 7D
Bandhan Nifty Smallcap 250 Index Fund-Reg(G),Abhishek Jain,EQ-INDX,0,50.6,0.89,22-12-2023,Nifty Smallcap 250 - TRI,12.22,13.45,9.9,10.49,22.72,-6.37,5.4,0,0,0,0,26.93,3.11,77,250,17324,0,7.83,91.21,Financials,0,0,0,-0.09,0.08,0.13,0.99,21.97,Equity : Index Funds,Nil
Bandhan Nifty Total Market Index Fund-Reg(G),Abhishek Jain,EQ-INDX,0,37.9,1.05,10-07-2024,Nifty Total Market - TRI,9.9,10.66,8.62,3.58,14.32,-1.77,0,0,0,0,0,23.78,3.41,0,753,196602,70.57,16.89,12.92,Financials,0,0,0,0,0,0,0,0,Equity : Index Funds,0.25% on or before 15D Nil after 15D
Bandhan Nifty100 Low Volatility 30 Index Fund-Reg(G),Abhishek Jain,EQ-INDX,0,1414,1.04,06-10-2022,Nifty100 Low Volatility 30 - TRI,14.95,16.64,13.57,0.71,9.05,-0.32,7.17,17.22,0,0,0,31.18,5.7,49,30,313379,90.9,9.07,0,FMCG,0,0,0,-0.12,0.27,0.55,0.99,11.8,Equity : Index Funds,Nil
Bandhan Nifty200 Momentum 30 Index Fund-Reg(G),Abhishek Jain,EQ-INDX,0,128.1,1.07,02-09-2022,Nifty200 Momentum 30 - TRI,15.49,19.27,13.11,4.2,13.09,-13,-15.25,21.29,0,0,0,39.82,6.56,128,31,149291,74.12,24.9,0,Technology,0,0,0,-0.12,0.18,0.32,1,18.8,Equity : Index Funds,Nil
Bandhan Overnight Fund-Reg(G),Brijesh Shah,DT-ON,3,800.6,0.15,18-01-2019,Nifty 1D Rate Index,1366.4,1366.4,1284.49,0.48,1.49,3.09,6.4,6.54,6.31,5.02,0,0,0,0,0,0,0,0,0,None,0.01,0.01,5.84,-0.01,-0.63,-0.16,0.85,0.17,Debt : Overnight,Nil
Bandhan Retirement Fund-Reg(G),Vishal Biraia,HY-SOL,0,176.5,2.34,18-10-2023,CRISIL Hybrid 50+50 - Moderate Index,12.46,12.68,11.41,1.99,8.88,1.7,5.61,0,0,0,0,0,0,0,59,295572,58.09,8.49,3.79,Financials,23.83,10.11,6.73,0.09,0.3,0.59,0.62,8.18,Hybrid : Solution Oriented,Nil
Bandhan Small Cap Fund-Reg(G),Manish Gunwani,EQ-SML,0,10244.1,1.69,25-02-2020,BSE 250 Small Cap - TRI,45.79,48.98,37,10.21,21.24,-4.37,19.54,41.32,32.09,36.29,0,18.08,2.33,47,185,11978,5.76,11.22,71.06,Financials,0,0,0,0.67,0.38,0.76,0.9,17.75,Equity : Small Cap,1% on or before 1Y
Bandhan Sterling Value Fund-Reg(G),Daylynn Pinto,EQ-VAL,5,9774,1.75,07-03-2008,BSE 500 - TRI,144.88,159.78,130.49,1.55,10.55,-3.32,2.27,19.93,20.03,32.61,15.04,23.59,3.11,60,61,175641,56.77,17.04,15.5,Financials,0,0,0,0.26,0.3,0.63,0.9,12.97,Equity : Value / Contra,Nil upto 10% of investment and 1% for remaining investment on or before 365D Nil after 365D
Bandhan Transportation and Logistics Fund-Reg(G),Daylynn Pinto,EQ-AUTO,0,512.7,2.41,25-10-2022,Nifty Transportation & Logistics - TRI,16.81,19.42,14.46,6.83,14.81,-3.21,-2.29,23.68,0,0,0,21.15,3.57,34,31,72971,51.65,21.04,21.57,Automobile and Ancillaries,0,0,0,-0.09,0.3,0.57,0.87,15.37,Equity : Sectoral - Auto,0.50% on or before 30D Nil after 30D
Bandhan Ultra Short Term Fund-Reg(G),Harshal Joshi,DT-USD,4,4561.9,0.46,18-07-2018,NIFTY Ultra Short Duration Debt Index,15.16,15.16,14.09,0.67,2.15,3.87,7.59,7.36,7,5.58,0,0,0,0,0,0,0,0,0,None,0.48,0.46,6.48,0.02,0.27,0.12,0.54,0.38,Debt : Ultra Short Duration,Nil
Bank of India Arbitrage Fund-Reg(G),Firdaus Marazban Ragina,HY-ARB,0,43.7,0.86,18-06-2018,Nifty 50 Arbitrage,13.73,13.73,12.9,0.31,1.6,3.08,6.69,6.69,5.99,4.48,0,20.44,2.57,0,41,174273,52.99,13.18,5.11,Financials,0.17,0.17,6.18,-0.08,-0.35,-0.34,0.66,0.6,Hybrid : Arbitrage,0.50% on or before 15D Nil after 15D
Bank of India Balanced Advantage Fund-Reg(G),Alok Singh,HY-DYN,0,134.2,2.3,14-03-2014,NIFTY 50 Hybrid Composite Debt 50:50 Index,24.5,25.84,22.43,1.56,8.73,-0.74,-0.92,12.32,11.57,11.86,7.1,19.86,3.02,0,58,416441,68.33,0.97,0,Financials,3.79,3.07,6.72,-0.18,0.16,0.35,0.75,9.73,Hybrid : Dynamic Asset Allocation,1% on or before 3M Nil after 3M
Bank of India Bluechip Fund-Reg(G),Alok Singh,EQ-LC,0,189.1,2.3,29-06-2021,NIFTY 100 - TRI,15.57,17.16,13.51,3.26,14.3,-5.14,-3.36,19.27,16.97,0,0,23.09,3.36,56,51,184070,77.65,11.42,9.29,Financials,0,0,0,0.04,0.22,0.43,1.03,14.43,Equity : Large Cap,1% on or before 3M Nil after 3M
Bank of India Business Cycle Fund-Reg(G),Alok Singh,EQ-THEM,0,533.9,2.28,30-08-2024,NIFTY 500 - TRI,9.07,10.44,7.79,4.88,15.79,-11.91,0,0,0,0,0,26.06,3.85,165,61,65299,48.88,15.5,33.17,Financials,0,0,0,0,0,0,0,0,Equity : Thematic,Nil upto 10% of units and 1% for remaining units on or before 3M Nil after 3M
Bank of India Conservative Hybrid Fund-Reg(G),Alok Singh,HY-DT(CO),0,68.1,2.05,18-03-2009,CRISIL Hybrid 85+15 - Conservative Index,34.11,34.14,32.1,2.06,5.67,1.73,4.11,8.81,8.3,12.49,7.62,24.26,3.08,0,33,85942,12.29,3.54,4.74,Financials,3.6,2.87,6.63,-0.15,0.13,0.3,1.02,3.68,Hybrid : Debt Oriented (Conservative),Nil for 10% of investment and 1% for remaining investment on or before 1Y Nil after 1Y
Bank of India Consumption Fund-Reg(G),Nitin Gosar,EQ-CONS,0,383.2,2.3,20-12-2024,Nifty India Consumption - TRI,10.37,10.41,8.92,3.83,15.58,0,0,0,0,0,0,37.24,7.55,17,33,85515,49.46,21.33,28.63,FMCG,0,0,0,0,0,0,0,0,Equity : Thematic - Consumption,Nil for 10% of investments and 1% for remaining investments or or before 12M Nil after 12M
Bank of India Credit Risk Fund-Reg(G),Alok Singh,DT-CR,2,109.8,1.38,27-02-2015,CRISIL Credit Risk Debt Index,12.16,12.16,11.48,0.55,2.16,3.29,5.88,6.1,5.83,26.89,1.77,0,0,0,0,0,0,0,0,None,0.57,0.47,6.35,-0.1,-0.27,-0.36,0.14,0.88,Debt : Credit Risk,4% on or before 12M 3% after 12M but on or before 24M 2% after 24M but on or before 36M Nil after 36M
Bank of India ELSS Tax Saver-Reg(G),Alok Singh,EQ-ELSS,5,1323.9,1.98,25-02-2009,BSE 500 - TRI,159.34,177.91,134.98,5.24,16.94,-7.92,-5.96,23.08,21.06,25.76,15.3,21.91,3.23,69,56,92340,56.08,18.74,22.74,Financials,0,0,0,0.14,0.25,0.47,1.09,16.58,Equity : Tax Saving (ELSS),Nil
Bank of India Flexi Cap Fund-Reg(G),Alok Singh,EQ-FLEX,0,1981.9,1.95,29-06-2020,BSE 500 - TRI,34.05,37.58,28.57,7.39,18.39,-7,-2.39,28.57,23.46,0,0,21.89,3.28,70,59,68466,45.96,21.36,31.19,Financials,0,0,0,0.29,0.28,0.53,1.12,17,Equity : Flexi Cap,1% on or before 3M Nil after 3M
Bank of India Large & Mid Cap Equity Fund-Reg(G),Nitin Gosar,EQ-L&M,3,376.4,2.3,21-10-2008,BSE 250 LargeMidCap Index - TRI,86.52,93.96,73.62,5.07,16.59,-4.44,-0.03,21.82,19.94,23.08,12.09,21.22,3.3,77,53,106728,45.7,34.24,17.82,Financials,0,0,0,0.13,0.25,0.52,1.04,14.83,Equity : Large & Mid Cap,NIL upto 10% of units and 1% for in execss of above Limit on or before 1Y NIL after 1Y
Bank of India Liquid Fund-Reg(G),Mithraem Bharucha,DT-LIQ,2,1881.5,0.13,16-07-2008,CRISIL Liquid Debt Index,2993.85,2993.85,2790.8,0.56,1.83,3.6,7.3,7.31,6.98,5.51,6.25,0,0,0,0,0,0,0,0,None,0.13,0.14,6.39,0,0.28,0.08,1.19,0.25,Debt : Liquid,0.007% for Day 1 0.0065% on Day 2 0.0060% on Day 3 0.0055% on Day 4 0.0050% on Day 5 0.0045% on Day 6 NIL on or after 7D
Bank of India Mfg & Infra Fund-Reg(G),Nitin Gosar,EQ-INFRA,0,526,2.28,05-03-2010,BSE India Infrastructure Index - TRI,54.95,60.31,45.42,8.12,20.26,-4.99,0.89,29.75,27.35,31.49,16.27,26.34,3.77,52,63,44722,33.99,18.97,42.36,Energy,0,0,0,2.43,0.34,0.66,1.11,16.21,Equity : Sectoral - Infrastructure,NIL upto 10% of units and 1% for in execss of above Limit on or before 1Y NIL after 1Y
Bank of India Mid & Small Cap Equity & Debt Fund-Reg(G),Alok Singh,HY-EQ,5,1095.2,2.08,20-07-2016,Nifty MidSmallcap 400 - TRI,38.38,40.4,32.23,8.12,18.09,-2.78,6.58,26.3,21.88,27.32,0,33.64,4.31,99,52,28687,5.28,37.71,31.54,Financials,2.76,2.08,6.72,-0.09,0.28,0.52,0.8,14.3,Hybrid : Equity Oriented,1% on or before 3M Nil after 3M
Bank of India Money Market Fund-Reg(G),Mithraem Bharucha,DT-MM,0,124.2,0.62,04-02-2025,CRISIL Money Market Index,10.29,10.29,10,0.69,2.38,0,0,0,0,0,0,0,0,0,0,0,0,0,0,None,0.75,0.75,6.67,0,0,0,0,0,Debt : Money Market,Nil 
Bank of India Multi Asset Allocation Fund-Reg(G),Mithraem Bharucha,HY-MULTI,0,337,1.93,28-02-2024,NIFTY Composite Debt Index,11.3,11.3,10.19,3,10.53,1.58,5.14,0,0,0,0,22.44,3.33,85,43,68258,22.26,5.65,10.8,Financials,4.69,3.57,6.87,0.02,0.11,0.2,0.52,8.36,Hybrid : Multi Asset Allocation,Nil upto 10% of units and 1% for remaining units on or before 1Y Nil after 1Y
Bank of India Multi Cap Fund-Reg(G),Nitin Gosar,EQ-MLC,0,796.1,2.19,03-03-2023,Nifty500 Multicap 50:25:25 - TRI,17.35,18.61,14.76,5.39,16.6,-4.28,3.49,26.04,0,0,0,23.09,3.57,70,60,78259,40.24,27.98,27.95,Financials,0,0,0,0.07,0.39,0.72,0.99,14.69,Equity : Multi Cap,Nil upto 10% of units and 1% for remaining units on or before 1Y Nil after 1Y
Bank of India Overnight Fund-Reg(G),Mithraem Bharucha,DT-ON,2,46.1,0.1,28-01-2020,CRISIL Liquid Overnight Index,1305.73,1305.73,1225.39,0.5,1.54,3.18,6.58,6.71,6.47,5.18,0,0,0,0,0,0,0,0,0,None,0,0,6.21,-0.01,-0.37,-0.09,0.93,0.18,Debt : Overnight,Nil
Bank of India Short Term Income Fund-Reg(G),Mithraem Bharucha,DT-SD,0,125.8,1,18-12-2008,CRISIL Short Duration Debt Index,26.77,26.77,24.21,0.91,3.12,4.6,10.42,8.13,9.87,10.27,5.8,0,0,0,0,0,0,0,0,None,3.39,2.79,6.66,0.14,0.21,0.96,0.54,4.42,Debt : Short Duration,Nil
Bank of India Small Cap Fund-Reg(G),Alok Singh,EQ-SML,5,1638.5,1.98,19-12-2018,Nifty Smallcap 250 - TRI,46.15,51.76,37.62,8.55,22.22,-8.97,8.65,26.75,24.37,35.22,0,34.35,4.13,48,68,14276,2.08,21.44,71.06,Financials,0,0,0,0.07,0.27,0.48,0.89,17.85,Equity : Small Cap,Nil upto 10% of units and 1% for excess units on or before 1Y Nil after 1Y
Bank of India Ultra Short Duration Fund-Reg(G),Mithraem Bharucha,DT-USD,3,221.9,0.85,16-07-2008,CRISIL Ultra Short Term Debt Index,3150.41,3150.41,2943.4,0.62,2.05,3.63,7.03,6.64,6.4,5.17,6.55,0,0,0,0,0,0,0,0,None,0.48,0.47,6.62,-0.12,-0.19,-0.08,1.12,0.33,Debt : Ultra Short Duration,Nil
Baroda BNP Paribas Aggressive Hybrid Fund-Reg(G),Jitendra Sriram,HY-EQ,4,1179.6,2.13,07-04-2017,CRISIL Hybrid 35+65 - Aggressive Index,27.69,28.79,24.9,2.98,10.81,-0.84,6.12,18.65,16.22,18.15,0,26.39,4.1,93,49,306852,52.26,14.29,2.89,Financials,8.02,4.1,7.4,0.09,0.28,0.59,1.05,9.93,Hybrid : Equity Oriented,Nil upto 10% of units and 1 % for in excess of limits on or before 12M Nil after 12M
Baroda BNP Paribas Arbitrage Fund-Reg(G),Neeraj Saxena,HY-ARB,4,1026.8,1.12,28-12-2016,Nifty 50 Arbitrage,15.98,15.98,14.99,0.39,1.72,3.16,6.81,7.28,6.64,5.32,0,21.17,2.36,1715,94,108567,36.95,16.35,16.25,Financials,0.94,0.54,7.45,-0.03,-0.05,-0.05,0.61,0.6,Hybrid : Arbitrage,0.25% on or before 15D Nil after 15D
Baroda BNP Paribas Balanced Advantage Fund-Reg(G),Sanjay Chawla,HY-DYN,5,4155.3,1.9,14-11-2018,BSE 200,24.14,24.14,21.28,3.68,12.86,0.88,7.22,16.94,16.03,17.02,0,26.63,3.84,197,51,194420,49.15,18.05,9.69,Financials,6.3,3.48,7.44,0.16,0.27,0.57,0.72,9.58,Hybrid : Dynamic Asset Allocation,Nil upto 10% of units and 1% for remaining units on or before 1Y Nil after 1Y
Baroda BNP Paribas Banking and Fin Serv Fund-Reg(G),Sandeep Jain,EQ-FIN,0,256.8,2.41,22-06-2012,Nifty Financial Services - TRI,47.41,47.71,39.47,2.42,15.85,5.9,13.6,21.03,20.3,22.35,11.36,18.32,2.72,112,25,431012,76.8,11.92,7.7,Financials,0,0,0,0.2,0.27,0.64,0.95,14.86,Equity : Sectoral - Financial Services,1% on or before 30D Nil after 30D
Baroda BNP Paribas Banking and PSU Bond Fund-Reg(G),Gurvinder Singh Wasan,DT-B&PSU,1,25.9,0.8,17-12-2020,CRISIL Banking and PSU Debt Index,12.72,12.72,11.55,1.31,4.33,5.61,9.94,8.04,7.43,0,0,0,0,0,0,0,0,0,0,None,4.91,3.66,6.66,-0.16,0.14,0.24,1.31,1.28,Debt : Banking & PSU,Nil
Baroda BNP Paribas Business Cycle Fund-Reg(G),Jitendra Sriram,EQ-THEM,0,565.1,2.39,15-09-2021,BSE 500 - TRI,15.43,17.11,13.55,3.15,13.35,-5.48,1.57,21.37,19.29,0,0,30.02,4.42,64,59,218611,67.23,18.32,9.81,Financials,0,0,0,0.08,0.25,0.5,1,14.34,Equity : Thematic,Nil upto 10% of units and 1% for remaining units on or beofre 1Y Nil after 1Y
Baroda BNP Paribas Childrens Fund-Reg(G),Pratish Krishnan,HY-SOL,0,80.5,2.34,31-12-2024,NIFTY 500 - TRI,10.27,10.29,9.03,3.36,13.28,0,0,0,0,0,0,0,0,53,48,212799,65.29,17.53,8.81,Financials,4.21,3.12,6.52,0,0,0,0,0,Hybrid : Solution Oriented,1% on or before 1Y Nil after 1Y
Baroda BNP Paribas Conservative Hybrid Fund-Reg(G),Pratish Krishnan,HY-DT(CO),2,748.2,2.04,23-09-2004,CRISIL Hybrid 85+15 - Conservative Index,44.72,44.73,41.09,1.42,5.76,3.03,7.53,10.01,9.45,8.37,7.31,30.11,4.05,161,47,192103,14.32,5.14,3.42,Financials,8.62,4.32,7.16,-0.05,0.23,0.51,1.01,3.5,Hybrid : Debt Oriented (Conservative),1% on or before 6M Nil after 6M
Baroda BNP Paribas Corp Bond Fund(G),Gurvinder Singh Wasan,DT-CORP,0,223.5,0.58,08-11-2008,CRISIL Corporate Bond Index,27.62,27.62,24.94,1.3,4.44,5.92,10.48,8.41,7.98,6,6.14,0,0,0,0,0,0,0,0,None,5.23,3.84,6.87,0,0.24,0.4,0.42,1.4,Debt : Corporate Bond,Nil
Baroda BNP Paribas Credit Risk Fund-Reg(G),Gurvinder Singh Wasan,DT-CR,4,173.8,1.61,23-01-2015,CRISIL Credit Risk Debt Index,22.18,22.18,20.26,1.08,3.26,4.8,9.33,8.36,7.96,10.52,7.86,0,0,0,0,0,0,0,0,None,3.26,2.24,7.79,0.05,0.46,0.37,0.2,0.74,Debt : Credit Risk,Nil upto 10% of units and 1% for remaining units on or before 1Y Nil after 1Y
Baroda BNP Paribas Dividend Yield Fund-Reg(G),Shiv Chanani,EQ-DIV,0,974.6,2.18,11-09-2024,NIFTY 500 - TRI,9.37,10.26,8.34,2.3,11.87,-2.26,0,0,0,0,0,20.7,3.31,94,56,168886,62.53,19.13,11.78,Financials,0,0,0,0,0,0,0,0,Equity : Thematic - Dividend Yield,Nil upto 10% of units and 1% for remaining units on or before 1Y Nil after 1Y
Baroda BNP Paribas Dynamic Bond Fund(G),Prashant Pimple,DT-DYN,2,186.1,1.7,23-09-2004,CRISIL Dynamic Bond Index,46.31,46.42,42.01,0.58,4.49,5.36,9.74,8.15,8.32,5.63,6.69,0,0,0,0,0,0,0,0,None,20.87,9.48,6.51,-0.25,0.25,0.58,1.23,1.91,Debt : Dynamic Bond,Nil
Baroda BNP Paribas ELSS Tax Saver Fund-Reg(G),Sanjay Chawla,EQ-ELSS,2,886.5,2.24,05-01-2006,NIFTY 500 - TRI,93.64,99.28,81.64,3.06,14.02,-3.76,6.23,23.8,19.78,20.82,12.04,26.71,3.75,72,48,170245,58.88,18.7,15.97,Financials,0,0,0,0.12,0.27,0.56,0.96,13.79,Equity : Tax Saving (ELSS),Nil
Baroda BNP Paribas Energy Opportunities Fund-Reg(G),Sanjay Chawla,EQ-POWER,0,750.1,2.3,10-02-2025,NIFTY ENERGY - TRI,11.32,11.37,9.72,3.19,15.35,0,0,0,0,0,0,16.5,2.26,16,29,141405,57.21,27.16,7.85,Energy,0,0,0,0,0,0,0,0,Equity : Sectoral - Energy / Power,1% if redeemed more than 10% of units on or before 1Y Nil thereafter
Baroda BNP Paribas Equity Savings Fund-Reg(G),Pratish Krishnan,HY-EQ,0,271.3,2.5,25-07-2019,NIFTY 50 Equity Savings Index - TRI,16.47,16.47,15.05,1.88,7.45,2.19,7.78,11.67,10.9,9.38,0,27.22,3.45,480,61,251410,52.97,9.43,5.23,Financials,5.8,3.99,6.73,0.15,0.23,0.54,0.89,5.18,Hybrid : Equity Oriented,1% on or before 30D Nil after 30D
Baroda BNP Paribas Flexi Cap Fund-Reg(G),Sanjay Chawla,EQ-FLEX,0,1226.7,2.18,17-08-2022,NIFTY 500 - TRI,15.41,16.64,13.18,4.58,16.41,-2.92,3.57,21.33,0,0,0,26,3.58,82,44,140833,45.84,37.09,11.72,Financials,0,0,0,-0.01,0.21,0.39,1.01,13.8,Equity : Flexi Cap,Nil upto 10% of units and 1% for remaining units on or before 12M Nil after 12M
Baroda BNP Paribas Focused Fund-Reg(G),Sanjay Chawla,EQ-FLEX,2,670.2,2.3,06-10-2017,NIFTY 500 - TRI,21.63,23.97,18.44,1.78,16.84,-3.71,-3.63,18.19,16.22,19.28,0,22.46,3.29,155,25,190649,63.95,20.57,9.39,Financials,0,0,0,-0.19,0.2,0.36,1.02,15.09,Equity : Flexi Cap,Nil upto 10% of units within 12M In excess of limit - 1% on or before 12M and Nil after 12M
Baroda BNP Paribas Gilt Fund-Reg(G),Gurvinder Singh Wasan,DT-GILT,0,1761,0.45,21-03-2002,CRISIL Dynamic Gilt Index,43.21,43.26,38.63,0.96,5.08,6.3,11.43,8.98,8.97,5.95,6.86,0,0,0,0,0,0,0,0,None,13.43,7.57,6.52,0.02,0.29,0.65,0.74,2.21,Debt : Gilt,Nil
Baroda BNP Paribas India Consumption Fund-Reg(G),Shiv Chanani,EQ-CONS,4,1431.4,2.09,10-09-2018,Nifty India Consumption - TRI,30.71,35.27,27.83,1.03,9.14,-5.03,7.53,18.51,18.32,20.68,0,44.95,8.01,64,48,120534,59.3,22.51,12.45,FMCG,0,0,0,-0.02,0.27,0.5,0.9,13.59,Equity : Thematic - Consumption,Nil upto 10% of units and 1% for excess units on or before 12M Nil after 12M
Baroda BNP Paribas Innovation Fund-Reg(G),Pratish Krishnan,EQ-THEM,0,981.4,2.26,05-03-2024,NIFTY 500 - TRI,11.96,13.26,10.23,5.47,15.11,-7.33,6.52,0,0,0,0,48.71,7.34,65,42,92241,39.69,27.3,23.33,Financials,0,0,0,0.04,0.12,0.19,1.18,18.94,Equity : Thematic,Nil upto 10% of units and 1% for remaining units on or before 1Y Nil after 1Y
Baroda BNP Paribas Large & Mid Cap Fund-Reg(G),Sanjay Chawla,EQ-L&M,0,1524.3,2.11,04-09-2020,BSE 250 LargeMidCap Index - TRI,26.53,29.02,23.23,2.88,13.42,-5.62,3.56,23.89,21.11,0,0,26.13,3.73,81,46,131862,49.12,36.37,10.51,Financials,0,0,0,0.24,0.28,0.55,1.01,14.6,Equity : Large & Mid Cap,Nil upto 10% of units and 1% for remaining units on or before 365D Nil after 365D
Baroda BNP Paribas Large Cap Fund-Reg(G),Jitendra Sriram,EQ-LC,2,2542.9,1.99,23-09-2004,NIFTY 100 - TRI,217.37,237.84,193.67,1.96,11.46,-2.51,2.5,20.61,17.96,20.62,12.33,22.86,3.65,67,51,361327,79.91,13.89,0,Financials,0,0,0,0.22,0.27,0.57,0.92,12.52,Equity : Large Cap,1% on or before 30D Nil after 30D
Baroda BNP Paribas Liquid Fund(G),Vikram Pamnani,DT-LIQ,2,11336.7,0.31,05-02-2009,CRISIL Liquid Debt Index,2989.6,2989.6,2790.33,0.55,1.8,3.54,7.16,7.18,6.89,5.47,6.27,0,0,0,0,0,0,0,0,None,0.1,0.1,6.5,-0.01,0.19,0.05,1.14,0.24,Debt : Liquid,0.007% for Day 1 0.0065% on Day 2 0.0060% on Day 3 0.0055% on Day 4 0.0050% on Day 5 0.0045% on Day 6 NIL on or after 7D
Baroda BNP Paribas Low Duration Fund(G),Vikram Pamnani,DT-LOWD,3,262.9,1.09,21-10-2005,CRISIL Low Duration Debt Index,39.97,39.97,37.15,0.71,2.43,4.02,7.58,7.13,6.8,5.57,6.46,0,0,0,0,0,0,0,0,None,1.54,0.93,6.97,-0.14,0.08,0.04,1.32,0.49,Debt : Low Duration,Nil
Baroda BNP Paribas Manufacturing Fund-Reg(G),Jitendra Sriram,EQ-THEM,0,1255.8,2.14,28-06-2024,Nifty India Manufacturing - TRI,9.52,10.42,8.07,5.67,17.07,-1.91,0,0,0,0,0,27.54,4.42,55,49,97099,48.1,23.1,21,Automobile and Ancillaries,0,0,0,0,0,0,0,0,Equity : Thematic,Nil upto 10% of units and 1% for remaining units on or before 1Y Nil after 1Y
Baroda BNP Paribas Mid Cap Fund-Reg(G),Shiv Chanani,EQ-MID,4,2036.7,2.02,02-05-2006,Nifty Midcap 150 - TRI,99.71,107,86.55,5.52,14.16,-3.35,4.97,26.25,22.62,27.98,15.03,29.12,4.25,93,63,49105,11.85,70.02,12.18,Financials,0,0,0,-0.08,0.31,0.6,0.83,14.1,Equity : Mid Cap,Nil upto 10% of Units within 12M 1% exceding 10% of Units within 12M Nil after 12M
Baroda BNP Paribas Money Market Fund-Reg(G),Vikram Pamnani,DT-MM,0,1502.1,0.44,19-06-2019,CRISIL Money Market Index,1374.66,1374.66,1274.12,0.71,2.41,4.14,7.9,7.42,6.94,5.32,0,0,0,0,0,0,0,0,0,None,0.67,0.67,6.77,0.01,0.17,0.09,0.6,0.45,Debt : Money Market,Nil
Baroda BNP Paribas Multi Asset Fund-Reg(G),Jitendra Sriram,HY-MULTI,0,1162.3,2.11,19-12-2022,NIFTY 500 - TRI,14.79,15.06,13.2,2.72,11.65,2.62,8.43,19.36,0,0,0,26.3,3.82,54,36,389106,54.45,14.65,0.37,Financials,8.82,4.64,6.93,0.23,0.34,0.73,0.64,9.06,Hybrid : Multi Asset Allocation,Nil upto 10% of units and 1% for remaining units on or before 12M Nil after 12M
Baroda BNP Paribas Multi Cap Fund-Reg(G),Sanjay Chawla,EQ-MLC,4,2705.2,2,12-09-2003,Nifty500 Multicap 50:25:25 - TRI,280.35,305.13,245.38,4.13,13.64,-6.33,4.51,23.9,21.34,26.73,13.52,32.74,4.54,120,62,102817,42.13,27.78,23.69,Financials,0,0,0,0.07,0.29,0.54,0.92,14.21,Equity : Multi Cap,1% on or before 365D Nil after 365D
Baroda BNP Paribas Nifty 50 Index Fund-Reg(G),Neeraj Saxena,EQ-INDX,0,66.8,0.56,29-01-2024,NIFTY 50 - TRI,11.43,12.14,10.24,0.99,11.04,0.47,6.05,0,0,0,0,22.48,3.37,99,50,562077,98.94,0.96,0,Financials,0,0,0,-0.05,0.12,0.23,1,11.99,Equity : Index Funds,0.20% on or before 30D Nil after 30D
Baroda BNP Paribas NIFTY Midcap 150 Index Fund-Reg(G),Neeraj Saxena,EQ-INDX,0,8.6,1.08,04-11-2024,Nifty Midcap 150 - TRI,10.23,10.53,8.54,7.16,18.73,-0.93,0,0,0,0,0,29.87,4.03,62,151,57402,11.17,83.26,5.01,Financials,0,0,0,0,0,0,0,0,Equity : Index Funds,0.20% on or before 7D Nil after 7D
Baroda BNP Paribas NIFTY SDL Dec 2026 Index Fund-Reg(G),Gurvinder Singh Wasan,DT-M&LD,0,121,0.49,25-01-2023,NIFTY SDL December 2026 Index,11.95,11.95,10.96,1,2.9,4.6,8.92,7.66,0,0,0,0,0,0,0,0,0,0,0,None,1.64,1.48,6.22,0,0.35,0.42,1.78,1.03,Debt : Medium to Long Duration,Nil
Baroda BNP Paribas NIFTY SDL Dec 2028 Index Fund-Reg(G),Gurvinder Singh Wasan,DT-M&LD,0,28.3,0.49,24-03-2023,Nifty SDL Dec 2028 Index,12.13,12.14,10.94,1.31,3.98,5.95,10.84,8.63,0,0,0,0,0,0,0,0,0,0,0,None,3.5,2.93,6.3,-0.02,0.4,0.68,3.07,1.54,Debt : Medium to Long Duration,Nil
Baroda BNP Paribas Nifty200 Momentum 30 Index Fund-Reg(G),Neeraj Saxena,EQ-INDX,0,24.4,1.1,15-10-2024,Nifty200 Momentum 30 - TRI,8.16,10,6.91,4.34,12.98,-13.14,0,0,0,0,0,39.96,6.57,142,31,147797,73.99,24.43,0,Technology,0,0,0,0,0,0,0,0,Equity : Index Funds,0.20% on or before 7D Nil after 7D
Baroda BNP Paribas Overnight Fund-Reg(G),Vikram Pamnani,DT-ON,4,519.5,0.17,25-04-2019,CRISIL Liquid Overnight Index,1349.64,1349.64,1268.34,0.48,1.5,3.11,6.43,6.57,6.35,5.07,0,0,0,0,0,0,0,0,0,None,0.01,0.01,6.08,-0.02,-0.58,-0.14,0.96,0.17,Debt : Overnight,Nil
Baroda BNP Paribas Retirement Fund-Reg(G),Pratish Krishnan,HY-SOL,0,372.4,2.3,28-05-2024,CRISIL Hybrid 35+65 - Aggressive Index,11,11.3,9.82,2.67,11.64,-0.71,7.49,0,0,0,0,0,0,84,57,187829,47.94,14.55,8.43,Financials,27.37,10.03,6.86,-0.01,0.05,0.09,1.18,11.93,Hybrid : Solution Oriented,Nil
Baroda BNP Paribas Short Duration Fund-Reg(G),Gurvinder Singh Wasan,DT-SD,2,228.3,1.05,30-06-2010,CRISIL Short Duration Debt Index,29.33,29.33,26.75,1.11,3.72,5.19,9.47,7.99,7.65,6.26,7.13,0,0,0,0,0,0,0,0,None,3.16,2.59,6.83,0.04,0.24,0.3,1.48,1.03,Debt : Short Duration,Nil
Baroda BNP Paribas Small Cap Fund-Reg(G),Shiv Chanani,EQ-SML,0,1214.7,2.17,30-10-2023,Nifty Smallcap 250 - TRI,12.94,14.49,10.81,8.46,19.47,-5.88,2.21,0,0,0,0,28.12,3.73,76,61,18230,2.75,15.25,71.78,Capital Goods,0,0,0,-0.17,0.14,0.23,0.88,19.72,Equity : Small Cap,Nil upto 10% of units and 1% for remaining units on or before 1Y Nil after 1Y
Baroda BNP Paribas Ultra Short Duration Fund-Reg(G),Vikram Pamnani,DT-USD,3,1539.4,0.49,01-06-2018,CRISIL Ultra Short Term Debt Index,1536.06,1536.06,1426.41,0.67,2.17,3.91,7.68,7.46,7.21,5.78,0,0,0,0,0,0,0,0,0,None,0.81,0.47,6.73,-0.06,0.48,0.17,1.1,0.34,Debt : Ultra Short Duration,Nil
Baroda BNP Paribas Value Fund-Reg(G),Shiv Chanani,EQ-VAL,0,1319.2,2.18,07-06-2023,NIFTY 500 - TRI,13.68,15.45,12.34,1.74,10.38,-5.49,-3.75,0,0,0,0,20.65,3.22,73,49,186763,64.55,18.28,12.01,Financials,0,0,0,-0.15,0.23,0.46,0.97,14.08,Equity : Value / Contra,Nil upto 10% of units and 1% for remaining units on or before 1Y Nil after 1Y
Canara Rob Balanced Advantage Fund-Reg(G),Ennettee Fernandes,HY-DYN,0,1466.2,2.09,02-08-2024,CRISIL Hybrid 50+50 - Moderate Index,10.16,10.5,9.29,2.22,9.14,-0.98,0,0,0,0,0,21.71,3.41,0,68,208970,52.54,5.91,11.06,Financials,4.61,2.92,6.71,0,0,0,0,0,Hybrid : Dynamic Asset Allocation,Nil upto 12% of units and 1% for remaining units on or before 365D Nil after 365D
Canara Rob Banking and PSU Debt Fund-Reg(G),Suman Prasad,DT-B&PSU,0,234.1,0.71,22-08-2022,CRISIL Banking and PSU Debt Index,12.1,12.1,11.12,0.86,3.25,4.67,8.68,7.48,0,0,0,0,0,0,0,0,0,0,0,None,3.72,2.64,6.79,-0.1,0.12,0.16,0.85,1.09,Debt : Banking & PSU,Nil
Canara Rob Bluechip Equity Fund-Reg(G),Shridatta Bhandwaldar,EQ-LC,5,15621.4,1.65,20-08-2010,BSE 100 - TRI,62.04,65.27,55.32,1.35,11.36,-0.18,7.91,19.23,17.09,20.27,13.45,25.95,4.08,23,61,416786,91.07,5.28,0,Financials,2.75,2.05,4.4,0.14,0.27,0.59,0.91,11.92,Equity : Large Cap,1% on or before 1Y Nil after 1Y
Canara Rob Conservative Hybrid Fund-Reg(G),Avnish Jain,HY-DT(CO),4,944,1.84,31-03-1996,CRISIL Hybrid 85+15 - Conservative Index,96.85,96.9,87.76,1.69,6.21,2.99,8.94,10.12,9.39,9.6,7.98,33.5,5.08,150,43,153758,14.44,3.79,4.91,Financials,11.59,5.41,6.84,-0.07,0.22,0.51,1.06,3.6,Hybrid : Debt Oriented (Conservative),Nil upto 10% of units on or before 1Y 1% for more than 10% of units on or before 1Y Nil after 1Y
Canara Rob Consumer Trends Fund-Reg(G),Ennettee Fernandes,EQ-CONS,4,1780.5,2.09,14-09-2009,BSE 100 - TRI,108.24,119.76,95,3.17,13.71,-1.01,8.74,19.79,20.31,23.39,15.36,29.26,4.87,19,45,133772,56.19,22.59,15.83,Financials,0.01,0,0,0.33,0.29,0.6,0.95,13.94,Equity : Thematic - Consumption,1% on or before 1Y Nil after 1Y
Canara Rob Corp Bond Fund-Reg(G),Avnish Jain,DT-CORP,2,117.5,1.03,07-02-2014,CRISIL Corporate Bond Index,21.79,21.8,20.04,0.79,3.48,4.59,8.63,7.37,6.89,5.66,6.64,0,0,0,0,0,0,0,0,None,7.01,3.78,6.85,-0.05,0.06,0.08,0.31,1,Debt : Corporate Bond,Nil
Canara Rob Dynamic Bond Fund-Reg(G),Kunal Jain,DT-DYN,2,134.3,1.75,29-05-2009,CRISIL Dynamic Bond Index,29.81,29.92,27.25,0.23,5.16,5.24,8.91,7.44,7.38,5.07,6.5,0,0,0,0,0,0,0,0,None,23.01,10.1,6.69,-0.42,0.11,0.27,1.57,2.35,Debt : Dynamic Bond,Nil
Canara Rob ELSS Tax Saver-Reg(G),Vishal Mishra,EQ-ELSS,4,8516.5,1.69,02-02-2009,BSE 500 - TRI,173.46,184.92,150.54,4.08,14.65,-1.65,6.1,19.42,17.59,23,14.05,26.74,4.23,29,69,233497,71.32,14.54,10.23,Financials,0.01,0,0,0.05,0.25,0.52,0.93,13.21,Equity : Tax Saving (ELSS),Nil
Canara Rob Emerg Equities Fund-Reg(G),Amit Nadekar,EQ-L&M,4,24040.6,1.61,11-03-2005,NIFTY LargeMidcap 250 - TRI,253.62,266.88,217.12,4.66,15.23,-1.88,9.99,22.84,19.11,24.21,15.65,37.32,5.91,54,105,92083,51.62,31.83,14.6,Financials,0.01,0,0,-0.09,0.26,0.52,0.94,14.13,Equity : Large & Mid Cap,1% on or before 1Y Nil after 1Y
Canara Rob Equity Hybrid Fund-Reg(G),Ennettee Fernandes,HY-EQ,4,10655.5,1.72,01-02-1993,CRISIL Hybrid 35+65 - Aggressive Index,356.32,366.1,317.33,2.84,11.79,0.27,7.97,17.03,15.43,17.49,12.23,22.69,3.68,61,64,218903,52.9,12.31,6.45,Financials,7.91,3.84,6.81,0.01,0.26,0.56,1.07,9.98,Hybrid : Equity Oriented,Nil upto 10% of units on or before 1Y 1% for more than 10% of units on or before 1Y Nil after 1Y
Canara Rob Flexi Cap Fund-Reg(G),Shridatta Bhandwaldar,EQ-FLEX,4,12608.6,1.69,16-09-2003,BSE 500 - TRI,332.51,352.91,289.86,3.43,13.8,-0.79,7.35,18.83,16.78,20.91,13.24,28.91,4.61,32,72,255719,75.03,15.66,6.02,Financials,0.01,0,0,0.02,0.24,0.5,0.91,12.88,Equity : Flexi Cap,1% on or before 1Y Nil after 1Y
Canara Rob Focused Equity Fund-Reg(G),Shridatta Bhandwaldar,EQ-MLC,0,2509,1.95,17-05-2021,BSE 500 - TRI,19.38,20.51,16.87,3.43,12.42,-1.68,10.49,21.81,19.87,0,0,33.03,4.93,44,29,319996,81.01,8.85,3.94,Financials,0,0,0,0.26,0.3,0.63,0.9,13,Equity : Multi Cap,1% on or before 365D Nil after 365D
Canara Rob Gilt Fund-Reg(G),Kunal Jain,DT-GILT,0,143.6,1.25,29-12-1999,CRISIL Dynamic Gilt Index,76.67,76.95,69.56,0.21,5.33,5.44,9.67,8.27,8.11,5.56,7.3,0,0,0,0,0,0,0,0,None,25.12,10.54,6.72,-0.04,0.18,0.45,0.77,2.44,Debt : Gilt,Nil
Canara Rob Income Fund-Reg(G),Avnish Jain,DT-M&LD,3,120.8,1.88,19-09-2002,CRISIL Medium to Long Term Debt Index,55.81,55.89,51.32,0.46,3.82,4.44,8.32,6.89,6.97,5,6.5,0,0,0,0,0,0,0,0,None,13.03,6.44,6.54,-0.12,0.07,0.14,0.7,1.98,Debt : Medium to Long Duration,Nil
Canara Rob Infrastructure Fund-Reg(G),Vishal Mishra,EQ-INFRA,3,836.8,2.3,02-12-2005,BSE India Infrastructure Index - TRI,159.34,169.88,129.65,7.47,20.97,-2.84,-1.68,33.36,29.83,33.46,15.39,24.19,3.94,36,49,112619,58.51,23.2,13.66,Capital Goods,0.01,0,0,2.65,0.35,0.71,0.72,18.23,Equity : Sectoral - Infrastructure,1% on or before 1Y Nil after 1Y
Canara Rob Liquid Fund-Reg(G),Kunal Jain,DT-LIQ,1,5708.8,0.19,15-07-2008,CRISIL Liquid Debt Index,3129.57,3129.57,2918.21,0.56,1.85,3.61,7.27,7.26,6.94,5.47,6.14,0,0,0,0,0,0,0,0,None,0.12,0.11,6.46,-0.01,0.23,0.07,1.22,0.25,Debt : Liquid,0.007% for Day 1 0.0065% on Day 2 0.0060% on Day 3 0.0055% on Day 4 0.0050% on Day 5 0.0045% on Day 6 NIL on or after 7D
Canara Rob Manufacturing Fund-Reg(G),Pranav Gokhale,EQ-THEM,0,1539.3,2.08,11-03-2024,Nifty India Manufacturing - TRI,12.12,13.33,10.04,8.25,19.5,-5.26,2.46,0,0,0,0,33.67,4.32,25,63,72629,49.23,20.79,25.76,Capital Goods,0,0,0,0,0.14,0.26,1.13,21.54,Equity : Thematic,1% on or before 365D Nil after 365D
Canara Rob Mid Cap Fund-Reg(G),Pranav Gokhale,EQ-MID,0,2717.7,1.95,02-12-2022,BSE 150 MidCap - TRI,16.76,17.74,13.89,9.19,18.87,-1.31,9.55,26.34,0,0,0,34.63,4.95,66,58,65192,21.25,67.66,7.26,Financials,0,0,0,-0.04,0.29,0.55,0.91,15.69,Equity : Mid Cap,1% on or before 365D Nil after 365D
Canara Rob Multi Asset Allocation Fund-Reg(G),Amit Kadam,HY-MULTI,0,0,0,30-05-2025,BSE 200 - TRI,10.02,10.02,10,0,0,0,0,0,0,0,0,0,0,0,0,0,0,0,0,None,0,0,0,0,0,0,0,0,Hybrid : Multi Asset Allocation,NIL upto 12% of units and 1% for remaining units on or before 365D Nil after 365D
Canara Rob Multi Cap Fund-Reg(G),Shridatta Bhandwaldar,EQ-MLC,0,4033.5,1.85,28-07-2023,Nifty500 Multicap 50:25:25 - TRI,14.22,15.01,12.19,5.6,15.52,-2.15,7.86,0,0,0,0,28.63,4.38,41,95,101628,45.72,26.05,24.91,Financials,0,0,0,0.07,0.27,0.51,0.92,14.53,Equity : Multi Cap,1% on or before 365D Nil after 365D
Canara Rob Overnight Fund-Reg(G),Suman Prasad,DT-ON,3,194.6,0.11,24-07-2019,CRISIL Liquid Overnight Index,1331.13,1331.13,1251.53,0.48,1.48,3.08,6.38,6.54,6.33,5.07,0,0,0,0,0,0,0,0,0,None,0.01,0.01,5.97,-0.02,-0.63,-0.15,0.96,0.17,Debt : Overnight,Nil
Canara Rob Savings Fund-Reg(G),Kunal Jain,DT-LOWD,2,1149.6,0.65,04-03-2005,CRISIL Low Duration Debt Index,42.04,42.04,38.92,0.78,2.55,4.17,7.96,7.47,7.04,5.66,6.63,0,0,0,0,0,0,0,0,None,1.07,0.96,6.84,-0.12,0.2,0.12,1.36,0.52,Debt : Low Duration,Nil
Canara Rob Short Duration Fund-Reg(G),Suman Prasad,DT-SD,2,355.4,1.02,25-04-2011,CRISIL Short Duration Debt Index,25.45,25.45,23.39,0.95,3.31,4.74,8.63,7.4,6.92,5.65,6.62,0,0,0,0,0,0,0,0,None,3.33,2.57,6.75,-0.05,0.07,0.08,0.29,0.92,Debt : Short Duration,Nil
Canara Rob Small Cap Fund-Reg(G),Pranav Gokhale,EQ-SML,4,11475.5,1.69,15-02-2019,Nifty Smallcap 250 - TRI,38.2,42.35,32.19,8.02,18.39,-7.34,4.18,21.47,18.46,33.95,0,28.96,3.84,28,97,25045,12.71,21.36,60.52,Financials,0,0,0,-0.2,0.22,0.4,0.82,16.27,Equity : Small Cap,1% on or before 1Y Nil after 1Y
Canara Rob Ultra Short Term Fund-Reg(G),Kunal Jain,DT-USD,2,529.9,0.95,11-07-2008,CRISIL Ultra Short Term Debt Index,3785.47,3785.47,3534.13,0.62,2.08,3.67,7.09,6.79,6.41,4.98,5.75,0,0,0,0,0,0,0,0,None,0.55,0.45,6.69,-0.14,-0.17,-0.08,1.25,0.37,Debt : Ultra Short Duration,Nil
DSP 10Y G-Sec Fund-Reg(G),Shantanu Godambe,DT-GL10Y,0,61.4,0.51,26-09-2014,Crisil 10 Yr Gilt Index,22.03,22.04,19.78,1.12,4.68,6.11,10.85,8.71,9.1,5.23,7.23,0,0,0,0,0,0,0,0,None,8.63,6.31,6.43,-0.01,0.27,0.56,0.96,2.58,Debt : Gilt (10 Yr Constant Duration),NIL
DSP Aggressive Hybrid Fund-Reg(G),Abhishek Singh,HY-EQ,4,10829.3,1.72,27-05-1999,CRISIL Hybrid 35+65 - Aggressive Index,356.43,358.97,307.09,1.5,10.81,2.47,14.5,20.54,18.35,19.03,12.64,20.76,3.49,116,41,192376,47.33,12.3,6.71,Financials,14.9,5.84,6.92,0.26,0.33,0.78,1.04,10.23,Hybrid : Equity Oriented,NIL upto 10% of investment within 12M 1% exceding 10% of investment within 12M NIL after 12M
DSP Arbitrage Fund-Reg(G),Kaivalya Nadkarni,HY-ARB,2,6152.9,0.98,25-01-2018,Nifty 50 Arbitrage,14.87,14.87,13.93,0.36,1.68,3.26,6.98,7.22,6.71,5.31,0,18.59,2.61,1232,176,169712,45.85,18.45,6.08,Financials,0.18,0.36,6.64,-0.02,-0.01,-0.01,0.6,0.55,Hybrid : Arbitrage,Nil upto 10% of units and 0.25% for Excess units on or before 30D Nil after 30D
DSP Banking & Financial Services Fund-Reg(G),Dhaval Gada,EQ-FIN,0,1209.6,2.16,08-12-2023,Nifty Financial Services - TRI,13.03,13.18,10.34,3.71,15.41,8.72,20.14,0,0,0,0,19.77,3.16,79,22,225909,62.69,8.94,9.61,Financials,0,0,0,0.3,0.25,0.55,0.89,14.36,Equity : Sectoral - Financial Services,0.50% on or before 1M Nil after 1M
DSP Banking & PSU Debt Fund-Reg(G),Shantanu Godambe,DT-B&PSU,4,3666.3,0.58,14-09-2013,NIFTY Banking and PSU Debt Index,24.23,24.24,21.97,0.99,4.38,5.37,10,8.43,7.8,6.31,7.42,0,0,0,0,0,0,0,0,None,9.84,5.13,6.86,0,0.22,0.37,0.4,1.4,Debt : Banking & PSU,Nil
DSP Bond Fund-Reg(G),Vivekanand Ramakrishnan,DT-MD,3,309,0.72,29-04-1997,CRISIL Medium Duration Debt Index,82.28,82.28,74.51,1.24,4.36,5.8,10.23,8.33,8.04,6.23,6.34,0,0,0,0,0,0,0,0,None,4.08,3.32,6.75,0,0.25,0.39,0.48,1.44,Debt : Medium Duration,Nil
DSP BSE Sensex Next 30 Index Fund-Reg(G),Anil Ghelani,EQ-INDX,0,9.6,0.83,30-01-2025,BSE Sensex Next 30 - TRI,10.75,10.95,9.34,2.96,13.68,0,0,0,0,0,0,20.57,3.09,11,30,172020,91.97,1.97,0,Financials,0,0,0,0,0,0,0,0,Equity : Index Funds,NIL
DSP Business Cycle Fund-Reg(G),Charanjit Singh,EQ-THEM,0,1028.8,2.19,17-12-2024,NIFTY 500 - TRI,9.75,10.09,8.58,2.45,13.14,0,0,0,0,0,0,25.23,3.71,10,45,96549,48.17,16.15,21.28,Financials,0,0,0,0,0,0,0,0,Equity : Thematic,0.50% on or before 1M Nil after 1M
DSP Corp Bond Fund-Reg(G),Shantanu Godambe,DT-CORP,3,2607.4,0.55,10-09-2018,CRISIL Corporate Bond Index,15.95,15.95,14.62,0.96,3.14,4.71,8.94,7.57,7.54,5.71,0,0,0,0,0,0,0,0,0,None,1.87,1.65,6.82,-0.04,0.14,0.21,0.47,1.47,Debt : Corporate Bond,NIL
DSP Credit Risk Fund-Reg(G),Vivekanand Ramakrishnan,DT-CR,3,207.3,1.12,13-05-2003,CRISIL Credit Risk Debt Index,49.58,49.58,40.17,1.59,11.57,18.59,23.26,19.17,14.8,11.6,8.11,0,0,0,0,0,0,0,0,None,2.63,1.93,7.34,0.56,0.27,2.21,0.16,7.65,Debt : Credit Risk,Nil for 10% of investment and 1% for remaining Investment on or before 12M Nil after 12M
DSP CRISIL-IBX 50:50 Gilt Plus SDL - April 2033 Index Fund-Reg(G),Shantanu Godambe,DT-LD,0,399.7,0.41,25-01-2023,CRISIL-IBX 50:50 Gilt Plus SDL Index - April 2033,12.49,12.51,11.15,1.31,5.28,6.57,11.85,9.25,0,0,0,0,0,0,0,0,0,0,0,None,7.37,5.55,6.57,0.02,0.41,0.85,0.9,2.24,Debt : Long Duration,Nil
DSP CRISIL-IBX Financial Services 3-6 Months Debt Index Fund-Reg(G),Karan Mundhra,DT-USD,0,0,0,00-01-1900,CRISIL-IBX Financial Services 3 to 6 Months Debt Index,0,0,0,0,0,0,0,0,0,0,0,0,0,0,0,0,0,0,0,None,0,0,0,0,0,0,0,0,Debt : Ultra Short Duration,NIL
DSP Dynamic Asset Allocation Fund-Reg(G),Rohit Singhania,HY-DYN,3,3310.6,1.91,06-02-2014,CRISIL Hybrid 50+50 - Moderate Index,27.34,27.39,24.54,1.7,7.1,3.04,9.18,14.52,12.77,11.7,9,19.18,3.05,503,70,199272,50.26,8.44,7.79,Financials,3.28,2.49,6.76,0.15,0.28,0.71,0.45,6.33,Hybrid : Dynamic Asset Allocation,1% on or before 1M Nil after 1M
DSP ELSS Tax Saver Fund-Reg(G),Rohit Singhania,EQ-ELSS,4,16638,1.64,18-01-2007,NIFTY 500 - TRI,137.8,145.41,121.44,2.15,13.16,-0.79,8.91,26.21,22.01,26.23,15.72,18.87,2.89,34,62,180149,62.84,18.21,12.17,Financials,0,0,0,0.31,0.33,0.74,0.95,13.54,Equity : Tax Saving (ELSS),Nil
DSP Equity Savings Fund-Reg(G),Abhishek Singh,HY-EQ,2,2704,1.26,28-03-2016,NIFTY 50 Equity Savings Index - TRI,21.66,21.73,19.58,0.39,4.4,2.65,10.42,12.24,10.87,12.3,0,18.18,2.84,548,92,282616,54.39,7.99,3.68,Financials,7,2.98,6.62,0.19,0.3,0.78,0.63,3.93,Hybrid : Equity Oriented,Nil
DSP Flexi Cap Fund-Reg(G),Bhavin Gandhi,EQ-FLEX,4,11411.6,1.74,07-06-2007,NIFTY 500 - TRI,101.45,108.4,88.94,3.76,13.76,-1.95,8.33,21.66,20,22.24,14.08,22.79,3.73,22,59,143064,57.51,24.62,12.79,Financials,0,0,0,0.16,0.28,0.61,0.97,14.17,Equity : Flexi Cap,1% on or before 12M Nil after 12M
DSP Floater Fund-Reg(G),Shantanu Godambe,DT-FL,0,576.5,0.51,19-03-2021,CRISIL Short Duration Debt Index,13.23,13.24,12,0.81,3.55,5,10.09,9.09,8.29,0,0,0,0,0,0,0,0,0,0,None,8.94,2.69,6.89,0.07,0.4,0.48,0.26,1.07,Debt : Floater,Nil
DSP Focused Fund-Reg(G),Bhavin Gandhi,EQ-MLC,2,2470.9,2.04,10-06-2010,NIFTY 500 - TRI,53.61,56.84,47.41,3.21,12.01,-0.05,8.9,24.34,20.47,21.16,11.79,23.98,3.82,23,29,128292,51.29,24.35,13.8,Financials,0,0,0,0.19,0.28,0.64,0.96,14.35,Equity : Multi Cap,1% on or before 1M Nil after 1M
DSP Gilt Fund-Reg(G),Shantanu Godambe,DT-GILT,4,1736.7,1.13,30-09-1999,CRISIL Dynamic Gilt Index,97.28,97.67,87.64,0.17,5.5,5.5,10.36,9.21,8.8,6.48,8.05,0,0,0,0,0,0,0,0,None,27.82,10.48,6.8,0.01,0.24,0.6,0.82,2.75,Debt : Gilt,Nil
DSP Healthcare Fund-Reg(G),Chirag Dagli,EQ-PHRM,5,2912,1.94,30-11-2018,BSE Health Care - TRI,37.73,41.92,32.41,2.09,5.06,-9.39,18.48,28.75,23.94,23.38,0,42.02,5.23,22,30,34234,23.86,26.2,35.83,Healthcare,0,0,0,0.08,0.33,0.72,0.86,13.91,Equity : Sectoral - Pharma,0.50% on or before 1M Nil after 1M
DSP India T.I.G.E.R Fund-Reg(G),Charanjit Singh,EQ-INFRA,3,4950.1,1.89,11-06-2004,BSE India Infrastructure Index - TRI,308.69,350.04,258.53,7.14,19.09,-7.74,-5.34,32.49,29.85,35.09,16.02,27.06,3.89,50,70,38047,34.8,11.49,40.48,Energy,0,0,0,2.66,0.35,0.67,0.75,17.99,Equity : Sectoral - Infrastructure,1% before 12M Nil on or after 12M
DSP Large & Mid Cap Fund-Reg(G),Rohit Singhania,EQ-L&M,3,14386.9,1.7,16-05-2000,NIFTY LargeMidcap 250 - TRI,609.79,647.61,535.7,2.63,13.45,-1.24,7.46,26.75,23.24,25.64,15.26,18.98,2.88,41,71,132558,49.62,34.22,8.98,Financials,0,0,0,0.23,0.35,0.78,0.93,13.7,Equity : Large & Mid Cap,1% before 12M Nil on or after 12M
DSP Large Cap Fund-Reg(G),Abhishek Singh,EQ-LC,1,5611,1.88,10-03-2003,BSE 100 - TRI,468.56,486.27,409.54,1.11,11.23,1.61,12.4,22.94,20.79,21.13,11.59,17.75,2.93,27,30,313116,76.51,6.99,3.19,Financials,0,0,0,0.41,0.35,0.82,0.87,11.67,Equity : Large Cap,1% before 12M Nil on or after 12M
DSP Liquidity Fund-Reg(G),Karan Mundhra,DT-LIQ,3,17845.1,0.19,22-11-2005,CRISIL Liquid Debt Index,3711.64,3711.65,3461.26,0.56,1.82,3.57,7.26,7.24,6.9,5.46,6.22,0,0,0,0,0,0,0,0,None,0.11,0.1,6.51,-0.01,0.19,0.06,1.19,0.25,Debt : Liquid,0.007% for Day 1 0.0065% on Day 2 0.0060% on Day 3 0.0055% on Day 4 0.0050% on Day 5 0.0045% on Day 6 NIL after 7D
DSP Low Duration Fund-Reg(G),Karan Mundhra,DT-LOWD,4,4826.9,0.61,10-03-2015,NIFTY Low Duration Debt Index,19.79,19.79,18.31,0.8,2.53,4.18,8.02,7.46,7.05,5.8,6.81,0,0,0,0,0,0,0,0,None,1.25,0.89,6.83,0.01,0.21,0.12,0.77,0.5,Debt : Low Duration,Nil
DSP Midcap Fund-Reg(G),Vinit Sambre,EQ-MID,2,17657.9,1.68,14-11-2006,Nifty Midcap 150 - TRI,143.56,153.74,120.64,6.58,17.71,-3.66,6.09,25.85,20.96,22.62,14.82,27.99,3.91,37,57,46900,10.56,66.12,16.7,Financials,0,0,0,-0.34,0.25,0.51,0.95,16.32,Equity : Mid Cap,1% before 12M Nil on or after 12M
DSP Multi Asset Allocation Fund-Reg(G),Aparna Karnik,HY-MULTI,0,2950.3,1.59,27-09-2023,NIFTY 500 - TRI,13.46,13.46,11.77,3.4,8.02,5.13,13.91,0,0,0,0,18.65,2.98,66,47,182676,25.53,6.95,4.57,Financials,13.83,5.7,6.83,0.6,0.52,1.14,0.4,6.67,Hybrid : Multi Asset Allocation,Nil upto 10% of units and 1% for remaining units on or before 12M Nil after 12M
DSP Multicap Fund-Reg(G),Chirag Dagli,EQ-MLC,0,2070.7,2.01,30-01-2024,Nifty500 Multicap 50:25:25 - TRI,11.88,12.94,10.13,7.24,16.61,-4.22,6.88,0,0,0,0,28.31,4.1,17,64,51032,25.15,33.59,32.59,Financials,0,0,0,0.09,0.11,0.2,1.03,17.16,Equity : Multi Cap,1% on or before 12M Nil after 12M
DSP Natural Res & New Energy Fund-Reg(G),Rohit Singhania,EQ-POWER,0,1227.2,2.15,25-04-2008,BSE OIL & GAS Index,87.32,98.85,76.96,3.84,12.15,-3.73,-7.63,22.79,18.39,27.89,16.8,11.43,1.65,28,22,108890,46.38,30.72,8.88,Energy,0,0,0,0.28,0.21,0.39,0.71,17.5,Equity : Sectoral - Energy / Power,Nil
DSP Nifty 50 Equal Weight Index Fund-Reg(G),Anil Ghelani,EQ-INDX,5,2068.5,0.92,23-10-2017,NIFTY50 Equal Weight - TRI,24.56,26.92,22.02,1.8,10.86,0.99,4.61,19.22,18.53,24.39,0,24.27,3.32,31,50,282479,95.39,4.62,0,Financials,0,0,0,-0.08,0.27,0.59,1,13.28,Equity : Index Funds,Nil
DSP NIFTY 50 Index Fund-Reg(G),Anil Ghelani,EQ-INDX,3,718,0.36,21-02-2019,NIFTY 50 - TRI,23.69,25.1,21.2,1.02,11.15,0.68,6.24,16,14.85,20.48,0,22.53,3.38,9,50,563962,98.99,0.95,0,Financials,0,0,0,-0.03,0.22,0.49,1,12.48,Equity : Index Funds,Nil
DSP Nifty Bank Index Fund-Reg(G),Anil Ghelani,EQ-INDX,0,51.1,0.8,31-05-2024,NIFTY BANK - TRI,11.3,11.35,9.72,0.97,15.49,5.22,8.57,0,0,0,0,14.88,2.02,46,12,517646,83.53,16.12,0,Financials,0,0,0,-0.08,0.07,0.14,1,15.16,Equity : Index Funds,Nil
DSP Nifty Healthcare ETF,Anil Ghelani,EQ-PHRM,0,10,0.2,01-02-2024,Nifty Healthcare Index - TRI,139.46,151.17,121.57,-0.76,8.75,-3.17,17.42,0,0,0,0,36.86,5.39,32,20,122148,77.44,20.53,1.99,Healthcare,0,0,0,-0.02,0.18,0.34,1,14.72,Equity : Sectoral - Pharma,null
DSP Nifty Healthcare Index Fund-Reg(G),Anil Ghelani,EQ-PHRM,0,0,0,00-01-1900,Nifty Healthcare Index - TRI,0,0,0,0,0,0,0,0,0,0,0,0,0,0,0,0,0,0,0,None,0,0,0,0,0,0,0,0,Equity : Sectoral - Pharma,NIL
DSP Nifty IT Index Fund-Reg(G),Anil Ghelani,EQ-INDX,0,0,0,00-01-1900,NIFTY IT - TRI,0,0,0,0,0,0,0,0,0,0,0,0,0,0,0,0,0,0,0,None,0,0,0,0,0,0,0,0,Equity : Index Funds,NIL
DSP Nifty Midcap 150 Quality 50 Index Fund-Reg(G),Anil Ghelani,EQ-INDX,0,410,0.86,04-08-2022,NIFTY Midcap150 Quality 50 - TRI,14.63,15.58,12.22,6.41,17.73,-2.56,4.89,20.39,0,0,0,36.92,8.19,56,50,54423,10.85,79.39,9.77,Technology,0,0,0,-0.07,0.16,0.32,1,14.58,Equity : Index Funds,Nil
DSP NIFTY Next 50 Index Fund-Reg(G),Anil Ghelani,EQ-INDX,3,948.8,0.61,21-02-2019,NIFTY NEXT 50 - TRI,25.75,29.99,21.99,3.49,15.6,-7.32,-5.64,25.49,20.44,21.91,0,22.22,3.5,78,51,121422,90.25,8.8,0,Financials,0,0,0,-0.05,0.21,0.39,1,18.88,Equity : Index Funds,Nil
DSP Nifty Private Bank Index Fund-Reg(G),Anil Ghelani,EQ-INDX,0,14.9,1.01,06-03-2025,Nifty Private Bank - TRI,11.2,11.4,9.79,-0.31,0,0,0,0,0,0,0,17.89,2.1,9,10,422672,84.79,18.06,2.61,Financials,0,0,0,0,0,0,0,0,Equity : Index Funds,NIL
DSP Nifty SDL Plus G-Sec Jun 2028 30:70 Index Fund-Reg(G),Shantanu Godambe,DT-M&LD,0,2166.8,0.29,21-03-2022,Nifty SDL Plus G-Sec Jun 2028 70:30 Index,12.47,12.47,11.32,1.16,3.54,5.37,10.03,8.25,8.38,0,0,0,0,0,0,0,0,0,0,None,2.69,2.36,6.22,0.01,0.28,0.46,0.56,1.63,Debt : Medium to Long Duration,Nil
DSP Nifty SDL Plus G-Sec Sep 2027 50:50 Index Fund-Reg(G),Shantanu Godambe,DT-M&LD,0,84.8,0.31,14-02-2023,Nifty SDL Plus G-Sec Sep 2027 50:50 Index,12.07,12.08,11.02,1.1,3.28,5.05,9.47,7.98,0,0,0,0,0,0,0,0,0,0,0,None,2.21,1.98,6.25,0.04,0.48,0.58,0.41,1.12,Debt : Medium to Long Duration,Nil
DSP Nifty Smallcap250 Quality 50 Index Fund-Reg(G),Anil Ghelani,EQ-INDX,0,221.6,0.98,26-12-2023,Nifty Smallcap250 Quality 50 - TRI,11.89,13.72,9.66,12.41,22.62,-9.53,8.54,0,0,0,0,25.24,4.39,102,50,16384,0,5.54,94.45,Financials,0,0,0,-0.09,0.06,0.1,1,24.36,Equity : Index Funds,Nil
DSP Nifty Top 10 Equal Weight Index Fund-Reg(G),Anil Ghelani,EQ-INDX,0,1625.6,0.94,05-09-2024,Nifty Top 10 Equal Weight - TRI,9.92,10.31,8.97,0.22,10.05,0.47,0,0,0,0,0,21.14,3.73,26,10,800912,100.72,0,0,Financials,0,0,0,0,0,0,0,0,Equity : Index Funds,Nil
DSP Overnight Fund-Reg(G),Karan Mundhra,DT-ON,5,1248.2,0.12,09-01-2019,CRISIL Liquid Overnight Index,1374.77,1374.77,1292.01,0.48,1.5,3.1,6.43,6.58,6.35,5.07,0,0,0,0,0,0,0,0,0,None,0.01,0,6.08,-0.01,-0.51,-0.12,1,0.18,Debt : Overnight,Nil
DSP Quant Fund-Reg(G),Aparna Karnik,EQ-THEM,0,975.3,1.28,10-06-2019,BSE 200 - TRI,20.85,23.45,18.72,2.19,8.86,-4,5.64,12.27,11.82,16.6,0,22.69,4.12,97,40,183728,62.02,36.14,0,Financials,0,0,0,-0.3,0.14,0.3,0.89,12.69,Equity : Thematic,Nil
DSP Regular Savings Fund-Reg(G),Abhishek Singh,HY-DT(CO),2,166.7,1.11,11-06-2004,CRISIL Hybrid 85+15 - Conservative Index,58.61,58.64,52.6,1.02,5.58,4.2,10.98,11.97,10.7,10.04,7.26,19.56,3.06,0,29,191038,10.79,2.03,1.72,Financials,3.54,2.61,6.41,0.06,0.32,0.8,0.94,3.39,Hybrid : Debt Oriented (Conservative),Nil
DSP Savings Fund-Reg(G),Karan Mundhra,DT-MM,3,4009.4,0.39,30-09-1999,CRISIL Money Market Index,52.47,52.47,48.76,0.68,2.22,3.9,7.6,7.37,7.06,5.61,6.29,0,0,0,0,0,0,0,0,None,0.53,0.5,6.73,0.02,0.27,0.13,0.61,0.42,Debt : Money Market,Nil
DSP Short Term Fund-Reg(G),Karan Mundhra,DT-SD,3,3192.4,0.92,09-09-2002,CRISIL Short Duration Debt Index,46.69,46.69,42.65,1.06,3.52,4.99,9.33,7.79,7.29,5.88,6.79,0,0,0,0,0,0,0,0,None,4.06,2.72,6.91,-0.03,0.15,0.2,0.33,1.05,Debt : Short Duration,Nil
DSP Small Cap Fund-Reg(G),Vinit Sambre,EQ-SML,3,14258,1.73,14-06-2007,BSE 250 Small Cap - TRI,195.58,207.45,157.05,14.91,24.05,-3.39,16.01,25.92,23.26,33.83,17,26.56,3.37,24,75,8306,0,5.08,87.75,FMCG,0,0,0,-0.03,0.24,0.44,0.88,17.64,Equity : Small Cap,1% before 12M Nil on or after 12M
DSP Strategic Bond Fund-Reg(G),Sandeep Yadav,DT-DYN,5,1585.9,1.19,09-05-2007,CRISIL Dynamic Bond Index,3419.48,3431.73,3085.1,0.29,5.51,5.33,10.18,8.94,8.45,6.21,7.39,0,0,0,0,0,0,0,0,None,26.25,10.41,6.84,-0.38,0.2,0.51,1.72,2.76,Debt : Dynamic Bond,Nil
DSP Ultra Short Fund-Reg(G),Shalini Vasanta,DT-USD,2,4197.5,1.02,31-07-2006,CRISIL Ultra Short Term Debt Index,3394.38,3394.38,3161.3,0.64,2.18,3.84,7.36,7.08,6.64,5.2,5.88,0,0,0,0,0,0,0,0,None,0.5,0.44,6.79,-0.09,0,0,1,0.38,Debt : Ultra Short Duration,Nil
DSP Value Fund-Reg(G),Aparna Karnik,EQ-VAL,0,948.8,1.71,10-12-2020,NIFTY 500 - TRI,20.98,21.68,18.64,4.75,9.01,1.77,11.96,7.47,19.52,0,0,21.13,3.22,116,63,132469,42.64,10.13,12.65,Financials,0,0,0,0.36,0.35,0.8,0.71,10.88,Equity : Value / Contra,1% on or before 12M Nil after 12M
Edelweiss Aggressive Hybrid Fund-Reg(G),Bharat Lahoti,HY-MULTI,0,2612.2,1.92,11-08-2009,CRISIL Hybrid 35+65 - Aggressive Index,62.49,64.44,55.35,2.26,10.5,1.43,8.95,20.71,18.82,21.34,12.18,25.16,3.88,139,81,230145,54.26,11.66,5.14,Financials,1.54,1.29,6.61,0.29,0.35,0.76,1.04,9.81,Hybrid : Multi Asset Allocation,Nil upto 10% of units and 1% for remaining units on or before 90D Nil after 90D
Edelweiss Arbitrage Fund-Reg(G),Bhavesh Jain,HY-ARB,4,14307.2,1.06,27-06-2014,Nifty 50 Arbitrage,19.29,19.29,18.05,0.36,1.71,3.36,7.09,7.41,6.83,5.52,5.9,21.69,2.81,1433,182,161289,43.43,18.05,5.53,Financials,0.46,0.45,6.54,-0.01,0.05,0.04,0.65,0.57,Hybrid : Arbitrage,0.25% on or before 15D Nil after 15D
Edelweiss Balanced Advantage Fund-Reg(G),Bhavesh Jain,HY-DYN,5,12455.3,1.69,20-08-2009,NIFTY 50 Hybrid Composite Debt 50:50 Index,49.97,52.04,46.04,1.71,8.2,0.14,3.74,14.37,13.18,15.4,10.12,22.02,3.56,240,90,264750,58.84,10.37,5.57,Financials,1,0.85,6.33,0.07,0.24,0.53,0.61,8.11,Hybrid : Dynamic Asset Allocation,Nil upto 10% of units and 1% for remaining units on or before 90D Nil after 90D
Edelweiss Banking and PSU Debt Fund-Reg(G),Dhawal Dalal,DT-B&PSU,5,270.4,0.69,13-09-2013,CRISIL Banking and PSU Debt Index,24.78,24.79,22.45,1.3,4.34,5.44,10.19,7.97,8.2,6.57,7.67,0,0,0,0,0,0,0,0,None,5.29,3.9,6.73,-0.1,0.21,0.4,1.36,1.94,Debt : Banking & PSU,NIL
Edelweiss BSE Internet Economy Index Fund-Reg(G),Bhavesh Jain,EQ-THEM,0,0,0,15-05-2025,BSE Internet Economy - TRI,10.31,10.31,9.77,0,0,0,0,0,0,0,0,0,0,0,0,0,0,0,0,None,0,0,0,0,0,0,0,0,Equity : Thematic,0.10% on or before 30D Nil after 30D
Edelweiss Business Cycle Fund-Reg(G),Bhavesh Jain,EQ-THEM,0,1763,2.03,29-07-2024,NIFTY 500 - TRI,8.77,10.3,7.53,4.88,15.58,-7.15,0,0,0,0,0,32.29,5.86,0,57,104654,46.15,38.08,4.52,Financials,0,0,0,0,0,0,0,0,Equity : Thematic,1% on or before 90D Nil after 90D
Edelweiss Consumption Fund-Reg(G),Dhruv Bhatia,EQ-CONS,0,347.9,2.38,20-02-2025,Nifty India Consumption - TRI,10.84,10.96,9.71,1.55,10.39,0,0,0,0,0,0,40.05,8.12,0,40,178352,70.56,23.5,2.9,FMCG,0,0,0,0,0,0,0,0,Equity : Thematic - Consumption,1% on or before 90D Nil after 90D
Edelweiss CRISIL IBX 50:50 Gilt Plus SDL April 2037 Index Fund-Reg(G),Dhawal Dalal,DT-LD,0,1089.1,0.46,11-10-2022,CRISIL IBX 50:50 Gilt Plus SDL Index - April 2037,13,13.05,11.54,0.85,5.29,6.66,11.98,9.46,0,0,0,0,0,0,0,0,0,0,0,None,11.42,7.55,6.71,0.03,0.41,0.91,1.08,2.76,Debt : Long Duration,0.10% on or before 30D Nil after 30D
Edelweiss CRISIL IBX 50:50 Gilt Plus SDL June 2027 Index Fund-Reg(G),Dhawal Dalal,DT-M&LD,0,94.3,0.44,18-10-2022,CRISIL IBX 50:50 Gilt Plus SDL Index - June 2027,12.29,12.29,11.24,1.05,3.11,4.84,9.21,7.78,0,0,0,0,0,0,0,0,0,0,0,None,2.01,1.8,6.24,0.01,0.36,0.48,0.43,1.18,Debt : Medium to Long Duration,0.10% on or before 30D Nil after 30D
Edelweiss CRISIL IBX 50:50 Gilt Plus SDL Sep 2028 Index Fund-Reg(G),Dhawal Dalal,DT-M&LD,0,151.3,0.46,10-11-2022,CRISIL IBX 50:50 Gilt Plus SDL Index - Sep 2028,12.41,12.42,11.24,1.25,3.78,5.58,10.36,8.39,0,0,0,0,0,0,0,0,0,0,0,None,3.08,2.68,6.29,0.02,0.38,0.59,0.53,1.37,Debt : Medium to Long Duration,0.10% upto 30D Nil after 30D
Edelweiss CRISIL IBX 50:50 Gilt Plus SDL Short Duration Index Fund-Reg(G),Rahul Dedhia,DT-SD,0,140.6,0.6,15-02-2023,CRISIL IBX 50:50 Gilt Plus SDL Short Duration Index,12.02,12.02,10.96,1.18,3.53,5.2,9.61,8,0,0,0,0,0,0,0,0,0,0,0,None,3,2.58,6.28,0.03,0.46,0.53,0.37,1.02,Debt : Short Duration,Nil
Edelweiss CRISIL IBX AAA Financial Services Bond - Jan 2028 Index Fund-Reg(G),Dhawal Dalal,DT-M&LD,0,125.7,0.36,27-11-2024,CRISIL-IBX AAA Financial Services Index - Jan 2028,10.53,10.53,10,0.95,3.31,5.04,0,0,0,0,0,0,0,0,0,0,0,0,0,None,2.51,2.14,7.29,0,0,0,0,0,Debt : Medium to Long Duration,0.10% upto 30D Nil after 30D
Edelweiss CRISIL PSU Plus SDL 50:50 Oct 2025 Index Fund-Reg(G),Dhawal Dalal,DT-MD,0,792.8,0.39,10-03-2022,CRISIL IBX 50:50 PSU + SDL Index - October 2025,12.03,12.03,11.2,0.59,1.9,3.56,7.34,6.98,7.06,0,0,0,0,0,0,0,0,0,0,None,0.28,0.27,6.49,-0.03,0.1,0.11,0.28,1,Debt : Medium Duration,0.10% upto 30D Nil after 30D
Edelweiss CRISIL-IBX AAA Bond NBFC-HFC-Jun 2027 Index Fund-Reg(G),Dhawal Dalal,DT-SD,0,82.6,0.34,18-02-2025,CRISIL-IBX AAA NBFC-HFC Index - Jun 2027,10.33,10.33,10,0.85,3.1,0,0,0,0,0,0,0,0,0,0,0,0,0,0,None,2.05,1.76,7.33,0,0,0,0,0,Debt : Short Duration,0.10% on or before 30D Nil after 30D
Edelweiss ELSS Tax saver Fund-Reg(G),Ashwani Agarwalla,EQ-ELSS,3,395.3,2.33,30-12-2008,NIFTY 500 - TRI,108.04,116.83,94.52,3.58,13.83,-3.31,4.72,19.9,18.02,22.02,11.34,24.27,3.65,30,87,221791,68.56,16.74,11.49,Financials,0,0,0,0,0.25,0.5,0.96,13.68,Equity : Tax Saving (ELSS),Nil
Edelweiss Equity Savings Fund-Reg(G),Bharat Lahoti,HY-EQ,2,598.1,1.6,13-10-2014,NIFTY 50 Equity Savings Index,24.81,24.81,22.6,1.28,5.05,3.47,8.95,12.56,11.43,11.25,8.79,22.26,3.18,646,103,152590,47.69,8.71,6.86,Financials,1.89,1.53,6.48,0.22,0.33,0.77,0.67,3.95,Hybrid : Equity Oriented,0.25% on or before 30D Nil after 30D
Edelweiss Flexi Cap Fund-Reg(G),Trideep Bhattacharya,EQ-FLEX,3,2542.3,1.94,03-02-2015,NIFTY 500 - TRI,36.96,40.75,32.78,2.13,11.92,-5.02,4.07,22.36,20.19,24.2,14,27.84,4.07,44,79,226202,72.26,18.64,6.58,Financials,0,0,0,0.15,0.28,0.58,1,14.24,Equity : Flexi Cap,1% on or before 90D Nil after 90D
Edelweiss Focused Fund-Reg(G),Trideep Bhattacharya,EQ-FLEX,0,928.8,2.22,01-08-2022,NIFTY 500 - TRI,16.1,17.46,14.35,1.92,10.78,-4.19,4.9,20.79,0,0,0,27.62,4.14,44,27,322114,79.95,16.04,1.48,Financials,0,0,0,0.13,0.26,0.53,0.99,13.48,Equity : Flexi Cap,1% on or before 90D Nil after 90D
Edelweiss Government Securities Fund-Reg(G),Rahul Dedhia,DT-GILT,5,182.4,1.15,13-02-2014,CRISIL Dynamic Gilt Index,24.92,25.01,22.64,0.28,4.93,5.31,9.58,8.69,8.37,6.7,7.8,0,0,0,0,0,0,0,0,None,27.11,10.98,6.76,-0.04,0.2,0.52,0.86,2.61,Debt : Gilt,NIL
Edelweiss Large & Mid Cap Fund-Reg(G),Sumanta Khan,EQ-L&M,4,3731.5,1.87,14-06-2007,NIFTY LargeMidcap 250 - TRI,85.21,91.07,73.99,4.7,13.78,-4.16,7.79,23.06,20.49,24.93,14.07,26.4,3.94,19,93,134721,55.69,31.98,9.95,Financials,0,0,0,-0.05,0.28,0.57,0.98,14.5,Equity : Large & Mid Cap,1% on or before 90D Nil after 90D
Edelweiss Large Cap Fund-Reg(G),Bharat Lahoti,EQ-LC,3,1228.8,2.13,20-05-2009,NIFTY 100 - TRI,82.55,89.65,73.86,1.48,11.23,-0.81,4.02,17.92,17.33,20.92,12.03,23.7,3.97,112,67,365251,82.67,9.5,0.84,Financials,0,0,0,0.18,0.27,0.58,0.9,12.13,Equity : Large Cap,1% on or before 90D Nil after 90D
Edelweiss Liquid Fund-Reg(G),Rahul Dedhia,DT-LIQ,3,7715.7,0.18,16-09-2008,CRISIL Liquid Debt Index,3324.45,3324.45,3101.14,0.56,1.82,3.58,7.22,7.19,6.84,5.38,6.1,0,0,0,0,0,0,0,0,None,0.14,0.14,6.46,-0.02,0.12,0.04,1.21,0.25,Debt : Liquid,0.007% for Day 1 0.0065% on Day 2 0.0060% on Day 3 0.0055% on Day 4 0.0050% on Day 5 0.0045% on Day 6 NIL on or after 7D
Edelweiss Low Duration Fund-Reg(G),Pranavi Kulkarni,DT-LOWD,0,556.6,1.05,20-03-2025,CRISIL Low Duration Debt Index,1020.48,1020.48,1000,0.67,0,0,0,0,0,0,0,0,0,0,0,0,0,0,0,None,0.85,0.83,6.78,0,0,0,0,0,Debt : Low Duration,NIL
Edelweiss Mid Cap Fund-Reg(G),Trideep Bhattacharya,EQ-MID,4,9242,1.7,26-12-2007,Nifty Midcap 150 - TRI,98.91,103.98,82.9,6.37,18.05,-2.42,13.57,32.51,28.37,33.57,17.58,34.67,5.4,51,75,61083,26.35,59.04,11.17,Financials,0,0,0,0.13,0.35,0.71,0.98,16.68,Equity : Mid Cap,1% on or before 90D Nil after 90D
Edelweiss Money Market Fund-Reg(G),Pranavi Kulkarni,DT-DYN,2,1684.9,0.83,27-06-2008,CRISIL Money Market Index,28.37,28.37,26.39,0.68,2.34,3.95,7.48,7.04,6.5,5.01,6.37,0,0,0,0,0,0,0,0,None,0.72,0.72,6.69,-0.03,-0.09,-0.06,0.74,0.51,Debt : Dynamic Bond,Nil
Edelweiss MSCI India Domestic & World Healthcare 45 Index Fund-Reg(G),Bhavesh Jain,EQ-INDX,0,159.6,1.05,26-10-2020,MSCI India Domestic & World Healthcare 45 Index,18.77,20.41,17.34,-0.76,0.99,-4.16,10.55,21.96,17.7,0,0,38.42,5.5,0,45,110310,51.61,16.27,2.56,Healthcare,0,0,0,0.42,0.26,0.61,0.59,12.02,Equity : Index Funds,Nil
Edelweiss Multi Asset Allocation Fund-Reg(G),Bhavesh Jain,HY-MULTI,0,1611.2,0.72,23-06-2023,CRISIL Short Term Bond Index,11.66,11.66,10.69,0.69,2.9,4.52,9.03,0,0,0,0,21.49,2.68,577,66,287872,21.67,5.71,0.28,Financials,3.83,3.03,6.78,0.1,0.55,0.45,0.02,0.76,Hybrid : Multi Asset Allocation,0.10% on or before 30D Nil after 30D
Edelweiss Multi Cap Fund-Reg(G),Trideep Bhattacharya,EQ-MLC,0,2642,1.93,25-10-2023,Nifty500 Multicap 50:25:25 - TRI,14.67,16.01,12.69,4.25,15.24,-4.99,7.74,0,0,0,0,28.81,4.19,43,95,115023,50.76,24.9,21.9,Financials,0,0,0,0.14,0.28,0.51,1.08,17.57,Equity : Multi Cap,1% on or before 90D Nil after 90D
Edelweiss Nifty 100 Quality 30 Index Fund-Reg(G),Bhavesh Jain,EQ-INDX,0,136,0.85,07-10-2021,NIFTY100 Quality 30 - TRI,14.02,15.93,12.55,3.4,10.66,-3.79,2.34,15.29,16.06,0,0,27.21,6.46,68,30,252156,91.78,8,0,FMCG,0,0,0,-0.07,0.22,0.45,1,13.03,Equity : Index Funds,Nil
Edelweiss Nifty 50 Index Fund-Reg(G),Bhavesh Jain,EQ-INDX,0,162.4,0.5,08-10-2021,NIFTY 50 - TRI,13.95,14.81,12.49,1,11.08,0.56,5.86,15.59,14.47,0,0,22.53,3.38,9,50,563966,99.07,0.95,0,Financials,0,0,0,-0.06,0.21,0.47,1,12.46,Equity : Index Funds,Nil
Edelweiss Nifty Alpha Low Volatility 30 Index Fund-Reg(G),Bhavesh Jain,EQ-INDX,0,152.4,1.1,16-05-2024,NIFTY Alpha Low-Volatility 30 - TRI,9.81,11.77,8.82,0.71,10.18,-6.9,-3.57,0,0,0,0,33.75,5.82,84,31,174825,84.2,14.55,0,Healthcare,0,0,0,-0.11,-0.12,-0.2,1,16.22,Equity : Index Funds,0.10% on or before 15D Nil after 15D
Edelweiss NIFTY Large Mid Cap 250 Index Fund-Reg(G),Bhavesh Jain,EQ-INDX,0,260.1,0.9,01-12-2021,NIFTY LargeMidcap 250 - TRI,16.26,17.3,14,4.29,15.27,-0.74,4.95,23.01,20.39,0,0,25.66,3.69,16,251,158024,54.23,43.19,2.51,Financials,0,0,0,-0.08,0.28,0.58,0.99,14.32,Equity : Index Funds,Nil
Edelweiss Nifty Midcap150 Momentum 50 Index Fund-Reg(G),Bhavesh Jain,EQ-INDX,0,868.5,1.1,30-11-2022,Nifty Midcap150 Momentum 50 - TRI,17.98,19.97,14.78,6.9,19.61,-6.46,-2.32,31.72,0,0,0,36.85,5.57,100,50,69718,27.17,72.19,0.89,Financials,0,0,0,-0.09,0.3,0.54,0.99,19.1,Equity : Index Funds,0.50% on or before 30D Nil after 30D
Edelweiss Nifty Next 50 Index Fund-Reg(G),Bhavesh Jain,EQ-INDX,0,126.8,0.75,30-11-2022,NIFTY NEXT 50 - TRI,15.17,17.7,12.98,3.35,15.32,-7.48,-5.94,24.97,0,0,0,22.22,3.5,72,51,121330,90.22,8.8,0,Financials,0,0,0,-0.08,0.2,0.36,1,18.76,Equity : Index Funds,Nil
Edelweiss Nifty PSU Bond Plus SDL Apr 2026 50:50 Index Fund-Reg(G),Dhawal Dalal,DT-B&PSU,0,7511.7,0.41,18-03-2021,Nifty PSU Bond Plus SDL Apr 2026 50:50 Index,12.92,12.92,11.95,0.75,2.42,4.12,8.05,7.27,7.37,0,0,0,0,0,0,0,0,0,0,None,0.81,0.75,6.57,-0.03,0.15,0.18,0.36,1.2,Debt : Banking & PSU,0.10% on or before 30D Nil after 30D
Edelweiss Nifty PSU Bond Plus SDL Apr 2027 50:50 Index Fund-Reg(G),Dhawal Dalal,DT-M&LD,0,2314.2,0.4,14-10-2021,Nifty PSU Bond Plus SDL Apr 2027 50:50 Index,12.39,12.39,11.35,1.03,3.17,4.81,9.06,7.76,7.83,0,0,0,0,0,0,0,0,0,0,None,1.84,1.66,6.6,-0.02,0.19,0.29,0.48,1.53,Debt : Medium to Long Duration,0.15% upto 30D Nil after 30D
Edelweiss Nifty Smallcap 250 Index Fund-Reg(G),Bhavesh Jain,EQ-INDX,0,119,0.78,30-11-2022,Nifty Smallcap 250 - TRI,17.39,19.1,14.06,10.51,22.97,-6.17,5.75,29.43,0,0,0,26.93,3.11,42,250,17324,0,7.9,92.02,Financials,0,0,0,-0.09,0.26,0.47,1,19.51,Equity : Index Funds,Nil
Edelweiss Nifty500 Multicap Momentum Quality 50 Index Fund-Reg(G),Bhavesh Jain,EQ-INDX,0,205.4,1.02,31-10-2024,Nifty500 Multicap Momentum Quality 50 - TRI,9.28,10.61,7.65,7.63,18.66,-10.7,0,0,0,0,0,42.17,10.12,0,51,88080,52.21,33.69,12.99,Technology,0,0,0,0,0,0,0,0,Equity : Index Funds,0.10% on or before 30D Nil after 30D
Edelweiss Overnight Fund-Reg(G),Pranavi Kulkarni,DT-ON,3,211.6,0.16,24-07-2019,CRISIL Liquid Overnight Index,1330.72,1330.72,1251.15,0.48,1.48,3.08,6.38,6.54,6.3,5.05,0,0,0,0,0,0,0,0,0,None,0.01,0.01,6.81,-0.02,-0.63,-0.16,0.94,0.18,Debt : Overnight,Nil
Edelweiss Recently Listed IPO Fund-Reg(G),Bhavesh Jain,EQ-THEM,4,843.3,2.31,22-02-2018,India Recent 100 IPO Index,25.66,29.23,21.94,6.73,16.3,-9.17,6.78,20.23,14.74,21.97,0,46.31,5.51,104,52,19757,7.84,25.94,63.48,Capital Goods,0,0,0,-0.07,0.14,0.25,0.96,18.01,Equity : Thematic,2% upto 180D Nil after 180D
Edelweiss Small Cap Fund-Reg(G),Trideep Bhattacharya,EQ-SML,4,4237.2,1.83,07-02-2019,Nifty Smallcap 250 - TRI,43.02,46.97,36.11,8.13,18.57,-6.26,8.34,24.99,23.69,34.38,0,30.55,4.3,16,78,20636,3.39,32.34,60.66,Financials,0,0,0,0.14,0.29,0.55,0.83,16.4,Equity : Small Cap,1% on or before 90D Nil after 90D
Edelweiss Technology Fund-Reg(G),Sumanta Khan,EQ-TECH,0,617.1,2.33,05-03-2024,BSE TECk Index - TRI,11.16,12.74,9.35,6.04,6.42,-9.23,12.05,0,0,0,0,32.85,6.19,6,81,152448,44.58,14.21,11.98,Technology,0,0,0,0.24,0.09,0.19,0.94,19.89,Equity : Sectoral - Technology,1% on or before 90D Nil after 90D
Franklin Asian Equity Fund(G),Shyam Sundar Sriram,EQ-INTL,0,237.1,2.52,16-01-2008,MSCI Asia (ex-Japan) Standard Index,29.27,30.34,25.9,3.51,3.98,2.06,10.69,7.49,4.77,4.58,5.6,28.34,4.2,22.27,47,252329,35.96,3.26,1.13,Financials,0,0,0,-0.21,0.02,0.05,0.31,15.31,Equity : International,1% on or before 1Y
Franklin Build India Fund(G),Ajay Argal,EQ-INFRA,2,2725.6,2,04-09-2009,BSE India Infrastructure Index - TRI,138.89,148.58,117.92,4.62,17.04,-4.03,-2.02,34.69,31.16,34.12,16.67,21.71,2.84,22.2,37,139007,62.33,8.73,23.79,Energy,0,0,0,0.81,0.42,0.89,0.58,15.73,Equity : Sectoral - Infrastructure,1% on or before 1Y
Franklin India Arbitrage Fund-Reg(G),Rajasa Kakulavarapu,HY-ARB,0,236.2,0.98,19-11-2024,Nifty 50 Arbitrage - TRI,10.35,10.35,10,0.36,1.76,3.23,0,0,0,0,0,27.2,2.85,758.52,87,131317,37.51,22.2,9.23,Financials,0.77,0.7,6.53,0,0,0,0,0,Hybrid : Arbitrage,Nil for 10% of units and 1% for remaining units on or before 30D Nil after 30D
Franklin India Balanced Advantage Fund-Reg(G),Rajasa Kakulavarapu,HY-DYN,0,2596.2,1.95,06-09-2022,NIFTY 50 Hybrid Composite Debt 50:50 Index,14.26,14.28,13.07,1.49,7.52,1.32,7.23,16.48,0,0,0,23.95,3.47,319.05,48,268724,52.53,4.64,8.42,Financials,5.81,3.53,6.97,0.25,0.33,0.74,0.49,6.4,Hybrid : Dynamic Asset Allocation,Nil upto 10% of units and 1% for remaining units on or before 1Y Nil after 1Y
Franklin India Banking & PSU Debt Fund(G),Chandni Gupta,DT-B&PSU,3,549.5,0.51,25-04-2014,NIFTY Banking and PSU Debt Index,22.49,22.49,20.56,1.19,3.49,4.97,9.23,7.93,7.47,6.14,7.29,0,0,0,0,0,0,0,0,None,7.41,3.76,6.95,-0.01,0.21,0.23,0.31,1.02,Debt : Banking & PSU,Nil
Franklin India Bluechip Fund(G),Venkatesh Sanjeevi,EQ-LC,5,7600.3,1.87,01-12-1993,NIFTY 100,998.5,1072.65,895.43,0.99,11.1,-1.65,8.98,17.99,15.02,20.17,10.76,28.71,4.32,90.24,38,368627,89.27,6.39,1.12,Financials,0,0,0,0.05,0.23,0.49,0.89,12.09,Equity : Large Cap,1% on or before 1Y
Franklin India Corp Debt Fund-A(G),Anuj Tagra,DT-CORP,1,842.5,0.83,23-06-1997,NIFTY Corporate Bond Index,99.79,99.79,90.11,1.2,4.74,6.15,10.58,8.44,7.69,6.72,7.36,0,0,0,0,0,0,0,0,None,7.57,3.82,7.16,0.01,0.2,0.3,0.29,1.29,Debt : Corporate Bond,NIL
Franklin India Debt Hybrid Fund(G),Rohan Maru,HY-DT(CO),2,203.9,1.39,28-09-2000,CRISIL Hybrid 85+15 - Conservative Index,90.46,90.55,82.35,1.25,5.73,3.46,8.63,11.49,10.5,9.69,7.54,24.54,3.58,0,48,238788,18.25,1.62,4.04,Financials,8.21,5.42,7.07,0.02,0.31,0.78,1.04,3.54,Hybrid : Debt Oriented (Conservative),Nil
Franklin India ELSS Tax Saver Fund(G),R. Janakiraman,EQ-ELSS,3,6592.4,1.82,10-04-1999,NIFTY 500 - TRI,1464.3,1556.69,1292.76,2.04,12.34,-2.14,6.88,25.08,21.63,26.47,13.12,25.55,3.69,21.78,52,280322,76.7,9.75,8.27,Financials,0,0,0,0.3,0.33,0.69,0.93,13.12,Equity : Tax Saving (ELSS),Nil
Franklin India Equity Advantage Fund(G),Venkatesh Sanjeevi,EQ-L&M,3,3375,2.03,02-03-2005,NIFTY LargeMidcap 250,187.11,198.32,162.48,4.11,13.62,-1.05,11.66,22.27,17.82,24.92,11.39,34.7,4.92,111.85,54,109535,47.91,35.12,14.48,Financials,0,0,0,-0.13,0.25,0.53,0.89,13.25,Equity : Large & Mid Cap,1% on or before 1Y
Franklin India Equity Hybrid Fund(G),Rajasa Kakulavarapu,HY-EQ,4,2131.3,2.07,10-12-1999,CRISIL Hybrid 35+65 - Aggressive Index,268.46,272.84,243.27,1.86,9.51,0.25,7.02,19.23,16.96,19.74,11.44,24.77,3.59,61.78,50,254184,52.37,4.91,9.88,Financials,5.55,3.54,7.2,0.19,0.32,0.72,0.99,9.27,Hybrid : Equity Oriented,Nil upto 10% of units on or before 1Y For excess units 1% on or before 1Y & Nil after 1Y
Franklin India Equity Savings Fund(G),Rajasa Kakulavarapu,HY-EQ,2,671.6,1.12,27-08-2018,NIFTY 50 Equity Savings Index,16.23,16.23,15.12,0.67,3.13,2.08,6.6,9.51,8.9,10.87,0,20.93,2.93,699.33,62,327281,58.77,7.07,0.95,Financials,5.62,3.8,6.78,0,0.2,0.47,0.25,3.44,Hybrid : Equity Oriented,Nil
Franklin India Flexi Cap Fund(G),R. Janakiraman,EQ-FLEX,4,18224.6,1.72,29-09-1994,NIFTY 500 - TRI,1621.47,1713.01,1427.58,2.19,12.67,-1.42,7.07,24.8,21.28,26.74,13.8,25.91,3.83,28.36,53,267713,75.98,9.24,7.9,Financials,0,0,0,0.3,0.33,0.7,0.91,12.88,Equity : Flexi Cap,1% on or before 1Y
Franklin India Floating Rate Fund(G),Pallab Roy,DT-FL,2,337,0.98,23-04-2001,Nifty Short Duration Debt Index,40.79,40.81,37.24,0.88,3.56,5.08,9.54,8.63,7.89,6.3,6.34,0,0,0,0,0,0,0,0,None,9.28,4.06,7.2,0.07,0.34,0.33,1.04,0.92,Debt : Floater,Nil
Franklin India Focused Equity Fund(G),Ajay Argal,EQ-MLC,3,11968.5,1.78,26-07-2007,NIFTY 500 - TRI,105.51,115.08,94.14,1.15,10.66,-2.44,4.11,20.24,19.43,25.06,13.4,28.09,3.68,19.25,28,352212,76.55,11.61,5.98,Financials,4.82,3.33,14.04,0.16,0.29,0.6,0.91,12.97,Equity : Multi Cap,1% on or before 1Y
Franklin India G-Sec Fund(G),Anuj Tagra,DT-GILT,1,155.9,1.15,07-12-2001,Nifty All Duration G-Sec Index,59.22,59.37,53.89,0.52,3.82,5.31,9.68,7.47,7.11,4.88,6.06,0,0,0,0,0,0,0,0,None,20.39,7.02,6.8,-0.08,0.08,0.15,0.53,1.64,Debt : Gilt,Nil
Franklin India Liquid Fund-Super Inst(G),Pallab Roy,DT-LIQ,4,2866,0.2,02-09-2005,Nifty Liquid Fund Index,3913.37,3913.37,3647.69,0.56,1.87,3.62,7.31,7.27,6.92,5.47,6.32,0,0,0,0,0,0,0,0,None,0.14,0.13,6.5,0.01,0.21,0.06,0.28,0.26,Debt : Liquid,0.007% for Day 1 0.0065% on Day 2 0.0060% on Day 3 0.0055% on Day 4 0.0050% on Day 5 0.0045% on Day 6 NIL after 7D
Franklin India Long Duration Fund-Reg(G),Chandni Gupta,DT-LD,0,27.6,0.85,11-12-2024,CRISIL Long Duration Debt Index,10.56,10.61,9.97,-0.11,4.94,0,0,0,0,0,0,0,0,0,0,0,0,0,0,None,27.28,10.46,6.76,0,0,0,0,0,Debt : Long Duration,NIL
Franklin India Low Duration Fund-Reg(G),Chandni Gupta,DT-LOWD,0,336.9,0.87,06-03-2025,NIFTY Low Duration Debt Index,10.25,10.25,10,0.74,0,0,0,0,0,0,0,0,0,0,0,0,0,0,0,None,1.71,0.94,6.9,0,0,0,0,0,Debt : Low Duration,Nil
Franklin India Medium to Long Duration Fund-Reg(G),Chandni Gupta,DT-M&LD,0,53.3,0.76,24-09-2024,CRISIL Medium to Long Term Debt Index,10.7,10.71,9.99,0.76,4.22,5.67,0,0,0,0,0,0,0,0,0,0,0,0,0,None,11.98,6.5,6.81,0,0,0,0,0,Debt : Medium to Long Duration,Nil
Franklin India Money Market Fund(G),Rohan Maru,DT-MM,4,3472.4,0.29,11-02-2002,Nifty Money Market Index,50.05,50.05,46.26,0.74,2.55,4.33,8.18,7.76,7.31,5.86,6.85,0,0,0,0,0,0,0,0,None,0.79,0.74,6.71,0.04,0.38,0.2,0.66,0.47,Debt : Money Market,Nil
Franklin India Multi Cap Fund-Reg(G),R. Janakiraman,EQ-MLC,0,4663,1.81,29-07-2024,Nifty500 Multicap 50:25:25 - TRI,9.93,10.66,8.62,3.04,14.16,-3.49,0,0,0,0,0,29.58,3.9,37.94,65,100573,42.46,26.23,24.77,Financials,0,0,0,0,0,0,0,0,Equity : Multi Cap,1% before 1Y
Franklin India NSE Nifty 50 Index Fund(G),Shyam Sundar Sriram,EQ-INDX,2,726.8,0.63,04-08-2000,NIFTY 50,197.96,209.98,177.36,0.99,11.04,0.56,6.12,15.7,14.57,20.11,11.59,22.53,3.38,8.61,50,564202,98.71,0.95,0,Financials,0,0,0,0.05,0.21,0.48,0.99,12.39,Equity : Index Funds,NIL
Franklin India Opportunities Fund(G),R. Janakiraman,EQ-THEM,3,6485,1.79,21-02-2000,NIFTY 500,246.07,261.13,212.78,3.53,14.95,-3.37,5.95,36.4,32.68,31.9,15.55,32.91,4.15,60.41,56,115660,54.02,10.74,28.12,Financials,0,0,0,1.03,0.45,0.96,1.02,15.76,Equity : Thematic,1% on or before 1Y
Franklin India Overnight Fund(G),Pallab Roy,DT-ON,2,515.8,0.11,08-05-2019,Nifty 1D Rate Index,1341.06,1341.06,1260.4,0.48,1.5,3.11,6.42,6.55,6.31,5.03,0,0,0,0,0,0,0,0,0,None,0.01,0.01,6.04,-0.01,-0.63,-0.15,0.85,0.17,Debt : Overnight,Nil
Franklin India Pension Plan(G),Anuj Tagra,HY-SOL,2,521.3,2.27,31-03-1997,CRISIL Short Term Debt Hybrid 60+40 Index,217.56,217.78,198.87,1.54,6.6,1.88,7.51,13.15,11.91,10.94,8.23,0,0,0,47,247345,29.12,2.65,6.19,Financials,5.11,3.68,7.07,0.04,0.28,0.65,0.93,5.42,Hybrid : Solution Oriented,3% on or beofre the 58Y of age Nil after age of 58Y
Franklin India Prima Fund(G),R. Janakiraman,EQ-MID,2,11761.5,1.79,01-12-1993,Nifty Midcap 150 - TRI,2715.64,2856.59,2325.56,5.08,15.59,-2.65,10.31,29.21,26.67,28.09,14.95,33.22,4.15,24.07,82,56846,18.44,58.42,18.52,Financials,0,0,0,0.18,0.36,0.75,0.92,15.46,Equity : Mid Cap,1% on or before 1Y
Franklin India Smaller Cos Fund(G),R. Janakiraman,EQ-SML,1,12530.3,1.76,13-01-2006,Nifty Smallcap 250,171.99,188.14,142.25,8.58,20.57,-5.75,2.39,26.25,27.47,35.45,15.99,26.89,3.09,22.41,94,17238,6.57,8.68,76.91,Financials,0,0,0,0.34,0.33,0.61,0.84,16.83,Equity : Small Cap,1% on or before 1Y
Franklin India ST Income Plan(G),Santosh Kamath,DT-SD,1,0,0,31-01-2002,CRISIL Short Term Bond Index,15041.28,15041.3,5149.41,6.61,6.61,6.61,6.61,4.98,5.35,7.43,0,0,0,0,0,0,0,0,0,None,1.17,1.05,10.88,-0.19,-0.01,-0.06,0.82,2.55,Debt : Short Duration,Nil
Franklin India Technology Fund(G),R. Janakiraman,EQ-TECH,0,1758.9,2.06,22-08-1998,BSE TECk Index,497.59,570.03,433.75,4.9,4.11,-9.19,11.24,25.49,19.32,24.62,16.03,32.53,6.91,57.09,26,271148,60.74,11.89,12.67,Technology,0,0,0,0.71,0.23,0.49,0.88,16.89,Equity : Sectoral - Technology,1% on or before 1Y
Franklin India Ultra Short Duration Fund-Reg(G),Rohan Maru,DT-USD,0,251.6,0.67,29-08-2024,NIFTY Ultra Short Duration Debt Index,10.58,10.58,10,0.67,2.22,3.86,0,0,0,0,0,0,0,0,0,0,0,0,0,None,0.75,0.43,6.8,0,0,0,0,0,Debt : Ultra Short Duration,Nil
Groww Aggressive Hybrid Fund-Reg(G),Anupam Tiwari,HY-EQ,0,45.6,2.3,13-12-2018,CRISIL Hybrid 35+65 - Aggressive Index,20.43,21.7,18.48,1.8,10.13,-2.05,0.31,14.43,13.5,16.37,0,19.77,3.1,212,31,367232,58.98,8.07,1.49,Financials,0,0,0,-0.13,0.21,0.44,1.08,10.16,Hybrid : Equity Oriented,1% on or before 7D Nil after 7D
Groww Banking & Financial Services Fund-Reg(G),Anupam Tiwari,EQ-FIN,0,51.8,2.3,06-02-2024,Nifty Financial Services - TRI,11.5,11.55,9.6,4.39,19.42,2.25,7.79,0,0,0,0,19.71,2.81,95,29,247407,61,14.7,14.93,Financials,0,0,0,-0.95,0.08,0.13,1,15.16,Equity : Sectoral - Financial Services,1% on or before 30D Nil after 30D
Groww Dynamic Bond Fund-Reg(G),Kaustubh Sule,DT-DYN,0,63.9,1.25,04-12-2018,CRISIL Dynamic Bond Index,1479.41,1484.32,1359.04,0.12,4.62,4.67,8.66,6.94,6.72,5.45,0,0,0,0,0,0,0,0,0,None,20.87,7.72,6.62,-0.4,0.04,0.09,1.34,1.74,Debt : Dynamic Bond,Nil
Groww ELSS Tax Saver Fund-Reg(G),Anupam Tiwari,EQ-ELSS,0,47.4,2.25,28-12-2017,BSE 500 - TRI,19.56,21.68,17.03,6.38,14.16,-6.02,0.83,18.54,15.64,18.69,0,23.71,3.69,195,46,136124,55.14,21.7,19.18,Financials,0,0,0,-0.16,0.19,0.36,0.99,14.44,Equity : Tax Saving (ELSS),Nil
Groww Gilt Fund-Reg(G),Kaustubh Sule,DT-GILT,0,0,0,09-05-2025,CRISIL Dynamic Gilt Index,10.04,10.1,10,0,0,0,0,0,0,0,0,0,0,0,0,0,0,0,0,None,0,0,0,0,0,0,0,0,Debt : Gilt,NIL
Groww Largecap Fund-Reg(G),Anupam Tiwari,EQ-LC,0,123.8,2.43,10-02-2012,NIFTY 100 - TRI,41.69,45.73,36.81,3.05,12.44,-3.03,-0.64,16.88,15.24,18.25,11.31,22.43,3.47,248,35,312886,81.05,8.02,1.98,Financials,0,0,0,-0.05,0.2,0.42,0.99,13.44,Equity : Large Cap,1% on or before 7D Nil after 7D
Groww Liquid Fund-Reg(G),Kaustubh Sule,DT-LIQ,4,142.4,0.2,25-10-2011,CRISIL Liquid Debt Index,2514.31,2514.31,2344.48,0.57,1.86,3.61,7.27,7.24,6.8,5.32,6.18,0,0,0,4,0,0,0,0,None,0.14,0.13,6.42,-0.02,0.03,0.01,1.27,0.28,Debt : Liquid,0.007% for Day 1 0.0065% on Day 2 0.0060% on Day 3 0.0055% on Day 4 0.0050% on Day 5 0.0045% on Day 6 NIL on or after 7D
Groww Multicap Fund-Reg(G),Anupam Tiwari,EQ-MLC,0,92.3,2.3,16-12-2024,Nifty500 Multicap 50:25:25 - TRI,9.93,10.07,8.38,7.9,18.33,0,0,0,0,0,0,34.38,5.29,83,59,72238,36.56,30.56,26.97,Financials,0,0,0,0,0,0,0,0,Equity : Multi Cap,1% on or before 1Y Nil after 1Y
Groww Nifty India Railways PSU Index Fund-Reg(G),Nikhil Satam,EQ-INDX,0,25.5,1.07,04-02-2025,Nifty India Railways PSU Index - TRI,10.84,10.84,8.47,11.33,23.63,0,0,0,0,0,0,28.24,3.49,6,16,79478,35.31,55.21,9.41,Infrastructure,0,0,0,0,0,0,0,0,Equity : Index Funds,1% on or before 30D Nil after 30D
Groww Nifty Non-Cyclical Consumer Index Fund-Reg(G),Nikhil Satam,EQ-INDX,0,49.6,1,22-05-2024,Nifty Non-Cyclical Consumer - TRI,10.65,12.38,9.55,-0.16,10.31,-3.69,7.57,0,0,0,0,47.36,11.04,16,30,227270,87.21,11.96,0.95,FMCG,0,0,0,-0.09,0.02,0.03,1,18.03,Equity : Index Funds,1% on or before 30D Nil after 30D
Groww Nifty Smallcap 250 Index Fund-Reg(G),Nikhil Satam,EQ-INDX,0,100,1.05,29-02-2024,Nifty Smallcap 250 - TRI,11.28,12.38,9.11,10.5,23.16,-6.12,5.68,0,0,0,0,26.93,3.11,40,250,17319,0,7.91,92.27,Financials,0,0,0,-0.1,0.08,0.13,1,22.58,Equity : Index Funds,0.25% on or before 7D Nil after 7D
Groww Nifty Total Market Index Fund-Reg(G),Nikhil Satam,EQ-INDX,0,289.1,1.05,23-10-2023,Nifty Total Market - TRI,13.45,14.48,11.71,3.59,14.33,-1.74,4.24,0,0,0,0,23.79,3.41,8,753,196519,70.2,16.88,12.83,Financials,0,0,0,-0.1,0.25,0.48,0.99,14.69,Equity : Index Funds,0.25% on or before 7D Nil after 7D
Groww Overnight Fund-Reg(G),Kaustubh Sule,DT-ON,0,15.7,0.24,08-07-2019,CRISIL Liquid Overnight Index,1323.02,1323.02,1244.42,0.49,1.46,3.04,6.34,6.48,6.17,4.91,0,0,0,0,0,0,0,0,0,None,0.01,0.01,6.14,-0.03,-0.79,-0.2,1.06,0.19,Debt : Overnight,Nil
Groww Short Duration Fund-Reg(G),Kaustubh Sule,DT-SD,0,66.9,1.1,13-09-2013,CRISIL Short Duration Debt Index,2086.67,2086.67,1914.03,1.1,3.68,4.98,8.92,7.21,6.64,4.98,6.05,0,0,0,0,0,0,0,0,None,3.19,2.64,6.86,-0.04,-0.03,-0.04,1.47,1.09,Debt : Short Duration,Nil
Groww Value Fund-Reg(G),Anupam Tiwari,EQ-VAL,0,51.4,2.3,07-09-2015,NIFTY 500 - TRI,26.49,27.68,22.97,3.89,15.02,-0.06,4.38,22.61,17.74,21.62,0,17.45,2.81,166,33,193941,64.04,17.01,9.39,Financials,0,0,0,0.01,0.25,0.52,0.93,13.26,Equity : Value / Contra,1% on or before 1Y Nil after 1Y
HDFC Arbitrage-WP(G),Arun Agarwal,HY-ARB,2,19627.2,0.97,23-10-2007,Nifty 50 Arbitrage,30.49,30.49,28.52,0.33,1.69,3.27,7.09,7.39,6.83,5.44,5.67,22.69,2.98,313.78,162,290174,56.6,9.52,1.85,Financials,0.31,0.29,6.44,-0.01,0.06,0.04,0.64,0.57,Hybrid : Arbitrage,0.25% on or before 1M Nil after 1M
HDFC Balanced Advantage Fund(G),Gopal Agrawal,HY-DYN,4,97460.9,1.37,11-09-2000,NIFTY 50 Hybrid Composite Debt 50:50 Index,514.5,517.12,467.34,2.23,9.83,1.36,4.08,22.66,21.42,25.39,14.48,18.29,2.91,27.2,157,281383,55.28,5.82,5.88,Financials,7.14,4.2,6.7,0.65,0.45,1.12,0.66,9.16,Hybrid : Dynamic Asset Allocation,Nil upto 15% of Units For excess Units 1% on or before 1Y and Nil after 1Y
HDFC Banking & Financial Services Fund-Reg(G),Anand Laddha,EQ-FIN,0,4010.2,1.91,01-07-2021,Nifty Financial Services - TRI,16.74,16.87,14.33,2.21,16.58,5.82,11.07,18.21,20.44,0,0,17.8,2.49,16.97,31,238310,66.82,13.57,17.21,Financials,0,0,0,0.2,0.27,0.64,0.94,14.65,Equity : Sectoral - Financial Services,1% on or before 30D Nil after 30D
HDFC Banking and PSU Debt Fund-Reg(G),Anil Bamboli,DT-B&PSU,4,6077.2,0.78,26-03-2014,NIFTY Banking and PSU Debt Index,23.12,23.12,21.05,1.17,4.08,5.37,9.66,8.22,7.68,6.56,7.53,0,0,0,0,0,0,0,0,None,5.46,3.88,6.72,0,0.24,0.31,0.31,1.07,Debt : Banking & PSU,Nil
HDFC BSE 500 Index Fund-Reg(G),Arun Agarwal,EQ-INDX,0,224,0.81,21-04-2023,BSE 500 - TRI,15.12,16.33,13.22,3.04,13.74,-1.73,3.42,19.08,0,0,0,23.89,3.42,25.33,501,226640,73.68,16.58,9.49,Financials,0,0,0,-0.03,0.3,0.59,0.98,13.21,Equity : Index Funds,Nil
HDFC BSE Sensex Index Fund(G)(Post Addendum),Arun Agarwal,EQ-INDX,2,8290.2,0.36,17-07-2002,BSE SENSEX - TRI,747.84,789.41,672.2,0.54,10.7,0.11,6.32,14.6,14.12,19.88,12.25,22.51,3.47,7.88,30,698905,99.4,0.59,0,Financials,0,0,0,0.01,0.21,0.47,1,12.32,Equity : Index Funds,0.25% on or before 3D Nil after 3D
HDFC Business Cycle Fund-Reg(G),Rahul Baijal,EQ-THEM,0,2796.1,1.98,30-11-2022,NIFTY 500 - TRI,14.17,15.6,12.71,2.81,9.4,-4.07,2.94,16.29,0,0,0,23.78,3.48,52.9,64,175340,66.07,9.35,15.19,Financials,0,0,0,-0.09,0.2,0.4,0.91,12.57,Equity : Thematic,1% on or before 1Y Nil after 1Y
HDFC Childrens Fund,Chirag Setalvad,HY-SOL,4,9809.7,1.73,02-03-2001,NIFTY 50 Hybrid Composite Debt 65:35 Index,292.11,299.86,262.08,3.08,11.27,-0.82,5.84,16.59,17.53,21.48,13.34,0,0,13.9,46,169950,42.99,1.69,21.33,Financials,7.41,5.18,6.57,0.36,0.33,0.7,0.69,9.56,Hybrid : Solution Oriented,Nil
HDFC Corp Bond Fund(G),Anupam Joshi,DT-CORP,4,34774.6,0.59,29-06-2010,NIFTY Corporate Bond Index,32.72,32.73,29.68,1.16,4.09,5.41,10.08,8.69,8.27,6.85,7.82,0,0,0,0,0,0,0,0,None,6.3,4.18,6.83,0.03,0.34,0.45,0.38,1.22,Debt : Corporate Bond,Nil
HDFC Credit Risk Debt Fund-(G),Shobhit Mehrotra,DT-CR,5,7112,1.59,25-03-2014,NIFTY Credit Risk Bond Index,24.03,24.03,22,0.96,3.19,4.67,9.07,7.96,7.62,7.73,7.73,0,0,0,0,0,0,0,0,None,4.04,2.54,7.93,0.01,0.28,0.32,0.3,0.96,Debt : Credit Risk,Nil for 15% of Units For excess of limits 1% on or before 12M and 0.50% after 12M but on or before 18M Nil after 18M
HDFC CRISIL-IBX Financial Services 3-6 Months Debt Index Fund-Reg(G),Anupam Joshi,DT-USD,0,314.9,0,06-05-2025,CRISIL-IBX Financial Services 3 to 6 Months Debt Index,10.06,10.06,10,0,0,0,0,0,0,0,0,0,0,0,0,0,0,0,0,None,0.22,0.2,6.6,0,0,0,0,0,Debt : Ultra Short Duration,NIL
HDFC Defence Fund-Reg(G),Rahul Baijal,EQ-THEM,0,5487.3,1.8,02-06-2023,Nifty India Defence - TRI,25.27,25.27,16.16,20.13,53.24,12.62,11.38,58.66,0,0,0,46.51,7.55,11.34,22,59540,60.66,0,34.6,Capital Goods,0,0,0,-0.43,0.41,0.9,0.8,30.39,Equity : Thematic,1% on or before 1Y Nil after 1Y
HDFC Dividend Yield Fund-Reg(G),Gopal Agrawal,EQ-DIV,0,6176.9,1.82,18-12-2020,NIFTY 500 - TRI,24.34,26.9,21.41,2.76,13.31,-3.63,2.01,22.5,21.09,0,0,22.1,3,7.42,132,136699,67.64,10.3,20.07,Financials,0,0,0,0.22,0.3,0.64,0.97,13.84,Equity : Thematic - Dividend Yield,1% on or before 1Y Nil after 1Y
HDFC Dynamic Debt Fund(G),Anil Bamboli,DT-DYN,4,849.7,1.52,28-04-1997,NIFTY Composite Debt Index,90.59,90.77,82.33,0.61,4.55,5.11,9.6,8.42,7.91,6.93,6.52,0,0,0,0,0,0,0,0,None,17.66,7.92,6.66,-0.03,0.2,0.41,0.57,1.78,Debt : Dynamic Bond,Nil
HDFC ELSS Tax saver(G),Roshi Jain,EQ-ELSS,2,16232.4,1.66,31-03-1996,NIFTY 500 - TRI,1377.21,1434.89,1223.97,1.38,12.24,1.54,9.17,27.02,23.95,27.27,13.28,23.4,3.41,23.53,55,250918,78.23,4.3,9.1,Financials,0,0,0,0.57,0.41,0.98,0.85,12.16,Equity : Tax Saving (ELSS),Nil
HDFC Equity Savings Fund(G),Srinivasan Ramamurthy,HY-EQ,2,5485.5,1.86,17-09-2004,NIFTY 50 Equity Savings Index - TRI,65.32,65.5,60.73,1.19,5.84,1.88,6.04,11.93,11.06,13.25,9.57,23.06,3.32,25.26,70,400201,62.42,2.2,3.8,Financials,4.32,3.09,6.5,0.18,0.27,0.69,0.83,4.7,Hybrid : Equity Oriented,NIL upto 15% of investment and 1% in excess of 15% of investment on or before 1M NIL after 1M
HDFC Flexi Cap Fund(G),Roshi Jain,EQ-FLEX,3,74105.5,1.4,01-01-1995,NIFTY 500 - TRI,1936.59,1980.58,1697.26,0.92,11.49,1.7,11.47,26.81,24.62,30.03,15.28,23.75,3.4,23.11,56,264575,73.4,3.72,9.55,Financials,1.14,0.92,6.78,0.62,0.42,1.05,0.85,12.13,Equity : Flexi Cap,1% on or before 1Y Nil after 1Y
HDFC Floating Rate Debt Fund(G),Shobhit Mehrotra,DT-FL,3,15221,0.49,23-10-2007,CRISIL Short Duration Debt Index,49.93,49.93,45.7,0.97,3.08,4.79,9.23,8.54,8.01,6.9,7.45,0,0,0,0,0,0,0,0,None,4.79,1.69,7.13,0.07,0.49,0.38,0.14,0.73,Debt : Floater,Nil
HDFC Focused 30 Fund(G),Roshi Jain,EQ-MLC,2,18559.8,1.67,17-09-2004,NIFTY 500 - TRI,224.04,228.88,196.84,1.29,10.96,1.75,12.01,26.52,24.82,30.02,14.32,23.48,3.44,27.46,28,229721,64.8,4.72,13.62,Financials,0,0,0,0.68,0.46,1.12,0.77,11.14,Equity : Multi Cap,1% on or before 1Y Nil after 1Y
HDFC Gilt Fund(G),Anil Bamboli,DT-GILT,2,3046.7,0.89,25-07-2001,Nifty All Duration G-Sec Index,56.17,56.29,50.58,0.66,5.08,5.85,10.6,8.84,8.49,5.93,7.06,0,0,0,0,0,0,0,0,None,17.76,8.6,6.59,0,0.26,0.55,0.69,2.03,Debt : Gilt,Nil
HDFC Housing Opp Fund-Reg(G),Srinivasan Ramamurthy,EQ-INFRA,1,1279.3,2.21,06-12-2017,Nifty Housing - TRI,22.06,24.67,18.89,4.75,16.76,-4.34,-5.3,24.24,22.77,25.83,0,18.34,2.41,4.87,33,138795,64.36,6.99,24.93,Financials,0,0,0,0.7,0.28,0.56,0.94,16.72,Equity : Sectoral - Infrastructure,1% on or before 30D Nil after 30D
HDFC Hybrid Debt Fund(G),Srinivasan Ramamurthy,HY-DT(CO),4,3406.1,1.72,26-12-2003,NIFTY 50 Hybrid Composite Debt 15:85 Index,82.43,82.66,75.4,0.81,5.95,3.53,7.62,11.92,11.79,12.72,9.02,16.81,2.74,0,39,380154,18.51,1.27,1.18,Financials,11.58,6.03,6.8,0.22,0.38,0.97,0.89,3.83,Hybrid : Debt Oriented (Conservative),Nil for 15% of investment and 1% for remaining Investment on or before 1Y Nil after 1Y
HDFC Hybrid Equity Fund(G),Chirag Setalvad,HY-EQ,4,23850.7,1.69,06-04-2005,NIFTY 50 Hybrid Composite Debt 65:35 Index,117.97,118.72,105.75,2.28,11.3,1.45,6.93,14.46,15.18,19.94,10.45,20.7,3.23,22.46,39,286330,49.8,3.51,14.67,Financials,11.17,5.75,6.93,0.14,0.27,0.62,0.73,9.41,Hybrid : Equity Oriented,Nil upto 15% of Units For excess Units 1% on or before 1Y and Nil after 1Y
HDFC Income Fund(G),Shobhit Mehrotra,DT-M&LD,2,953.2,1.39,11-09-2000,CRISIL Medium to Long Term Debt Index,58.86,58.97,53.22,0.79,4.72,5.65,10.08,8.26,8.09,5.6,6.28,0,0,0,0,0,0,0,0,None,11.94,6.69,6.57,-0.05,0.19,0.42,0.77,2.2,Debt : Medium to Long Duration,Nil
HDFC Infrastructure Fund(G),Srinivasan Ramamurthy,EQ-INFRA,1,2392.5,2,10-03-2008,BSE India Infrastructure Index - TRI,47.34,50.26,39.4,6.65,20.15,-1.1,0.94,35.93,33.09,36.51,11.26,17.35,2.52,13.79,55,93574,54.22,3.45,33.65,Infrastructure,0,0,0,2.85,0.42,0.9,0.67,17.16,Equity : Sectoral - Infrastructure,1% on or before 30D Nil after 30D
HDFC Large and Mid Cap Fund-Reg(G),Gopal Agrawal,EQ-L&M,4,24326.4,1.66,18-02-1994,NIFTY LargeMidcap 250 - TRI,331.58,355.77,288.27,3.61,14.23,-1.51,4.69,25.2,22.81,29.01,13.8,22.9,3.05,3.26,216,118728,52.12,30.87,15.04,Financials,0,0,0,0.16,0.33,0.72,0.97,14.11,Equity : Large & Mid Cap,1% on or before 1Y Nil after 1Y
HDFC Large Cap Fund(G),Rahul Baijal,EQ-LC,1,37315.1,1.61,03-09-1996,NIFTY 100 - TRI,1114.75,1216.71,1014.92,0.3,9.28,-1.51,2.22,18.79,18.06,23.15,12.57,20.66,3.34,19.8,46,450670,92.71,3.75,0,Financials,0,0,0,0.26,0.29,0.64,0.9,12.16,Equity : Large Cap,1% on or before 1Y Nil after 1Y
HDFC Liquid Fund(G),Anupam Joshi,DT-LIQ,2,64397.7,0.29,17-10-2000,CRISIL Liquid Debt Index,5101.26,5101.26,4759.4,0.55,1.83,3.57,7.21,7.21,6.87,5.42,6.18,0,0,0,0,0,0,0,0,None,0.12,0.11,6.31,-0.01,0.16,0.05,1.24,0.26,Debt : Liquid,0.007% for Day 1 0.0065% on Day 2 0.0060% on Day 3 0.0055% on Day 4 0.0050% on Day 5 0.0045% on Day 6 NIL after 7D
HDFC Long Duration Debt Fund-Reg(G),Shobhit Mehrotra,DT-LD,0,5766.5,0.65,20-01-2023,NIFTY Long Duration Debt Index,12.46,12.51,11.24,0.04,5.46,5.3,10.18,8.96,0,0,0,0,0,0,0,0,0,0,0,None,29.95,12.12,6.93,-0.08,0.27,0.62,1.45,4.03,Debt : Long Duration,Nil
HDFC Low Duration Fund(G),Anupam Joshi,DT-LOWD,4,21198.3,1.04,18-11-1999,NIFTY Low Duration Debt Index,57.6,57.6,53.31,0.79,2.59,4.18,8,7.54,7.14,6.18,6.77,0,0,0,0,0,0,0,0,None,1.89,0.91,6.98,0.02,0.22,0.14,0.73,0.57,Debt : Low Duration,Nil
HDFC Manufacturing Fund-Reg(G),Rakesh Sethia,EQ-THEM,0,11716.9,1.7,16-05-2024,Nifty India Manufacturing - TRI,10.39,11.48,8.96,5.32,15.09,-3.09,-1.18,0,0,0,0,25.91,3.39,20.03,84,96188,59.97,20.68,17.57,Automobile and Ancillaries,0,0,0,-0.18,-0.07,-0.12,0.9,15.98,Equity : Thematic,1% on or before 1M Nil after 1M
HDFC Medium Term Debt Fund(G),Shobhit Mehrotra,DT-MD,4,3887.8,1.32,06-02-2002,NIFTY Medium Duration Debt Index,56.48,56.49,51.46,0.96,3.82,5.14,9.54,8.04,7.85,7.04,7.31,0,0,0,0,0,0,0,0,None,6.15,3.78,7.24,-0.01,0.25,0.38,0.46,1.33,Debt : Medium Duration,Nil
HDFC Mid-Cap Opportunities Fund(G),Chirag Setalvad,EQ-MID,3,74909.8,1.42,25-06-2007,Nifty Midcap 150 - TRI,189.44,195.31,162.22,6.37,15.98,-0.83,9.74,30.39,29.48,33.42,17.46,23.93,3.17,17.65,79,45713,11.57,60.09,20.91,Financials,0,0,0,0.39,0.42,0.93,0.87,14.7,Equity : Mid Cap,1% on or before 1Y Nil after 1Y
HDFC MNC Fund-Reg(G),Rahul Baijal,EQ-MNC,0,568.7,2.44,09-03-2023,NIFTY MNC - TRI,12.96,15.4,11.57,4.03,10.97,-8.77,-5.92,9.81,0,0,0,32.98,5.19,41.39,37,87833,54.97,20.53,16.71,Automobile and Ancillaries,0,0,0,-0.5,0.15,0.24,0.92,13.8,Equity : Thematic - MNC,1% on or before 1Y Nil after 1Y
HDFC Money Market Fund-Reg(G),Praveen Jain,DT-MM,4,31791.9,0.41,03-01-2000,CRISIL Money Market Index,5702.12,5702.12,5275.3,0.73,2.49,4.24,8.07,7.73,7.34,6.02,6.76,0,0,0,0,0,0,0,0,None,0.68,0.64,6.53,0.04,0.44,0.21,0.61,0.44,Debt : Money Market,Nil
HDFC Multi Cap Fund-Reg(G),Gopal Agrawal,EQ-MLC,0,16625.3,1.69,10-12-2021,Nifty500 Multicap 50:25:25 - TRI,18.56,20.13,15.99,4.79,15.53,-2.61,4.79,24.45,24.79,0,0,24.43,3.2,6.55,228,93014,48.46,21.74,27.21,Financials,3.37,2.84,7.48,0.33,0.36,0.74,0.97,14.62,Equity : Multi Cap,1% on or before 1Y Nil after 1Y
HDFC Multi-Asset Fund(G),Srinivasan Ramamurthy,HY-MULTI,0,4240.6,1.89,17-08-2005,NIFTY 50 - TRI,70.54,70.64,63.01,1.47,8.56,4.04,10.26,16.35,14.78,17.77,11,22.52,3.28,18.12,75,325545,56.62,2.46,6.49,Financials,3.54,2.4,6.34,0.27,0.36,0.91,0.49,6.4,Hybrid : Multi Asset Allocation,Nil upto 15% of units For remaining units 1% or or before 12M Nil after 12M
HDFC NIFTY 100 Equal Weight Index Fund-Reg(G),Arun Agarwal,EQ-INDX,0,359.1,0.83,23-02-2022,Nifty100 Equal Weight - TRI,15.95,17.77,13.91,3.03,13.59,-1.76,-0.12,22.21,18.63,0,0,23.31,3.36,38.74,101,180792,90.23,9.26,0,Financials,0,0,0,-0.08,0.24,0.49,0.99,14.84,Equity : Index Funds,Nil
HDFC NIFTY 100 Index Fund-Reg(G),Arun Agarwal,EQ-INDX,0,327,0.75,23-02-2022,NIFTY 100 - TRI,14.67,15.82,13.05,1.4,11.83,-0.79,3.56,17.1,14.83,0,0,22.47,3.4,14.03,101,434349,97.5,2.29,0,Financials,0,0,0,-0.07,0.2,0.44,1,13.15,Equity : Index Funds,Nil
HDFC Nifty 50 Index Fund(G)(Post Addendum),Arun Agarwal,EQ-INDX,4,19876.6,0.35,17-07-2002,NIFTY 50 - TRI,232.74,246.76,208.32,1.02,11.14,0.66,6.23,16.01,14.86,20.52,12.21,22.53,3.38,10.54,50,563965,99.08,0.95,0,Financials,0,0,0,-0.03,0.22,0.49,1,12.48,Equity : Index Funds,0.25% on or before 3D Nil after 3D
HDFC NIFTY G-Sec Apr 2029 Index Fund-Reg(G),Anupam Joshi,DT-M&LD,0,172.1,0.37,10-03-2023,NIFTY G- Sec Apr 2029 Index,12.26,12.26,11.04,1.34,4.28,5.88,10.93,8.66,0,0,0,0,0,0,0,0,0,0,0,None,3.86,3.32,5.91,0.03,0.44,0.78,0.65,1.65,Debt : Medium to Long Duration,Nil
HDFC Nifty G-Sec Dec 2026 Index Fund-Reg(G),Anupam Joshi,DT-GILT,0,1208.1,0.36,10-11-2022,Nifty G-sec Dec 2026 Index,12.13,12.13,11.17,0.89,2.77,4.41,8.62,7.46,0,0,0,0,0,0,0,0,0,0,0,None,1.41,1.33,5.78,-0.01,0.28,0.35,0.38,1.07,Debt : Gilt,Nil
HDFC Nifty G-Sec Jul 2031 Index Fund-Reg(G),Anupam Joshi,DT-GILT,0,722.7,0.37,10-11-2022,Nifty G-Sec July 2031 Index,12.69,12.69,11.28,1.31,5.19,6.73,12.11,9.29,0,0,0,0,0,0,0,0,0,0,0,None,6.03,4.86,6.1,0.03,0.39,0.83,0.89,2.13,Debt : Gilt,Nil
HDFC Nifty G-Sec Jun 2027 Index Fund-Reg(G),Anupam Joshi,DT-GILT,0,746,0.36,09-12-2022,Nifty G-Sec Jun 2027 Index,12.13,12.13,11.09,1.04,3.17,4.85,9.31,7.81,0,0,0,0,0,0,0,0,0,0,0,None,2.04,1.83,5.78,0.01,0.34,0.48,0.45,1.21,Debt : Gilt,Nil
HDFC NIFTY G-Sec Jun 2036 Index Fund-Reg(G),Anupam Joshi,DT-LD,0,898.8,0.38,15-03-2023,Nifty G-Sec Jun 2036 Index,12.61,12.65,11.2,0.99,5.42,6.85,12.07,9.63,0,0,0,0,0,0,0,0,0,0,0,None,10.85,7.48,6.43,0.04,0.43,0.92,1.15,2.8,Debt : Long Duration,Nil
HDFC Nifty G-Sec Sep 2032 Index Fund-Reg(G),Anupam Joshi,DT-GILT,0,659.7,0.38,09-12-2022,Nifty G-Sec Sep 2032 Index,12.61,12.63,11.21,1.41,5.43,6.9,12.16,9.4,0,0,0,0,0,0,0,0,0,0,0,None,7.21,5.51,6.21,0.03,0.41,0.86,0.95,2.25,Debt : Gilt,Nil
HDFC Nifty India Digital Index Fund-Reg(G),Arun Agarwal,EQ-INDX,0,205.9,0.9,11-12-2024,Nifty India Digital  - TRI,8.81,10.1,7.63,3.66,7.2,0,0,0,0,0,0,43.59,6.66,0,30,156378,56.44,39.96,3.52,Technology,0,0,0,0,0,0,0,0,Equity : Index Funds,Nil
HDFC Nifty LargeMidcap 250 Index Fund-Reg(G),Arun Agarwal,EQ-INDX,0,465.4,0.75,09-10-2024,NIFTY LargeMidcap 250 - TRI,9.71,10.06,8.36,4.32,15.34,-0.67,0,0,0,0,0,25.66,3.69,0,251,158007,54.23,43.19,2.51,Financials,0,0,0,0,0,0,0,0,Equity : Index Funds,NIL
HDFC NIFTY Midcap 150 Index Fund-Reg(G),Arun Agarwal,EQ-INDX,0,315.8,0.83,21-04-2023,Nifty Midcap 150 - TRI,17.94,18.99,14.95,7.2,18.84,-0.87,5.91,28.59,0,0,0,29.85,4.03,22.45,150,57970,11.24,83.68,5,Financials,0,0,0,-0.09,0.38,0.72,0.99,16.61,Equity : Index Funds,Nil
HDFC NIFTY Next 50 Index Fund-Reg(G),Arun Agarwal,EQ-INDX,0,1840.9,0.66,03-11-2021,NIFTY NEXT 50 - TRI,15.44,18.02,13.19,3.46,15.55,-7.49,-5.98,25.15,20.04,0,0,22.22,3.5,73.76,51,121343,90.24,8.8,0,Financials,0,0,0,-0.08,0.21,0.38,1,18.88,Equity : Index Funds,Nil
HDFC NIFTY Realty Index Fund-Reg(G),Arun Agarwal,EQ-INDX,0,115.3,0.89,26-03-2024,NIFTY REALTY - TRI,10.89,12.91,8.67,11.42,21.43,-7.16,-9.54,0,0,0,0,25.77,4.32,25.76,10,71222,36.8,48.59,14.35,Construction,0,0,0,-0.06,-0.03,-0.05,1,29.13,Equity : Index Funds,Nil
HDFC Nifty SDL Oct 2026 Index Fund-Reg(G),Anupam Joshi,DT-MD,0,199.3,0.36,24-02-2023,Nifty SDL Oct 2026 Index,11.95,11.95,10.99,0.9,2.65,4.35,8.62,7.62,0,0,0,0,0,0,0,0,0,0,0,None,1.16,1.08,5.93,0.04,0.48,0.46,0.27,0.85,Debt : Medium Duration,Nil
HDFC NIFTY SDL Plus G-Sec Jun 2027 40:60 Index Fund-Reg(G),Anupam Joshi,DT-MD,0,48.5,0.35,23-03-2023,NIFTY SDL Plus G-Sec Jun 2027 40:60 Index,11.91,11.91,10.89,1.05,3.13,4.88,9.3,7.89,0,0,0,0,0,0,0,0,0,0,0,None,1.92,1.73,5.89,0.02,0.43,0.47,0.36,0.95,Debt : Medium Duration,Nil
HDFC NIFTY Smallcap 250 Index Fund-Reg(G),Arun Agarwal,EQ-INDX,0,420.4,0.81,21-04-2023,Nifty Smallcap 250 - TRI,18.32,20.1,14.8,10.49,23.15,-6.08,5.77,29.15,0,0,0,26.93,3.11,59.67,250,17324,0,7.91,92.11,Financials,0,0,0,-0.1,0.32,0.56,0.99,20.07,Equity : Index Funds,Nil
HDFC Nifty Top 20 Equal Weight Index Fund-Reg(G),Arun Agarwal,EQ-INDX,0,77.3,0.9,25-03-2025,Nifty Top 20 Equal Weight - TRI,10.29,10.51,9.33,0.51,0,0,0,0,0,0,0,22.09,4.03,0,20,562292,100.02,0,0,Financials,0,0,0,0,0,0,0,0,Equity : Index Funds,NIL
HDFC NIFTY100 Low Volatility 30 Index Fund-Reg(G),Arun Agarwal,EQ-INDX,0,343.3,0.9,10-07-2024,Nifty100 Low Volatility 30 - TRI,10,11.11,9.06,0.73,9.11,-0.21,0,0,0,0,0,31.18,5.7,0,30,313381,90.7,9.05,0,FMCG,0,0,0,0,0,0,0,0,Equity : Index Funds,Nil
HDFC Nifty100 Quality 30 Index Fund-Reg(G),Arun Agarwal,EQ-INDX,0,195.5,0.89,20-02-2025,NIFTY100 Quality 30 - TRI,10.56,10.72,9.45,3.4,10.62,0,0,0,0,0,0,27.21,6.46,0,30,252155,91.8,8,0,FMCG,0,0,0,0,0,0,0,0,Equity : Index Funds,NIL
HDFC NIFTY200 Momentum 30 Index Fund-Reg(G),Arun Agarwal,EQ-INDX,0,712.8,0.89,28-02-2024,Nifty200 Momentum 30 - TRI,10.26,12.76,8.67,4.27,13.23,-13.06,-15,0,0,0,0,39.83,6.56,120.09,31,149002,74.06,24.88,0,Technology,0,0,0,-0.08,-0.05,-0.09,1,21.26,Equity : Index Funds,Nil
HDFC NIFTY50 Equal Weight Index Fund-Reg(G),Arun Agarwal,EQ-INDX,0,1466.5,0.86,20-08-2021,NIFTY50 Equal Weight - TRI,16.96,18.59,15.21,1.8,10.85,1,4.68,19.3,18.51,0,0,24.27,3.32,29.25,50,282478,95.34,4.61,0,Financials,0,0,0,-0.08,0.27,0.58,1,13.27,Equity : Index Funds,NIL
HDFC Nifty500 Multicap 50:25:25 Index Fund-Reg(G),Arun Agarwal,EQ-INDX,0,435.6,0.8,23-08-2024,Nifty500 Multicap 50:25:25 - TRI,9.7,10.39,8.3,5.11,16.28,-1.95,0,0,0,0,0,25.06,3.45,0,501,117753,51.62,24.2,24.04,Financials,0,0,0,0,0,0,0,0,Equity : Index Funds,Nil
HDFC Non-Cyclical Consumer Fund-Reg(G),Amit Sinha,EQ-CONS,0,954.8,2.26,12-07-2023,Nifty India Consumption - TRI,13.81,15.88,12.38,1.25,10.66,-3.48,9.72,0,0,0,0,54.65,9.26,48.73,46,109327,64.43,12.91,18.09,FMCG,0,0,0,0.01,0.24,0.42,0.94,14.93,Equity : Thematic - Consumption,1% on or before 30D Nil after 30D
HDFC Overnight Fund(G),Swapnil Jangam,DT-ON,3,10148.5,0.17,06-02-2002,CRISIL Liquid Overnight Index,3789.36,3789.36,3563.74,0.47,1.48,3.07,6.35,6.51,6.27,4.99,5.45,0,0,0,0,0,0,0,0,None,0.01,0.01,5.88,-0.02,-0.68,-0.16,0.95,0.17,Debt : Overnight,Nil
HDFC Pharma and Healthcare Fund-Reg(G),Nikhil Mathur,EQ-PHRM,0,1666.4,2.03,04-10-2023,BSE Health Care - TRI,16.24,17.16,12.66,1.35,11,-2.44,29.55,0,0,0,0,42.11,5.52,32.8,31,56669,46.79,17.54,34.09,Healthcare,0,0,0,0.41,0.53,1.06,0.92,14.92,Equity : Sectoral - Pharma,1% on or before 30D Nil after 30D
HDFC Retirement Savings Fund-Equity Plan-Reg(G),Srinivasan Ramamurthy,HY-SOL,5,6244,1.78,25-02-2016,NIFTY 500 - TRI,50.03,53.02,44.28,2.46,12.78,-0.53,6.44,20.93,21.32,27.8,0,0,0,17.38,73,204418,63.28,8.51,17.55,Financials,0,0,0,0.39,0.36,0.79,0.82,11.67,Hybrid : Solution Oriented,NIL - Upon completion of Lock-in Period
HDFC Retirement Savings Fund-Hybrid-Debt Plan-Reg(G),Srinivasan Ramamurthy,HY-SOL,2,162.7,2.14,25-02-2016,NIFTY 50 Hybrid Composite Debt 15:85 Index,21.6,21.6,19.85,1.33,5.79,2.75,7.68,9.9,10.15,9.57,0,0,0,0,40,392849,31.81,1.11,6.44,Financials,7.9,4.73,6.68,0.1,0.28,0.67,0.86,3.61,Hybrid : Solution Oriented,NIL - Upon completion of Lock-in Period
HDFC Retirement Savings Fund-Hybrid-Equity Plan-Reg(G),Srinivasan Ramamurthy,HY-SOL,4,1607.9,2.03,25-02-2016,NIFTY 50 Hybrid Composite Debt 65:35 Index,38.39,39.67,34.62,2.69,10.72,0,6.8,16.63,17,20.2,0,0,0,10.96,66,205143,48.47,4.06,15.12,Financials,7.9,4.73,6.68,0.34,0.34,0.75,0.67,8.98,Hybrid : Solution Oriented,NIL - Upon completion of Lock-in Period
HDFC Short Term Debt Fund(G),Anil Bamboli,DT-SD,5,15485.8,0.73,25-06-2010,CRISIL Short Duration Debt Index,32.09,32.09,29.23,1.11,3.64,5.15,9.62,8.4,7.92,6.78,7.56,0,0,0,0,0,0,0,0,None,4.09,2.75,6.87,0.03,0.34,0.38,0.31,0.98,Debt : Short Duration,Nil
HDFC Small Cap Fund-Reg(G),Chirag Setalvad,EQ-SML,2,30880.4,1.61,03-04-2008,BSE 250 Small Cap - TRI,136.32,146.29,113,10.67,20.24,-4.55,8.73,23.2,26.39,35.18,18.11,21.39,2.72,10.16,84,13213,4.49,7.35,80.6,Financials,0,0,0,0.37,0.33,0.63,0.81,15.93,Equity : Small Cap,1% on or before 1Y Nil after 1Y
HDFC Technology Fund-Reg(G),Balakumar B,EQ-TECH,0,1330.4,2.12,08-09-2023,BSE TECk Index - TRI,13.49,15.27,11.12,4.17,5.32,-8.68,21.42,0,0,0,0,29.08,5.84,5.25,29,193524,61.95,13.18,19.24,Technology,0,0,0,0.49,0.22,0.49,1,18.13,Equity : Sectoral - Technology,1% on or before 30D Nil after 30D
HDFC Transportation and Logistics Fund-Reg(G),Priya Ranjan,EQ-AUTO,0,1257,2.14,17-08-2023,Nifty Transportation & Logistics - TRI,15.2,17.14,13.03,6.24,14.29,-1.82,1.69,0,0,0,0,32.24,4.98,32.31,29,76924,53.56,15.51,30.38,Automobile and Ancillaries,0,0,0,0.06,0.31,0.56,0.92,17.07,Equity : Sectoral - Auto,1% on or before 30D Nil after 30D
HDFC Ultra Short Term Fund-Reg(G),Anil Bamboli,DT-USD,4,16572.6,0.7,24-09-2018,CRISIL Ultra Short Term Debt Index,15.09,15.09,14.03,0.67,2.18,3.88,7.6,7.36,6.98,5.79,0,0,0,0,0,0,0,0,0,None,0.57,0.44,6.72,-0.08,0.25,0.11,1.19,0.38,Debt : Ultra Short Duration,Nil
HDFC Value Fund-Reg(G),Anand Laddha,EQ-VAL,2,7116.5,1.85,01-02-1994,NIFTY 500 - TRI,723.29,772.62,629.53,2.95,14.55,-1.07,6.95,24.54,21.51,25.84,13.61,23.75,3.47,22.32,75,188099,70.64,15.02,13.44,Financials,0,0,0,0.23,0.31,0.68,0.97,13.62,Equity : Value / Contra,1% on or before 1Y Nil after 1Y
Helios Balanced Advantage Fund-Reg(G),Alok Bahl,HY-DYN,0,300.9,2.39,27-03-2024,CRISIL Hybrid 50+50 - Moderate Index,11,11.44,10.14,1.48,7.97,-2.49,2.24,0,0,0,0,19.99,2.84,388,51,250462,62.75,11.34,6.53,Financials,0,0,0,-0.29,0,-0.01,0.63,9.71,Hybrid : Dynamic Asset Allocation,Nil upto 10% of units and 1% for remaining units on or before 3M Nil after 3M
Helios Financial Services Fund-Reg(G),Alok Bahl,EQ-FIN,0,164.4,2.4,24-06-2024,Nifty Financial Services - TRI,11.12,11.39,9.59,2.02,15.4,0.54,0,0,0,0,0,20.31,3.08,50,21,280124,68.86,17.67,10.99,Financials,0,0,0,0,0,0,0,0,Equity : Sectoral - Financial Services,Nil upto 10% of  units and 1% for remaining units or before 3M Nil after 3M
Helios Flexi Cap Fund-Reg(G),Alok Bahl,EQ-FLEX,0,2970.9,1.91,13-11-2023,NIFTY 500 - TRI,13.85,14.78,12.05,3.77,13.98,-4.04,4.55,0,0,0,0,25.28,3.67,73,53,136071,57.54,25.61,11.7,Financials,0,0,0,0.15,0.25,0.43,1.01,15.49,Equity : Flexi Cap,Nil upto 10% of units and 1% for remaining units on or before 3M Nil after 3M
Helios Large & Mid Cap Fund-Reg(G),Alok Bahl,EQ-L&M,0,293.2,2.37,30-10-2024,NIFTY LargeMidcap 250 - TRI,10.24,10.67,8.73,5.61,15.98,-1.93,0,0,0,0,0,25.55,3.98,30,45,174373,52.52,39.46,1.22,Financials,0,0,0,0,0,0,0,0,Equity : Large & Mid Cap,Nil upto 10% of units and 1% for remaining units on or before 3M Nil after 3M
Helios Mid Cap Fund-Reg(G),Alok Bahl,EQ-MID,0,74.5,2.42,13-03-2025,Nifty Midcap 150 - TRI,11.48,11.48,9.88,7.76,0,0,0,0,0,0,0,38.58,4.79,0,52,36581,4.46,66.37,24.52,Financials,0,0,0,0,0,0,0,0,Equity : Mid Cap,Nil upto 10% of units and 1% for remaining units on or before 3M Nil after 3M
Helios Overnight Fund-Reg(G),Alok Bahl,DT-ON,0,157.8,0.18,25-10-2023,CRISIL Liquid Overnight Index,1107.12,1107.12,1041.4,0.48,1.46,3.04,6.33,0,0,0,0,0,0,0,0,0,0,0,0,None,0,0,5.96,0,-0.39,-0.05,1.05,0.1,Debt : Overnight,Nil
HSBC Aggressive Hybrid Fund-Reg(G),Gautam Bhupal,HY-EQ,3,5124.6,1.88,07-02-2011,NIFTY 50 Hybrid Composite Debt 65:35 Index,54.14,57.88,46.44,6.26,16.04,-3.58,3.23,17.55,16.22,17.52,10.78,35.02,5.56,71,82,122539,44.62,21.54,10.32,Financials,2.03,1.73,7,0.16,0.21,0.37,0.86,12.97,Hybrid : Equity Oriented,Nil for 10% of units and 1% for remaining units on or before 1Y Nil after 1Y
HSBC Arbitrage Fund-Reg(G),Praveen Ayathan,HY-ARB,5,2340.8,0.91,30-06-2014,Nifty 50 Arbitrage,18.89,18.89,17.71,0.39,1.7,3.27,6.84,7.19,6.6,5.36,5.76,15.74,2.01,1350,128,177183,48.96,15.05,8.61,Financials,0.25,0.24,6.25,-0.03,-0.07,-0.05,0.63,0.57,Hybrid : Arbitrage,0.25% on or before 1M Nil after 1M
HSBC Balanced Advantage Fund-Reg(G),Neelotpal Sahai,HY-DYN,2,1497.3,2.11,07-02-2011,CRISIL Short Term Bond Index,42.79,43.8,38.86,1.61,7.02,-1.02,8.02,13.99,12.26,11.4,7.71,23.53,3.49,353,42,226656,47.21,12.1,7.02,Financials,2.36,2.1,7.21,0.13,0.24,0.5,0.48,6.82,Hybrid : Dynamic Asset Allocation,Nil for 10% of units and 1% for remaining units on or before 1Y Nil after 1Y
HSBC Banking and PSU Debt Fund-Reg(G),Mahesh Chhabria,DT-B&PSU,3,4294.6,0.61,20-09-2007,NIFTY Banking and PSU Debt Index,24.33,24.33,22.27,1.2,3.87,5.32,9.17,7.64,7.38,5.66,6.91,0,0,0,0,0,0,0,0,None,3.72,2.96,6.78,-0.05,0.11,0.16,0.42,1.36,Debt : Banking & PSU,Nil
HSBC Business Cycles Fund-Reg(G),Gautam Bhupal,EQ-THEM,2,997.9,2.26,20-08-2014,NIFTY 500 - TRI,42.58,45.44,34.72,6.85,22.06,-3.8,6.54,27.34,25.27,28.43,13.18,24.27,3.65,17,63,75302,45.04,10.24,40.72,Financials,0,0,0,0.38,0.31,0.58,1.13,17.08,Equity : Thematic,Nil upto 10% of units and 1% for above the limits on or before 1Y Nil after 1Y
HSBC Conservative Hybrid Fund(G),Mahesh Chhabria,HY-DT(CO),0,160.1,2.17,24-02-2004,NIFTY 50 Hybrid Composite Debt 15:85 Index,61.56,61.56,55.42,2.55,8.29,3.04,9.41,12.35,11.31,9.92,7.76,57.58,7.79,0,30,61299,9.33,4.88,5.08,Capital Goods,15.41,8.49,6.59,0.16,0.25,0.51,0.93,4.98,Hybrid : Debt Oriented (Conservative),Nil
HSBC Consumption Fund-Reg(G),Anish Goenka,EQ-CONS,0,1490.2,2.11,31-08-2023,Nifty India Consumption - TRI,14.03,15.81,12.38,3.16,12.14,-7.16,11.22,0,0,0,0,62.43,8.27,8,49,65592,41.33,22.96,30.39,FMCG,0,0,0,0.09,0.25,0.42,0.95,16.36,Equity : Thematic - Consumption,Nil upto 10% of units and 1% for remaining units on or before 1% Nil after 1Y
HSBC Corporate Bond Fund-Reg(G),Mohd Asif Rizwi,DT-CORP,5,5894.6,0.64,31-03-1997,NIFTY Corporate Bond Index,73.29,73.32,66.63,1.25,3.96,5.26,9.86,7.87,8,6.13,7.2,0,0,0,0,0,0,0,0,None,3.35,2.8,6.79,-0.03,0.2,0.35,0.6,1.76,Debt : Corporate Bond,Nil
HSBC Credit Risk Fund-Reg(G),Shriram Ramanathan,DT-CR,3,657.5,1.68,08-10-2009,NIFTY Credit Risk Bond Index,32.28,32.28,26.48,0.87,15.72,17.36,21.71,13.8,11.27,9.48,7.4,0,0,0,0,0,0,0,0,None,3.45,2.52,7.44,0.24,0.19,1.7,0.57,6.58,Debt : Credit Risk,Nil upto 10% of units on or before 2Y For remaining units - 3% on or before 1Y 2% after 1Y but on or before 2Y Nil after 2Y
HSBC CRISIL IBX 50:50 Gilt Plus SDL Apr 2028 Index Fund-Reg(G),Mahesh Chhabria,DT-M&LD,0,1926.1,0.42,31-03-2022,CRISIL IBX 50:50 Gilt Plus SDL Index - April 2028,12.46,12.46,11.31,1.19,3.6,5.42,10.07,8.23,8.3,0,0,0,0,0,0,0,0,0,0,None,2.75,2.44,6.27,0,0.26,0.43,0.56,1.63,Debt : Medium to Long Duration,Nil
HSBC CRISIL IBX Gilt June 2027 Index Fund-Reg(G),Mahesh Chhabria,DT-MD,0,198.5,0.44,23-03-2023,CRISIL IBX Gilt Index - June 2027,11.88,11.88,10.88,1.03,3.12,4.78,9.15,7.68,0,0,0,0,0,0,0,0,0,0,0,None,2.07,1.86,6.11,0.01,0.38,0.46,0.39,1.03,Debt : Medium Duration,Nil
HSBC Dynamic Bond Fund-Reg(G),Mahesh Chhabria,DT-DYN,0,185.1,0.77,30-08-2006,CRISIL Dynamic Bond Index,29.97,30.03,27.05,0.71,5.11,5.79,10.36,8.71,7.96,5.78,7.15,0,0,0,0,0,0,0,0,None,19.74,9.22,6.71,-0.01,0.21,0.47,0.55,1.89,Debt : Dynamic Bond,Nil
HSBC ELSS Tax saver Fund-Reg(G),Abhishek Gupta,EQ-ELSS,2,3917.3,1.9,27-02-2006,NIFTY 500 - TRI,132.2,140.84,113.61,5.8,15.86,-3.62,7.23,24.36,21.85,23.5,13.36,25.98,3.61,18,83,103765,53.76,19.38,25.93,Financials,0,0,0,0.22,0.29,0.56,1.02,15.05,Equity : Tax Saving (ELSS),Nil
HSBC Equity Savings Fund-Reg(G),Cheenu Gupta,HY-EQ,2,648.5,1.51,18-10-2011,NIFTY 50 Equity Savings Index,32.46,34.4,29.95,2.29,6.4,-2.86,6.13,13.97,12.64,14.75,8.53,20.4,2.68,593,69,191470,52.57,14.73,4.65,Financials,2.05,1.86,7.2,0.36,0.22,0.36,0.52,7.58,Hybrid : Equity Oriented,Nil upto 10% of units and 0.50% for remaining units on or before 1M Nil after 1M
HSBC Financial Services Fund-Reg(G),Gautam Bhupal,EQ-FIN,0,578.8,2.39,27-02-2025,BSE Financial Services - TRI,11.31,11.32,9.98,3.74,12.73,0,0,0,0,0,0,17.5,2.77,0,23,155251,47.97,19.54,15.09,Financials,0,0,0,0,0,0,0,0,Equity : Sectoral - Financial Services,Nil upto 10% of units and 1% for remaining units or before 1Y Nil after 1Y
HSBC Flexi Cap Fund-Reg(G),Abhishek Gupta,EQ-FLEX,3,4700.3,1.94,24-02-2004,NIFTY 500 - TRI,214.19,229.69,182.04,4.83,16.84,-4.44,6.84,24.7,20.79,24.05,12.52,25.88,3.5,35,83,117873,55.54,21.18,20.14,Financials,0,0,0,0.13,0.27,0.53,1.03,14.97,Equity : Flexi Cap,Nil upto 10% of investment and 1% for remaining investment on or before 1Y Nil after 1Y
HSBC Focused Fund-Reg(G),Neelotpal Sahai,EQ-MLC,0,1588,2.12,22-07-2020,NIFTY 500 - TRI,24.37,26.44,20.91,5.54,15.56,-6.01,6.3,20.33,18.33,0,0,27.11,4.06,54,28,97180,47.81,24.4,23.9,Financials,0,0,0,-0.06,0.22,0.43,1.02,14.93,Equity : Multi Cap,Nil upto 10% of units and 1% for remaining units on before 1Y
HSBC Gilt Fund-Reg(G),Shriram Ramanathan,DT-GILT,2,295.4,1.7,29-03-2000,CRISIL Dynamic Gilt Index,67.03,67.27,61.13,0.19,5.12,5.16,9.13,7.75,7.4,5.15,6.72,0,0,0,0,0,0,0,0,None,29.08,11.5,6.82,-0.08,0.12,0.3,0.68,2.28,Debt : Gilt,Nil
HSBC India Export Opportunities Fund-Reg(G),Abhishek Gupta,EQ-THEM,0,1639.7,2.07,25-09-2024,NIFTY 500 - TRI,9.56,10.37,8.21,5.9,13.56,-6.82,0,0,0,0,0,29.42,4.65,4,52,72820,47.47,15.31,31.56,Technology,0,0,0,0,0,0,0,0,Equity : Thematic,Nil upto 10% of units and 1% for remaining units on or before 1Y Nil after 1Y
HSBC Infrastructure Fund-Reg(G),Venugopal Manghat,EQ-INFRA,2,2250.3,2.06,27-09-2007,Nifty Infrastructure - TRI,46.85,51.93,38.59,7.03,19.63,-7.57,-6.54,28.31,27.76,31.25,15.57,27.56,3.79,17,52,87790,55.68,7.05,31.89,Capital Goods,0,0,0,0.31,0.32,0.62,0.99,18.23,Equity : Sectoral - Infrastructure,Nil upto 10% of units and 1% for above the limits on or before 1Y Nil after 1Y
HSBC Large & Mid Cap Fund-Reg(G),Cheenu Gupta,EQ-L&M,2,3905.5,1.92,28-03-2019,NIFTY LargeMidcap 250 - TRI,25.95,29.42,22,5.98,17.02,-7.78,1.95,23.74,21.59,24.41,0,39.76,6.16,87,96,141443,61.35,30.32,7.16,Financials,0,0,0,-0.09,0.25,0.43,1.07,17.03,Equity : Large & Mid Cap,Nil upto 10% of investment and 1% for remaining investment on or before 1Y Nil after 1Y
HSBC Large Cap Fund(G),Neelotpal Sahai,EQ-LC,2,1809,2.14,10-12-2002,NIFTY 100 - TRI,458.52,507.52,415.96,0.61,9.53,-5.39,2.64,17.15,16.27,19.29,11.89,24.06,3.79,64,34,335230,91.17,5.03,1.69,Financials,0,0,0,0.08,0.23,0.48,0.97,13.29,Equity : Large Cap,Nil upto 10% of investment and 1% for remaining investment on or before 1Y Nil after 1Y
HSBC Liquid Fund(G),Abhishek Iyer,DT-LIQ,2,21893.7,0.21,01-06-2004,Nifty Liquid Fund Index,2592.21,2592.21,2417.91,0.57,1.83,3.58,7.23,7.23,6.91,5.46,6.23,0,0,0,0,0,0,0,0,None,0.13,0.12,6.48,0.01,0.27,0.08,0.28,0.25,Debt : Liquid,0.007% for Day 1 0.0065% on Day 2 0.0060% on Day 3 0.0055% on Day 4 0.0050% on Day 5 0.0045% on Day 6 NIL on or after 7D
HSBC Low Duration Fund-Reg(G),Shriram Ramanathan,DT-LOWD,2,580,1.09,04-12-2010,NIFTY Low Duration Debt Index,28.61,28.61,26.15,0.76,3.87,5.46,9.35,8.29,7.54,6.59,6.87,0,0,0,0,0,0,0,0,None,1.11,0.88,6.9,0.04,0.25,0.27,1.04,0.96,Debt : Low Duration,Nil
HSBC Medium Duration Fund-Reg(G),Shriram Ramanathan,DT-MD,3,647.8,1.1,02-02-2015,NIFTY Medium Duration Debt Index,20.51,20.51,18.63,1.06,3.98,5.5,9.79,8.32,8.04,7.27,7.12,0,0,0,0,0,0,0,0,None,6.13,3.63,7.41,0.01,0.29,0.43,0.44,1.29,Debt : Medium Duration,Nil
HSBC Medium to Long Duration Fund Fund(G),Mohd Asif Rizwi,DT-M&LD,0,50.7,1.9,10-12-2002,NIFTY Medium to Long Duration Debt Index,42.57,42.62,38.78,0.87,4.6,5.37,9.34,7.48,7.31,4.83,5.98,0,0,0,0,0,0,0,0,None,11.94,6.55,6.69,-0.11,0.09,0.19,0.75,2.14,Debt : Medium to Long Duration,Nil
HSBC Midcap Fund-Reg(G),Cheenu Gupta,EQ-MID,1,10724.1,1.74,09-08-2004,Nifty Midcap 150 - TRI,377.73,422.18,311.92,7.44,19.44,-6.16,5.27,31.34,25.35,27.17,15.79,47.71,7.23,92,78,68355,35.44,52.66,10.69,Financials,0,0,0,-0.06,0.3,0.51,0.98,17.34,Equity : Mid Cap,Nil upto 10% of units and 1% for above the limits on or before 1Y Nil after 1Y
HSBC Money Market Fund-Reg(G),Mahesh Chhabria,DT-MM,2,3247.5,0.34,10-08-2005,Nifty Money Market Index,26.33,26.33,24.38,0.72,2.43,4.16,7.95,7.51,7.02,5.43,6.72,0,0,0,0,0,0,0,0,None,0.72,0.67,6.7,0.01,0.21,0.12,0.64,0.46,Debt : Money Market,Nil
HSBC Multi Asset Allocation Fund-Reg(G),Cheenu Gupta,HY-MULTI,0,2043,1.87,28-02-2024,BSE 200 - TRI,11.58,12.54,10.17,4.32,12.95,-4.14,2.65,0,0,0,0,36.62,6.24,82,54,187770,47.73,14.66,4.72,Financials,0,0,0,0.16,0.11,0.18,1.01,16.51,Hybrid : Multi Asset Allocation,Nil upto 10% of units and 1% for remaining units on or before 1Y Nil after 1Y
HSBC Multi Cap Fund-Reg(G),Venugopal Manghat,EQ-MLC,0,4474.5,1.86,30-01-2023,Nifty500 Multicap 50:25:25 - TRI,18.16,19.53,15.57,5.3,16.08,-4.67,4.19,28.67,0,0,0,26.96,4.08,32,95,97417,49.45,26.18,23.23,Financials,0,0,0,0.25,0.39,0.71,1.05,15.79,Equity : Multi Cap,Nil upto 10% of units and 1% for remaining units on or before 1Y Nil after 1Y
HSBC Nifty 50 Index Fund-Reg(G),Praveen Ayathan,EQ-INDX,0,326.9,0.44,15-04-2020,NIFTY 50 - TRI,28.29,30.02,25.34,1.03,11.07,0.59,6.13,15.94,14.75,20.31,0,22.53,3.38,9,50,563972,99.08,0.95,0,Financials,0,0,0,-0.04,0.21,0.49,1,12.47,Equity : Index Funds,Nil upto 10% of units and 1% for remaining units on or before 1M Nil after 1M
HSBC Nifty Next 50 Index Fund-Reg(G),Praveen Ayathan,EQ-INDX,0,128.8,0.79,15-04-2020,NIFTY NEXT 50 - TRI,28.5,33.3,24.39,3.45,15.32,-7.58,-6.07,25.01,19.91,21.48,0,22.2,3.5,64,51,122577,90.31,8.81,0,Financials,0,0,0,-0.09,0.21,0.38,1,18.84,Equity : Index Funds,Nil upto 10% of units and 1% for remaining units on or before 1M Nil after 1M
HSBC Overnight Fund-Reg(G),Mahesh Chhabria,DT-ON,3,2601.9,0.16,22-05-2019,Nifty 1D Rate Index,1339.46,1339.46,1259.14,0.48,1.49,3.09,6.4,6.55,6.31,5.03,0,0,0,0,0,0,0,0,0,None,0.01,0.01,6.05,-0.01,-0.57,-0.13,0.87,0.17,Debt : Overnight,Nil
HSBC Short Duration Fund-Reg(G),Shriram Ramanathan,DT-SD,3,3928.4,0.75,27-12-2011,Nifty Short Duration Debt Index,26.53,26.53,24.19,1.15,3.76,5.23,9.55,7.91,7.4,5.81,6.92,0,0,0,0,0,0,0,0,None,3.47,2.78,6.82,0.02,0.17,0.22,1.56,1.05,Debt : Short Duration,NIL
HSBC Small Cap Fund-Reg(G),Venugopal Manghat,EQ-SML,3,14737,1.69,12-05-2014,Nifty Smallcap 250 - TRI,80.77,92.06,66.9,9.78,20.18,-10.24,2.31,24.15,23.76,35.74,18.73,31.1,4.13,32,101,19819,2.62,26.21,67.28,Financials,0,0,0,0.03,0.26,0.45,0.9,18.04,Equity : Small Cap,Nil upto 10% of units and 1% for above the limits on or before 1Y Nil after 1Y
HSBC Tax Saver Equity Fund(G),Gautam Bhupal,EQ-ELSS,3,235.3,2.47,05-01-2007,NIFTY 500 - TRI,93,98.42,78.3,4.43,18.02,-3.4,13.51,26.44,21.24,24.49,13.23,31.13,4.51,16,55,104282,51.85,14.96,29.53,Financials,0,0,0,0.19,0.28,0.55,1,14.67,Equity : Tax Saving (ELSS),Nil
HSBC Ultra Short Duration Fund-Reg(G),Mahesh Chhabria,DT-USD,2,2735.5,0.48,29-01-2020,NIFTY Ultra Short Duration Debt Index,1348.7,1348.7,1252.92,0.68,2.21,3.91,7.63,7.38,7.02,5.66,0,0,0,0,0,0,0,0,0,None,0.51,0.46,6.66,0.02,0.3,0.12,0.5,0.36,Debt : Ultra Short Duration,Nil
HSBC Value Fund-Reg(G),Venugopal Manghat,EQ-VAL,4,13095.3,1.72,08-01-2010,NIFTY 500 - TRI,107.93,113.44,90.83,5.62,18.7,-2,4.58,29.26,26.47,29.68,16.16,18.61,2.69,29,76,84621,45.38,19.15,34.09,Financials,0,0,0,0.47,0.35,0.71,1.04,15.24,Equity : Value / Contra,Nil upto 10% of units and 1% for above the limits on or before 1Y Nil after 1Y
ICICI Pru All Seasons Bond Fund(G),Manish Banthia,DT-DYN,4,14635.1,1.29,20-01-2010,NIFTY Composite Debt Index,37.08,37.08,33.68,0.79,3.87,5.27,9.73,8.53,8.63,6.99,8.22,0,0,0,0,0,0,0,0,None,8.53,4.13,7.32,0.06,0.42,0.59,0.43,1.32,Debt : Dynamic Bond,0.25% on or before 1M Nil after 1M
ICICI Pru Balanced Advantage Fund(G),Manish Banthia,HY-DYN,3,62527.9,1.44,30-12-2006,CRISIL Hybrid 50+50 - Moderate Index,72.79,72.87,65.72,1.41,8.03,3.77,10.01,15.35,13.79,15.98,10.98,25.78,3.93,34,82,320312,59.29,5.91,1.01,Financials,2.35,1.15,6.78,0.26,0.37,0.85,0.42,5.52,Hybrid : Dynamic Asset Allocation,Nil upto 30% of units and 1% for remaining units on or before 1Y Nil after 1Y
ICICI Pru Banking & Fin Serv Fund(G),Roshan Chutkey,EQ-FIN,3,9374.8,1.81,22-08-2008,Nifty Financial Services - TRI,132.27,133.12,110.54,1.89,14.95,7.59,17.37,18.33,18.89,24.66,13.51,18.92,2.57,58,36,309514,66.51,13.9,9.13,Financials,0,0,0,0.2,0.28,0.66,0.84,12.92,Equity : Sectoral - Financial Services,1% on or before 15D NIL after 15D
ICICI Pru Banking & PSU Debt Fund(G),Manish Banthia,DT-B&PSU,3,10447,0.74,01-01-2010,NIFTY Banking and PSU Debt Index,32.79,32.79,29.99,1,3.52,5.04,9.16,8.23,7.87,6.71,7.62,0,0,0,0,0,0,0,0,None,5.45,3.24,6.98,0.04,0.37,0.36,0.23,0.87,Debt : Banking & PSU,Nil
ICICI Pru Bharat Consumption Fund-Reg(G),Priyanka Khandelwal,EQ-CONS,0,3103.2,2.02,12-04-2019,Nifty India Consumption - TRI,24.68,27.85,21.98,2.84,11.27,-2.81,6.17,20.72,18.98,20.95,0,37.05,6.39,96,56,142499,64.07,9.6,15.76,FMCG,0,0,0,0.19,0.32,0.59,0.74,11.55,Equity : Thematic - Consumption,1% on or before 3M Nil after 3M
ICICI Pru Bluechip Fund(G),Anish Tawakley,EQ-LC,4,68033.8,1.43,23-05-2008,NIFTY 100 - TRI,108.11,113.98,96.19,1.18,11.9,0.55,6.96,22.72,19.84,23.65,13.98,22.53,3.49,16,66,399860,81.74,8.44,0.16,Financials,0,0,0,0.4,0.33,0.75,0.87,11.7,Equity : Large Cap,1% on or before 1Y NIL after 1Y
ICICI Pru Bond Fund(G),Manish Banthia,DT-M&LD,4,2857.5,1.03,18-08-2008,CRISIL Medium to Long Term Debt Index,40.53,40.56,36.56,0.89,4.46,5.7,10.4,8.84,8.84,6.71,7.53,0,0,0,0,0,0,0,0,None,12.77,6.37,6.91,0.04,0.36,0.67,0.6,1.71,Debt : Medium to Long Duration,Nil
ICICI Pru BSE Sensex Index Fund(G),Nishit Patel,EQ-INDX,3,1886.1,0.27,21-09-2017,BSE SENSEX - TRI,26.39,27.84,23.71,0.55,10.71,0.15,6.43,14.71,14.2,19.86,0,22.51,3.47,13,30,698909,99.36,0.59,0,Financials,0,0,0,0.02,0.21,0.47,1,12.31,Equity : Index Funds,Nil
ICICI Pru Business Cycle Fund(G),Anish Tawakley,EQ-THEM,0,12375,1.71,18-01-2021,NIFTY 500 - TRI,23.72,24.35,20.76,2.86,14.15,2.68,7.62,27.46,23.55,0,0,24.41,3.52,25,74,281335,67.62,14.39,5.73,Financials,0,0,0,0.54,0.39,0.91,0.83,12.04,Equity : Thematic,1% on or before 1M Nil after 1M
ICICI Pru Child Care Fund-Gift Plan,Lalit Kumar,HY-SOL,3,1299.8,2.2,31-08-2001,NIFTY 50 Hybrid Composite Debt 65:35 Index,318.44,329.44,277.74,3.65,13.34,0.14,4.82,22.75,19.35,20.48,12.09,0,0,53,71,100542,48.05,23.51,13.67,Metals,0,0,0,0.39,0.32,0.67,0.83,11.71,Hybrid : Solution Oriented,Nil
ICICI Pru Commodities Fund-Reg(G),Lalit Kumar,EQ-THEM,0,2620,2.03,15-10-2019,NIFTY COMMODITIES - TRI,40.43,43.45,35.21,4.47,12.53,-1.03,-2.59,20.57,20.09,35.88,0,25.27,2.56,26,47,58017,37.35,33.94,25.64,Metals,0,0,0,0.26,0.21,0.41,0.88,17.24,Equity : Thematic,1% on or before 3M Nil after 3M
ICICI Pru Constant Maturity Gilt Fund(G),Manish Banthia,DT-GL10Y,0,2530.9,0.39,12-09-2014,Crisil 10 Yr Gilt Index,24.98,25.01,22.23,1.09,5.37,6.74,11.83,9.16,9.46,6.37,8.49,0,0,0,0,0,0,0,0,None,9.52,6.84,6.48,0.01,0.3,0.62,0.99,2.67,Debt : Gilt (10 Yr Constant Duration),Nil
ICICI Pru Corp Bond Fund(G),Manish Banthia,DT-CORP,3,31133,0.58,11-08-2009,NIFTY Corporate Bond Index,29.87,29.87,27.27,0.97,3.5,5.07,9.35,8.42,8.09,6.89,7.65,0,0,0,0,0,0,0,0,None,4.88,2.94,7.02,0.06,0.47,0.42,0.22,0.83,Debt : Corporate Bond,Nil
ICICI Pru Credit Risk Fund(G),Manish Banthia,DT-CR,5,6138.1,1.41,03-12-2010,CRISIL Credit Risk Debt Index,31.72,31.72,28.93,1.12,3.36,5.02,9.43,8.64,8.08,7.7,7.85,0,0,0,0,0,0,0,0,None,3.26,2.38,8.17,0.05,0.38,0.47,0.29,1.03,Debt : Credit Risk,Nil upto 10% of units and 1% on remaining units on or before 1Y Nil after 1Y
ICICI Pru CRISIL-IBX AAA Bond Financial Services Index - Dec 2026 Fund-Reg(G),Darshil Dedhia,DT-SD,0,32.2,0.35,27-01-2025,CRISIL-IBX AAA Financial Services Index - Dec 2026,10.36,10.36,10,0.78,2.89,0,0,0,0,0,0,0,0,0,0,0,0,0,0,None,1.47,1.29,7.1,0,0,0,0,0,Debt : Short Duration,0.25% on or before 30D Nil after 30D
ICICI Pru CRISIL-IBX Financial Services 3-6 Months Debt Index Fund-Reg(G),Darshil Dedhia,DT-USD,0,575,0.35,19-03-2025,CRISIL-IBX Financial Services 3 to 6 Months Debt Index,10.18,10.18,10,0.63,0,0,0,0,0,0,0,0,0,0,0,0,0,0,0,None,0.32,0.29,6.87,0,0,0,0,0,Debt : Ultra Short Duration,NIL
ICICI Pru Dividend Yield Equity Fund(G),Mittul Kalawadia,EQ-DIV,0,5230.8,1.85,16-05-2014,NIFTY 500 - TRI,51.1,54.69,45.76,0.97,11.31,0.47,6.41,28.3,24.7,31.55,15.48,20.01,2.84,27,65,288493,77.08,5.42,6.45,Financials,0,0,0,0.65,0.42,0.94,0.81,12.1,Equity : Thematic - Dividend Yield,1% on or before 1Y Nil after 1Y
ICICI Pru ELSS Tax Saver Fund(G),Mittul Kalawadia,EQ-ELSS,3,14121.1,1.72,19-08-1999,NIFTY 500 - TRI,912.34,978.31,803.79,1.59,13.04,0.14,10.53,20.63,17.79,22.86,13.09,27.77,3.65,27,80,252611,74.27,8.03,12.81,Financials,0,0,0,0.11,0.27,0.6,0.86,12.33,Equity : Tax Saving (ELSS),Nil
ICICI Pru Energy Opportunities Fund-Reg(G),Sankaran Naren,EQ-POWER,0,10385,1.72,22-07-2024,NIFTY ENERGY - TRI,10.02,10.43,8.43,3.64,18.13,1.01,0,0,0,0,0,15.86,1.95,63,45,115105,60.14,15.33,16.28,Energy,0,0,0,0,0,0,0,0,Equity : Sectoral - Energy / Power,1% on or before 3M Nil after 3M
ICICI Pru Equity & Debt Fund(G),Sankaran Naren,HY-EQ,5,42339.7,1.57,03-11-1999,CRISIL Hybrid 35+65 - Aggressive Index,384.74,392.33,343.16,0.95,10.34,3.2,9.02,23.31,20.21,26.01,15.38,23.04,3.11,34,83,343302,60.56,2.93,4.19,Financials,2.46,1.3,6.99,0.44,0.41,0.93,0.95,9.22,Hybrid : Equity Oriented,Nil upto 30% of units and 1% for remaining units on or before 1Y Nil after 1Y
ICICI Pru Equity Minimum Variance Fund-Reg(G),Vaibhav Dusad,EQ-THEM,0,3624.3,1.9,06-12-2024,NIFTY 50 - TRI,10.32,10.49,9.25,0.19,11.11,0,0,0,0,0,0,23.81,3.8,33,32,530442,81.38,1.71,0,Financials,0,0,0,0,0,0,0,0,Equity : Thematic,1% on or before 12M Nil after 12M
ICICI Pru Equity Savings Fund-Reg(G),Dharmesh Kakkad,HY-EQ,1,13046.5,0.96,05-12-2014,NIFTY 50 Equity Savings Index,22.33,22.33,20.53,0.86,3.91,3.33,9.04,9.67,8.84,10.37,8.08,21.72,3.22,59,67,410583,63.46,3.41,0.78,Financials,2.18,1.41,6.39,0.07,0.29,0.68,0.14,2.21,Hybrid : Equity Oriented,Nil upto 10% of units and 0.25% for remaining units on or before 7D Nil after 7D
ICICI Pru Equity-Arbitrage Fund(G),Archana Nair,HY-ARB,3,26917.8,0.89,30-12-2006,Nifty 50 Arbitrage,34.15,34.15,31.91,0.39,1.8,3.4,7.21,7.4,6.83,5.5,5.8,21.29,3.02,0,173,244405,53.66,11.4,3.84,Financials,0.49,0.46,6.17,-0.01,0.05,0.04,0.64,0.56,Hybrid : Arbitrage,0.25% on or before 1M Nil after 1M
ICICI Pru ESG Exclusionary Strategy Fund(G),Mittul Kalawadia,EQ-THEM,0,1487.9,2.16,09-10-2020,NIFTY100 ESG - TRI,22.07,23.5,18.78,2.42,13.1,-0.18,15.18,25.48,20.92,0,0,27.72,3.88,22,47,196859,71.11,2.76,17.9,Financials,0,0,0,0.52,0.33,0.72,0.86,12.5,Equity : Thematic,1% on or before 12M Nil after 12M
ICICI Pru Exports & Services Fund(G),Sankaran Naren,EQ-THEM,3,1362,2.27,30-11-2005,BSE 500 - TRI,161.81,168.92,141,2.44,12.53,2.13,12.59,26.64,21.87,26.86,13.93,21.98,3.02,96,51,258005,72.1,11.05,6.72,Financials,0,0,0,0.52,0.39,0.93,0.74,10.88,Equity : Thematic,1% on or before 15D Nil after 15D
ICICI Pru Flexicap Fund(G),Rajat Chandak,EQ-FLEX,0,16677.2,1.7,19-07-2021,BSE 500 - TRI,18.24,19.88,15.9,4.07,14.02,-2.73,7.78,22.02,20.2,0,0,32.79,5.1,39,64,125718,65.31,7.36,23.3,Automobile and Ancillaries,0,0,0,0.34,0.31,0.62,0.89,13.05,Equity : Flexi Cap,1% on or before 12M Nil after 12M
ICICI Pru Floating Interest Fund(G),Ritesh Lunawat,DT-FL,4,7313.2,1.18,17-11-2005,NIFTY Low Duration Debt Index,423.15,423.15,389.53,0.82,2.68,4.26,8.61,8.27,7.89,6.79,7.23,0,0,0,0,0,0,0,0,None,4.13,1.18,7.5,0.08,0.28,0.34,0.42,1.11,Debt : Floater,Nil
ICICI Pru FMCG Fund(G),Priyanka Khandelwal,EQ-CONS,1,2000.8,2.14,31-03-1999,NIFTY FMCG - TRI,477.71,554.32,433.55,0.71,9.54,-1.94,3.09,5.63,11.91,15.61,11.55,31.24,9.83,41,23,195109,65.19,12.04,8.1,FMCG,0,0,0,-0.16,0.16,0.3,0.85,12.3,Equity : Thematic - Consumption,1% on or before 15D NIL after 15D
ICICI Pru Focused Equity Fund(G),Vaibhav Dusad,EQ-LC,5,11018.8,1.72,28-05-2009,BSE 500 - TRI,89.51,92.97,77.02,2.59,15.47,2.59,12.72,28.01,24.02,26.31,14.42,29.28,4.37,91,29,287974,78.58,15.5,1.37,Financials,0,0,0,0.57,0.38,0.85,0.9,12.93,Equity : Large Cap,1% on or before 1Y Nil after 1Y
ICICI Pru Gilt Fund(G),Manish Banthia,DT-GILT,4,7165.8,1.09,19-08-1999,Nifty All Duration G-Sec Index,103.57,103.66,93.69,0.88,4.59,5.82,10.09,9,8.9,6.61,8.18,0,0,0,0,0,0,0,0,None,11.05,5,6.65,0.08,0.37,0.6,0.45,1.65,Debt : Gilt,Nil
ICICI Pru Housing Opp Fund-Reg(G),Anand Sharma,EQ-THEM,0,2428.7,2.04,18-04-2022,Nifty Housing - TRI,16.84,17.79,14.75,3.69,13.84,-1.11,4.01,22.3,20.19,0,0,23.46,2.55,70,40,155271,59.54,8.85,17.9,Financials,0,0,0,0.58,0.3,0.67,0.7,12.27,Equity : Thematic,1% on or before 1M Nil after 1M
ICICI Pru India Opp Fund(G),Sankaran Naren,EQ-THEM,3,27197.3,1.61,15-01-2019,NIFTY 500 - TRI,35.11,36.4,30.82,1.63,11.58,1.72,13.03,28.65,25.97,32.16,0,22.68,2.79,69,68,220914,62.74,14.52,11.75,Financials,0,0,0,0.7,0.45,1.05,0.81,11.76,Equity : Thematic,1% on or before 12M Nil after 12M
ICICI Pru Infrastructure Fund(G),Ihab Dalwai,EQ-INFRA,4,7415.5,1.86,31-08-2005,BSE India Infrastructure Index - TRI,193.86,202.73,163.55,6.83,17.75,0.19,3.8,33.16,32.31,38.65,16.56,21.76,2.56,49,63,84826,45.56,16.24,31.25,Infrastructure,0,0,0,2.62,0.45,0.99,0.6,14.85,Equity : Sectoral - Infrastructure,1% on or before 15D NIL after 15D
ICICI Pru Innovation Fund-Reg(G),Anish Tawakley,EQ-THEM,0,6580.6,1.82,28-04-2023,NIFTY 500 - TRI,17.84,18.81,15.63,2.82,13.63,0.68,9.05,31.44,0,0,0,30.6,4.28,99,54,122765,67.9,10.76,6.27,Financials,0,0,0,0.82,0.52,1.06,0.94,13.29,Equity : Thematic,1% on or before 12M Nil after 12M
ICICI Pru Large & Mid Cap Fund(G),Ihab Dalwai,EQ-L&M,3,20352.5,1.67,09-07-1998,NIFTY LargeMidcap 250 - TRI,987.27,1024.17,869.67,2.83,12.83,3.15,10.59,26.95,23.72,29.19,15.23,26.88,3.65,65,92,114297,46.05,35.44,13.31,Financials,0,0,0,0.45,0.42,0.97,0.77,11.68,Equity : Large & Mid Cap,1% on or before 1M Nil after 1M
ICICI Pru Liquid Fund(G),Darshil Dedhia,DT-LIQ,3,53192.6,0.3,17-11-2005,CRISIL Liquid Debt Index,384.9,384.9,359.06,0.56,1.82,3.57,7.22,7.22,6.89,5.45,6.24,0,0,0,0,0,0,0,0,None,0.12,0.11,6.55,-0.01,0.17,0.05,1.24,0.26,Debt : Liquid,0.007% for Day 1 0.0065% on Day 2 0.0060% on Day 3 0.0055% on Day 4 0.0050% on Day 5 0.0045% on Day 6 NIL on or after 7D
ICICI Pru Long Term Bond Fund(G),Manish Banthia,DT-LD,0,1163.9,0.97,09-07-1998,CRISIL Long Duration Debt Index,91.15,91.35,81.59,0.56,5.27,6.08,11.28,8.99,9.29,5.55,7.59,0,0,0,0,0,0,0,0,None,20.78,8.87,6.82,0,0.27,0.57,0.99,2.78,Debt : Long Duration,Nil
ICICI Pru Manufacturing Fund(G),Anish Tawakley,EQ-THEM,3,6231,1.83,11-10-2018,Nifty India Manufacturing - TRI,34.18,36.78,28.27,7.38,19.19,-1.68,-0.58,30.52,27.19,30.83,0,30.12,3.87,47,96,58869,46.02,24.26,26.55,Automobile and Ancillaries,0,0,0,0.34,0.36,0.77,0.96,15.26,Equity : Thematic,1% on or before 1Y Nil after 1Y
ICICI Pru Medium Term Bond Fund(G),Manish Banthia,DT-MD,4,5732.1,1.35,15-09-2004,NIFTY Medium Duration Debt Index,44.86,44.86,40.81,1.06,3.65,5.29,9.69,8.22,8.12,7.42,7.52,0,0,0,0,0,0,0,0,None,5.44,3.48,7.75,0.03,0.37,0.46,0.38,1.1,Debt : Medium Duration,Nil upto 10% of units and 1% for Excess units on or before 1Y Nil after 1Y
ICICI Pru Midcap Fund(G),Lalit Kumar,EQ-MID,3,5932.5,1.9,28-10-2004,Nifty Midcap 150 - TRI,292.12,303.96,238.32,9.19,19.61,-0.71,5.39,30.8,24.73,31.01,15.01,34.17,3.96,60,89,50495,11.17,68.21,19.3,Financials,0,0,0,-0.04,0.31,0.65,0.93,16.09,Equity : Mid Cap,1% on or before 1Y Nil after 1Y
ICICI Pru MNC Fund(G),Roshan Chutkey,EQ-MNC,0,1608.3,2.16,17-06-2019,NIFTY MNC - TRI,27.32,30.76,24.64,4.67,9.37,-4.41,2.25,16.68,15.21,23.35,0,31.72,5.25,56,51,71848,46.67,19.59,23.92,FMCG,0,0,0,0.06,0.23,0.46,0.76,11.54,Equity : Thematic - MNC,1% on or before 12M Nil after 12M
ICICI Pru Money Market Fund(G),Manish Banthia,DT-MM,4,28644,0.32,08-03-2006,Nifty Money Market Index,378.56,378.56,349.99,0.73,2.52,4.27,8.15,7.79,7.4,6.02,6.79,0,0,0,0,0,0,0,0,None,0.75,0.7,6.74,0.05,0.47,0.22,0.6,0.45,Debt : Money Market,Nil
ICICI Pru Multi-Asset Fund(G),Sankaran Naren,HY-MULTI,0,57484.5,1.41,31-10-2002,NIFTY 200 - TRI,745.1,748.31,660.19,1.66,8.06,5.57,11.69,21.79,19.98,24.78,14.72,22.91,3.2,30,92,253938,51.3,10.07,4.37,Financials,1.4,0.88,6.59,0.59,0.51,1.25,0.48,7.13,Hybrid : Multi Asset Allocation,Nil upto 30% of units and 1% for remaining units on or before 1Y Nil after 1Y
ICICI Pru Multicap Fund(G),Anand Sharma,EQ-MLC,3,14504.6,1.74,01-10-1994,Nifty500 Multicap 50:25:25 - TRI,784.56,833.72,687.56,3.34,13.79,-1.19,9.27,25.92,23.46,26.57,14.55,22.77,2.71,70,105,90835,40.21,22.86,26.49,Financials,0,0,0,0.37,0.37,0.84,0.83,12.63,Equity : Multi Cap,1% on or before 12M Nil after 12M
ICICI Pru NASDAQ 100 Index Fund(G),Sharmila Dmello,EQ-INTL,0,1588.3,1.07,18-10-2021,Nasdaq-100,15.87,16.55,12.6,9.79,3.66,2.91,19.62,23.98,23.36,0,0,0,0,14,101,0,0,0,0,None,0,0,0,0.29,0.23,0.43,0.96,20.5,Equity : International,Nil
ICICI Pru Nifty 10 yr Benchmark G-Sec ETF,Darshil Dedhia,DT-GL10Y,0,565.3,0.14,13-12-2022,Nifty 10 yr Benchmark G-Sec,258.12,258.46,230.35,1.24,4.98,6.53,11.51,9.13,0,0,0,0,0,0,0,0,0,0,0,None,9.42,6.89,6.46,0,0.38,0.81,0.9,2.28,Debt : Gilt (10 Yr Constant Duration),null
ICICI Pru Nifty 200 Momentum 30 Index Fund-Reg(G),Nishit Patel,EQ-INDX,0,525.3,1,05-08-2022,Nifty200 Momentum 30 - TRI,16.45,20.48,13.92,4.26,13.04,-13.07,-14.86,21.47,0,0,0,39.82,6.56,122,31,149142,74.06,24.87,0,Technology,0,0,0,-0.12,0.19,0.35,1,18.74,Equity : Index Funds,Nil
ICICI Pru Nifty 5 yr Benchmark G-SEC ETF,Darshil Dedhia,DT-M&LD,0,58,0.2,07-03-2022,Nifty 5 yr Benchmark G-Sec Index TRI,62.55,62.56,55.93,1.41,4.73,6.39,11.59,8.94,8.82,0,0,0,0,0,0,0,0,0,0,None,4.62,3.81,6.18,0.02,0.29,0.56,0.91,1.96,Debt : Medium to Long Duration,null
ICICI Pru Nifty 50 Index Fund-Reg(G),Nishit Patel,EQ-INDX,4,13168.5,0.36,26-02-2002,NIFTY 50 - TRI,246.84,261.8,221,1.02,11.11,0.63,6.2,15.99,14.84,20.46,11.95,22.53,3.38,11,50,563968,99.02,0.95,0,Financials,0,0,0,-0.03,0.22,0.49,1,12.48,Equity : Index Funds,Nil
ICICI Pru Nifty 500 Index Fund-Reg(G),Nishit Patel,EQ-INDX,0,22,1,20-12-2024,NIFTY 500 - TRI,10.22,10.25,8.93,3.29,13.84,0,0,0,0,0,0,23.89,3.46,5,501,223734,72.65,17.3,9.57,Financials,0,0,0,0,0,0,0,0,Equity : Index Funds,Nil
ICICI Pru Nifty Auto Index Fund-Reg(G),Nishit Patel,EQ-AUTO,0,137.4,0.97,11-10-2022,NIFTY AUTO - TRI,18.39,21.84,15.61,4.39,13.11,-2.42,-3.15,26.89,0,0,0,22.51,4.13,39,15,188561,77.91,22.04,0,Automobile and Ancillaries,0,0,0,-0.09,0.31,0.6,0.99,17.54,Equity : Sectoral - Auto,Nil
ICICI Pru Nifty Bank Index Fund-Reg(G),Nishit Patel,EQ-INDX,0,595.8,0.8,02-03-2022,NIFTY BANK - TRI,15.58,15.64,13.4,0.97,15.49,5.24,8.68,12.22,16.06,0,0,14.88,2.02,32,12,517651,83.8,16.17,0,Financials,0,0,0,-0.08,0.19,0.42,1,15.11,Equity : Index Funds,Nil
ICICI Pru Nifty Commodities ETF,Nishit Patel,EQ-THEM,0,70.6,0.3,15-12-2022,NIFTY COMMODITIES - TRI,86.46,98.94,76.71,0.21,11.13,-2.21,-8.61,21.46,0,0,0,19.58,2.18,81,30,217335,83.86,16.14,0,Energy,0,0,0,-0.02,0.21,0.4,1,16.25,Equity : Thematic,null
ICICI Pru Nifty G-Sec Dec 2030 Index Fund-Reg(G),Darshil Dedhia,DT-M&LD,0,954.1,0.39,11-10-2022,Nifty G-Sec Dec 2030 Index,12.72,12.73,11.37,1.45,4.79,6.37,11.6,9.04,0,0,0,0,0,0,0,0,0,0,0,None,5.44,4.26,6.27,0.03,0.44,0.83,0.75,1.87,Debt : Medium to Long Duration,Nil
ICICI Pru Nifty IT Index Fund-Reg(G),Nishit Patel,EQ-INDX,0,502.7,0.86,18-08-2022,NIFTY IT - TRI,12.68,15.62,11.09,2.95,-1.66,-15.18,14.36,13.55,0,0,0,26.86,6.78,35,10,359719,83.38,16.57,0,Technology,0,0,0,-0.08,0.12,0.23,0.99,20.67,Equity : Index Funds,Nil
ICICI Pru Nifty LargeMidcap 250 Index Fund-Reg(G),Nishit Patel,EQ-INDX,0,200.5,0.83,13-03-2024,NIFTY LargeMidcap 250 - TRI,11.89,12.65,10.24,4.31,15.29,-0.73,4.85,0,0,0,0,25.65,3.69,19,251,158058,54.22,43.18,2.51,Financials,0,0,0,-0.08,0.12,0.22,1,15.62,Equity : Index Funds,Nil
ICICI Pru Nifty Midcap 150 Index Fund-Reg(G),Nishit Patel,EQ-INDX,0,667.2,0.92,22-12-2021,Nifty Midcap 150 - TRI,18.54,19.65,15.46,7.2,18.81,-0.9,5.83,28.68,25.73,0,0,29.85,4.03,30,150,57969,11.24,83.7,5,Financials,0,0,0,-0.09,0.32,0.65,1,16.41,Equity : Index Funds,Nil
ICICI Pru Nifty Next 50 Index Fund(G),Nishit Patel,EQ-INDX,4,7134.2,0.66,25-06-2010,NIFTY NEXT 50 - TRI,58.63,68.42,50.09,3.46,15.53,-7.49,-5.84,25.36,20.27,21.69,13.01,22.22,3.5,66,51,121416,90.22,8.8,0,Financials,0,0,0,-0.07,0.21,0.39,1,18.9,Equity : Index Funds,Nil
ICICI Pru Nifty Pharma Index Fund-Reg(G),Nishit Patel,EQ-PHRM,0,83.3,0.95,14-12-2022,NIFTY PHARMA - TRI,16.22,18.11,14.67,-1.35,7.18,-5.02,12.59,27.56,0,0,0,31.49,4.76,71,20,123270,73.56,21.57,4.77,Healthcare,0,0,0,-0.13,0.32,0.71,0.99,15.88,Equity : Sectoral - Pharma,Nil
ICICI Pru Nifty PSU Bond Plus SDL Sep 2027 40:60 Index Fund-Reg(G),Darshil Dedhia,DT-M&LD,0,8882.6,0.38,28-09-2021,Nifty PSU Bond Plus SDL Sep 2027 40:60 Index,12.39,12.4,11.31,1.1,3.4,5.14,9.46,7.99,7.99,0,0,0,0,0,0,0,0,0,0,None,2.24,1.99,6.56,-0.02,0.2,0.32,0.51,1.63,Debt : Medium to Long Duration,Nil
ICICI Pru Nifty SDL Dec 2028 Index Fund-Reg(G),Darshil Dedhia,DT-M&LD,0,993.3,0.37,12-10-2022,Nifty SDL Dec 2028 Index,12.6,12.61,11.35,1.28,3.99,5.94,10.99,8.81,0,0,0,0,0,0,0,0,0,0,0,None,3.54,2.98,6.44,0.04,0.43,0.73,0.56,1.56,Debt : Medium to Long Duration,Nil
ICICI Pru Nifty SDL Sep 2026 Index Fund-Reg(G),Darshil Dedhia,DT-M&LD,0,249.8,0.39,21-12-2022,Nifty SDL Sep 2026 Index,11.98,11.98,11.04,0.9,2.61,4.31,8.52,7.56,0,0,0,0,0,0,0,0,0,0,0,None,1.22,1.13,6.34,0.01,0.33,0.34,0.27,0.88,Debt : Medium to Long Duration,Nil
ICICI Pru Nifty SDL Sep 2027 Index Fund-Reg(G),Darshil Dedhia,DT-M&LD,0,1794.4,0.35,24-03-2022,Nifty SDL Sep 2027 Index,12.33,12.33,11.23,1.14,3.37,5.25,9.65,8.18,8.25,0,0,0,0,0,0,0,0,0,0,None,2.23,2,6.39,0,0.25,0.39,0.51,1.63,Debt : Medium to Long Duration,Nil
ICICI Pru Nifty Smallcap 250 Index Fund(G),Nishit Patel,EQ-INDX,0,450.4,0.86,02-11-2021,Nifty Smallcap 250 - TRI,17.09,18.77,13.83,10.49,22.99,-6.14,5.63,29.27,24.47,0,0,26.93,3.11,47,250,17324,0,7.9,92.06,Financials,0,0,0,-0.09,0.26,0.48,1,19.06,Equity : Index Funds,Nil
ICICI Pru Nifty200 Quality 30 Index Fund-Reg(G),Nishit Patel,EQ-INDX,0,0,0,00-01-1900,NIFTY200 Quality 30 - TRI,0,0,0,0,0,0,0,0,0,0,0,0,0,0,0,0,0,0,0,None,0,0,0,0,0,0,0,0,Equity : Index Funds,NIL
ICICI Pru Nifty200 Value 30 Index Fund-Reg(G),Nishit Patel,EQ-INDX,0,92.4,1,18-10-2024,Nifty200 Value 30 - TRI,9.32,10,8.02,2.4,14.97,-3.19,0,0,0,0,0,9.89,1.4,15,30,148553,79.05,19.68,1.21,Energy,0,0,0,0,0,0,0,0,Equity : Index Funds,Nil
ICICI Pru Nifty50 Equal Weight Index Fund-Reg(G),Nishit Patel,EQ-INDX,0,120.8,0.97,03-10-2022,NIFTY50 Equal Weight - TRI,15.68,17.18,14.04,1.78,10.99,1.05,4.63,19.09,0,0,0,24.26,3.32,52,50,282473,95.32,4.61,0,Financials,0,0,0,-0.09,0.27,0.57,1,12.27,Equity : Index Funds,Nil
ICICI Pru Nifty50 Value 20 Index Fund-Reg(G),Nishit Patel,EQ-INDX,0,103.5,0.75,02-02-2024,Nifty50 Value 20 - TRI,10.62,12.11,9.76,0.61,5.72,-7.79,1.18,0,0,0,0,16.46,3.03,31,20,471897,97.14,2.8,0,Technology,0,0,0,-0.07,0,0.01,1,13.11,Equity : Index Funds,Nil
ICICI Pru Overnight Fund(G),Nikhil Kabra,DT-ON,3,9431,0.16,15-11-2018,CRISIL Liquid Overnight Index,1382.48,1382.48,1299.45,0.48,1.49,3.1,6.41,6.57,6.33,5.03,0,0,0,0,0,0,0,0,0,None,0.01,0,6.21,-0.02,-0.54,-0.12,0.95,0.17,Debt : Overnight,Nil
ICICI Pru Pharma Healthcare & Diagnostics (P.H.D) Fund-(G),Dharmesh Kakkad,EQ-PHRM,4,5295.3,1.91,13-07-2018,BSE Health Care - TRI,38.4,40.39,31.15,3.48,13.14,-1.36,24.88,37.22,27.92,24.71,0,30.65,4.09,81,41,56922,51.11,14.78,30.45,Healthcare,0,0,0,0.3,0.41,0.93,0.92,13.96,Equity : Sectoral - Pharma,1% on or before 15D Nil after 15D
ICICI Pru PSU Equity Fund-Reg(G),Anand Sharma,EQ-INDX,0,2031.4,2.08,12-09-2022,BSE PSU - TRI,20.51,22.88,17.47,2.5,17.05,-3.44,-6.7,35.58,0,0,0,11.05,1.55,59,35,174018,66.5,16.7,5.15,Energy,0,0,0,0.02,0.37,0.88,0.8,18.05,Equity : Index Funds,1% on or before 1M Nil after 1M
ICICI Pru Quality Fund-Reg(G),Ihab Dalwai,EQ-THEM,0,0,0,23-05-2025,NIFTY200 Quality 30 - TRI,10.03,10.06,10,0,0,0,0,0,0,0,0,0,0,0,0,0,0,0,0,None,0,0,0,0,0,0,0,0,Equity : Thematic,1% on or before 12M Nil after 12M
ICICI Pru Quant Fund(G),Roshan Chutkey,EQ-THEM,0,130.4,2.19,11-12-2020,BSE 200 - TRI,22.38,23.55,20.11,1.64,10.2,-0.09,8.64,21.4,18.46,0,0,21.05,3.75,105,52,183789,53.91,30.26,1.44,Financials,0,0,0,0.29,0.32,0.69,0.75,10.64,Equity : Thematic,1% on or before 3M Nil after 3M
ICICI Pru Regular Savings Fund-Reg(G),Manish Banthia,HY-DT(CO),3,3165.9,1.72,30-03-2004,NIFTY 50 Hybrid Composite Debt 15:85 Index,75.04,75.15,68.06,1.19,5.29,3.72,9.78,11.84,10.67,10.69,9.35,27.75,3.05,20,52,118599,12.27,3.74,5.99,Financials,3.88,2.52,7.49,0.2,0.37,0.98,0.59,3.06,Hybrid : Debt Oriented (Conservative),Nil on 30% of units within 1Y and 1% for more than 30% of units within 1Y Nil after 1Y
ICICI Pru Retirement Fund-Hybrid Aggressive Plan(G),Lalit Kumar,HY-SOL,3,789.6,2.27,27-02-2019,CRISIL Hybrid 35+65 - Aggressive Index,25,25.79,21.87,4.27,13.45,-0.04,4.41,25.05,20.51,21.76,0,0,0,43,80,64194,37.14,25.18,21.66,Financials,6.93,3.57,6.96,0.26,0.32,0.69,1.29,12.5,Hybrid : Solution Oriented,Nil
ICICI Pru Retirement Fund-Hybrid Cons Plan(G),Lalit Kumar,HY-SOL,0,77.8,2.09,27-02-2019,NIFTY 50 Hybrid Composite Debt 15:85 Index,17.05,17.07,15.71,1.73,5.85,2.71,7.21,12.47,10.74,9.68,0,0,0,16,28,98903,16.34,8.22,3.45,Metals,8.74,4.01,6.96,0.08,0.26,0.61,0.3,4.37,Hybrid : Solution Oriented,Nil
ICICI Pru Retirement Fund-Pure Debt Plan(G),Darshil Dedhia,HY-SOL,1,107.1,2.18,27-02-2019,NIFTY Composite Debt Index,15.1,15.11,13.9,0.68,3.29,4.5,8.42,7.41,6.92,5.76,0,0,0,0,0,0,0,0,0,None,8.69,3.91,7.03,-0.01,0.06,0.08,0.04,1.07,Hybrid : Solution Oriented,Nil
ICICI Pru Retirement Fund-Pure Equity Plan(G),Lalit Kumar,HY-SOL,4,1128.6,2.15,27-02-2019,NIFTY 500 - TRI,31.35,32.06,26.49,5.88,17.16,0.52,6.17,29.65,24.08,29.12,0,0,0,44,85,65163,43.4,27.12,26.03,Financials,0.01,0.01,5.27,0.41,0.34,0.73,0.98,14.39,Hybrid : Solution Oriented,Nil
ICICI Pru Rural Opportunities Fund-Reg(G),Sankaran Naren,EQ-THEM,0,1359.9,2.15,28-01-2025,Nifty Rural - TRI,10.87,10.92,9.39,2.94,15.18,0,0,0,0,0,0,19.85,3.12,20,36,198980,66.92,13.52,5.24,Financials,0,0,0,0,0,0,0,0,Equity : Thematic,1% on or before 12M Nil after 12M
ICICI Pru Savings Fund(G),Nikhil Kabra,DT-LOWD,5,22637.8,0.53,27-09-2002,NIFTY Low Duration Debt Index,542.25,542.25,499.96,0.82,2.63,4.32,8.41,8.09,7.75,6.56,7.33,0,0,0,0,0,0,0,0,None,1.81,0.87,7.14,0.05,0.37,0.3,0.19,0.75,Debt : Low Duration,Nil
ICICI Pru Short Term Fund(G),Manish Banthia,DT-SD,5,20968.8,1.02,25-10-2001,Nifty Short Duration Debt Index,60.18,60.18,55.05,0.92,3.42,4.92,9.15,8.2,8.05,6.88,7.58,0,0,0,0,0,0,0,0,None,4.39,2.65,7.23,0.05,0.43,0.41,0.28,0.89,Debt : Short Duration,Nil
ICICI Pru Smallcap Fund(G),Anish Tawakley,EQ-SML,3,7604.6,1.8,18-10-2007,Nifty Smallcap 250 - TRI,85.78,93.01,72.1,8.47,18.57,-4.16,3.77,20.55,19.95,34.16,14.9,25.2,2.39,56,111,16281,8.31,8.59,69.79,Automobile and Ancillaries,0,0,0,0.09,0.28,0.55,0.71,14.47,Equity : Small Cap,1% on or before 1Y NIL after 1Y
ICICI Pru Technology Fund(G),Vaibhav Dusad,EQ-TECH,0,12983,1.77,03-03-2000,BSE TECk Index - TRI,195.46,225.87,167.72,4.14,4.22,-9.57,17.1,19.57,12.48,29.81,17.23,29.49,5.89,46,73,82943,61.89,10.97,14.41,Technology,0,0,0,0.18,0.13,0.28,1.01,17.45,Equity : Sectoral - Technology,1% on or before 15D NIL after 15D
ICICI Pru Transportation and Logistics Fund-Reg(G),Rajat Chandak,EQ-AUTO,0,3010,1.97,28-10-2022,Nifty Transportation & Logistics - TRI,18.04,20.27,15.4,5.28,13.7,-2.24,3.88,27.7,0,0,0,26.25,4.56,45,41,98645,65.66,9.42,13.81,Automobile and Ancillaries,0,0,0,0.14,0.35,0.67,0.87,15.13,Equity : Sectoral - Auto,1% on or before 1M Nil after 1M
ICICI Pru Ultra Short Term Fund Fund(G),Manish Banthia,DT-USD,5,15092.4,0.8,03-05-2011,NIFTY Ultra Short Duration Debt Index,27.59,27.59,25.63,0.71,2.24,3.93,7.63,7.38,7,6.02,7.05,0,0,0,9,0,0,0,0,None,0.69,0.42,7.05,0.01,0.26,0.11,0.1,0.38,Debt : Ultra Short Duration,Nil
ICICI Pru US Bluechip Equity Fund(G),Ritesh Lunawat,EQ-INTL,0,2914.5,2.03,06-07-2012,S&P 500 ,60.75,65.24,51.94,5.41,-2.75,-6.11,5.93,9.59,12.26,12.45,12.87,0,0,69,61,0,0,0,0,None,0,0,0,0.07,0.12,0.24,0.98,18.06,Equity : International,1% on or before 1M Nil after 1M
ICICI Pru Value Discovery Fund(G),Sankaran Naren,EQ-VAL,4,51111.9,1.53,16-08-2004,NIFTY 500 - TRI,459.95,479.11,404.57,1.79,11.64,1.79,11.56,25.95,22.87,28.71,14.88,20.39,2.98,47,69,353236,73.45,8.65,3.94,Financials,0,0,0,0.55,0.41,0.97,0.76,11.22,Equity : Value / Contra,1% on or before 12M Nil after 12M
Invesco India Aggressive Hybrid Fund-Reg(G),Dhimant Kothari,HY-EQ,3,653.1,2.34,30-06-2018,CRISIL Hybrid 35+65 - Aggressive Index,22.46,23.28,19.86,3.65,11.57,-1.6,10.15,21.67,18.46,18.15,0,32.48,5.16,64,49,123268,41.37,15.14,8.14,Financials,4.17,3.07,6.79,0.2,0.3,0.62,1.14,11.11,Hybrid : Equity Oriented,Nil upto 10% of units and 1% for above the limits on or before 1Y Nil after 1Y
Invesco India Arbitrage Fund(G),Deepak Gupta,HY-ARB,3,20029.4,1.06,30-04-2007,Nifty 50 Arbitrage,31.75,31.75,29.7,0.38,1.72,3.32,7.14,7.42,7,5.66,5.83,24.13,3.03,1739,178,153599,40.69,19.26,6,Financials,0.3,0.28,6.37,0,0.16,0.11,0.57,0.51,Hybrid : Arbitrage,0.50% on or before 15D Nil after 15D
Invesco India Balanced Advantage Fund(G),Dhimant Kothari,HY-DYN,2,965.3,2.14,04-10-2007,NIFTY 50 Hybrid Composite Debt 50:50 Index,52.8,54.39,48.63,1.13,7.23,-1.88,5.83,15.4,14.17,13.71,9.32,32.12,4.83,236,35,202673,56.28,6.27,1.76,Financials,1.37,1.13,6.18,0.16,0.28,0.59,0.62,8.25,Hybrid : Dynamic Asset Allocation,Nil upto 10% of units and 0.25% for above the limits on or before 3M Nil after 3M
Invesco India Banking and PSU Fund(G),Vikas Garg,DT-B&PSU,3,104.9,0.63,29-12-2012,NIFTY Banking and PSU Debt Index,2277.92,2278.8,2071.44,1.15,4.18,5.39,9.74,8.24,7.68,5.78,6.6,0,0,0,0,0,0,0,0,None,5.14,3.66,6.49,-0.02,0.19,0.3,0.42,1.32,Debt : Banking & PSU,NIL
Invesco India Business Cycle Fund-Reg(G),Aditya Khemani,EQ-THEM,0,300.3,2.38,27-02-2025,NIFTY 500 - TRI,11.68,11.68,9.71,6.51,19.08,0,0,0,0,0,0,49.12,6.52,0,32,56774,37.59,34.65,25.7,Financials,0,0,0,0,0,0,0,0,Equity : Thematic,0.50% on or before 3M Nil after 3M
Invesco India Contra Fund(G),Taher Badshah,EQ-VAL,3,18046,1.65,11-04-2007,BSE 500 - TRI,132.23,142.97,115.75,3.09,13.19,-3.2,8.71,26.5,22.39,24.96,15.61,28.14,4.04,67,73,119372,61.47,19.73,13.55,Financials,0,0,0,0.37,0.32,0.66,0.99,14.1,Equity : Value / Contra,Nil upto 10% of units and 1% for above the limits on or before 1Y Nil after 1Y
Invesco India Corporate Bond Fund(G),Vikas Garg,DT-CORP,3,7030.6,0.68,02-08-2007,NIFTY Corporate Bond Index,3194.28,3194.28,2899.18,1.15,4.1,5.48,9.96,8.36,7.71,6.34,6.9,0,0,0,0,0,0,0,0,None,5.04,3.77,6.64,0,0.23,0.32,0.36,1.18,Debt : Corporate Bond,Nil
Invesco India Credit Risk Fund(G),Vikas Garg,DT-CR,3,149.8,1.45,04-09-2014,NIFTY Credit Risk Bond Index,1936.22,1936.22,1743.96,0.97,5.03,6.95,10.86,9.43,9.44,6.95,5.99,0,0,0,1,132,0,0,0,Textile,3.97,2.88,6.82,0.1,0.26,0.75,0.43,2.68,Debt : Credit Risk,4% on or before 1Y Nil after 1Y
Invesco India ELSS Tax Saver Fund(G),Amit Nigam,EQ-ELSS,3,2720.7,1.93,29-12-2006,BSE 500 - TRI,124.96,133.18,107.41,5.34,15.36,-4.16,8.36,23.37,19.16,21.79,13.33,34.88,5,76,60,89960,49.48,27.34,22.34,Financials,0,0,0,0.08,0.25,0.47,1,14.58,Equity : Tax Saving (ELSS),Nil
Invesco India Equity Savings Fund-Reg(G),Dhimant Kothari,HY-EQ,1,404.3,2.3,07-03-2019,NIFTY 50 Equity Savings Index,16.93,16.93,15.42,2.51,7.14,1.09,9.05,13.94,11.76,10.34,0,27.8,4.04,473,67,174143,48.12,10.51,8.39,Financials,2.42,1.94,6.8,0.1,0.25,0.51,0.39,5.81,Hybrid : Equity Oriented,0.25% on or before 1M Nil after 1M
Invesco India ESG Integration Strategy Fund-Reg(G),Taher Badshah,EQ-THEM,0,466.3,2.43,20-03-2021,NIFTY100 ESG - TRI,17.56,18.89,15.4,4.22,12.6,-4.31,8.01,19.3,15.16,0,0,28.81,4.94,56,36,181633,71.98,13.6,13.2,Financials,0,0,0,0.03,0.19,0.38,0.89,13.24,Equity : Thematic,Nil upto 10% of units and 1% for remaining units on or before 1Y Nil after 1Y
Invesco India Financial Services Fund(G),Hiten Jain,EQ-FIN,2,1307.6,2.15,14-07-2008,Nifty Financial Services - TRI,134.93,135.59,112.36,4.18,18.69,3.93,14.78,24.87,24.1,24.34,14.49,18.38,2.74,22,33,254308,63.84,17.86,15.06,Financials,0,0,0,0.45,0.31,0.67,0.89,14.92,Equity : Sectoral - Financial Services,Nil upto 10% of units and 1% for above the limits on or before 1Y Nil after 1Y
Invesco India Flexi Cap Fund-Reg(G),Amit Ganatra,EQ-FLEX,0,2753,1.93,14-02-2022,BSE 500 - TRI,18.39,19.5,15.67,4.87,16.27,-3.58,11.52,28.1,24.2,0,0,39.28,5.78,89,52,108334,58.45,23.43,13.38,Financials,0,0,0,0.45,0.33,0.61,1,14.85,Equity : Flexi Cap,Nil upto 10% of units and 1% for remaining units on or before 1Y Nil after 1Y
Invesco India Focused Fund-Reg(G),Taher Badshah,EQ-FLEX,0,3693.3,1.88,29-09-2020,BSE 500 - TRI,27.99,29.65,23.92,4.76,13.52,-2.71,12.65,35.51,25.37,0,0,37.83,6.28,32,20,207346,68.28,19.94,5.66,Financials,0,0,0,0.53,0.33,0.65,1.01,15.53,Equity : Flexi Cap,Nil upto 10% of units and 1% for remaining units on or before 1Y Nil after 1Y
Invesco India Gilt Fund(G),Vikas Garg,DT-GILT,0,636.5,1.25,09-02-2008,Nifty All Duration G-Sec Index,2879.35,2890.26,2610.02,0.16,5.42,5.38,9.71,9.02,8.25,5.43,6.79,0,0,0,0,0,0,0,0,None,24.52,10.23,6.7,-0.02,0.2,0.52,0.77,2.68,Debt : Gilt,Nil
Invesco India Infrastructure Fund(G),Amit Nigam,EQ-INFRA,4,1446.1,2.13,24-10-2007,BSE India Infrastructure Index - TRI,64.6,69.53,50.55,10.13,26.42,-3.27,-3.16,34.26,29.58,32.19,16.32,36.79,5.14,61,47,54521,35.83,25.47,37.69,Capital Goods,0,0,0,2.71,0.33,0.62,0.81,18.7,Equity : Sectoral - Infrastructure,Nil upto 10% of units and 1% for above the limits on or before 1Y Nil after 1Y
Invesco India Large & Mid Cap Fund(G),Aditya Khemani,EQ-L&M,2,6765.1,1.8,09-08-2007,NIFTY LargeMidcap 250 - TRI,96.68,99.95,80.71,6.5,18.01,0.37,16.13,32.08,26.23,25.76,15.06,43.28,5.67,52,46,58346,42.18,39.08,15.43,Financials,0,0,0,0.29,0.34,0.67,1.01,15.4,Equity : Large & Mid Cap,Nil upto 10% of units and 1% for above the limits on or before 1Y Nil after 1Y
Invesco India Largecap Fund(G),Amit Nigam,EQ-LC,3,1423.7,2.07,21-08-2009,NIFTY 100 - TRI,68.03,72.12,58.65,2.84,15.15,-1.7,7.18,21.51,18.47,21.22,12.44,29.75,4.44,69,49,241182,83.27,8.23,7.37,Financials,0,0,0,0.16,0.25,0.52,1.02,14.05,Equity : Large Cap,Nil 
Invesco India Liquid Fund(G),Krishna Cheemalapati,DT-LIQ,2,14736.7,0.22,17-11-2006,Nifty Liquid Fund Index,3573.43,3573.43,3332.61,0.56,1.83,3.58,7.25,7.25,6.91,5.46,6.23,0,0,0,0,0,0,0,0,None,0.15,0.15,6.19,0.01,0.2,0.06,0.28,0.25,Debt : Liquid,0.007% for Day 1 0.0065% on Day 2 0.0060% on Day 3 0.0055% on Day 4 0.0050% on Day 5 0.0045% on Day 6 NIL on or after 7D
Invesco India Low Duration Fund(G),Krishna Cheemalapati,DT-LOWD,4,1672.9,0.6,18-01-2007,NIFTY Low Duration Debt Index,3774.51,3774.51,3492.01,0.78,2.52,4.17,8.03,7.52,7.05,5.82,6.8,0,0,0,0,0,0,0,0,None,0.99,0.9,6.55,0.01,0.21,0.13,0.79,0.51,Debt : Low Duration,Nil
Invesco India Manufacturing Fund-Reg(G),Amit Ganatra,EQ-THEM,0,771.5,2.3,14-08-2024,Nifty India Manufacturing - TRI,10.04,10.79,8.43,6.05,17.67,-5.13,0,0,0,0,0,44.17,6.52,16,59,61295,48.76,24.66,25.29,Healthcare,0,0,0,0,0,0,0,0,Equity : Thematic,0.50% on or before 3M Nil after 3M
Invesco India Medium Duration Fund-Reg(G),Vikas Garg,DT-MD,0,168.9,1.15,16-07-2021,NIFTY Medium Duration Debt Index,1245.4,1245.47,1135.06,1.02,4.01,5.31,9.51,7.82,7.48,0,0,0,0,0,0,0,0,0,0,None,5.04,3.69,6.5,-0.06,0.14,0.24,0.53,1.54,Debt : Medium Duration,NIL
Invesco India Midcap Fund(G),Aditya Khemani,EQ-MID,3,6047,1.81,19-04-2007,BSE 150 MidCap - TRI,171.23,177.14,139.65,8.28,19.9,-0.11,19.82,33.53,28.73,30.32,17.21,45.14,5.46,45,46,50016,24.2,56.98,18.75,Financials,0,0,0,0.24,0.36,0.69,0.96,16.63,Equity : Mid Cap,Nil upto 10% of units and 1% for above the limits on or before 1Y Nil after 1Y
Invesco India Money Market Fund(G),Krishna Cheemalapati,DT-MM,2,5898.6,0.48,28-08-2009,Nifty Money Market Index,3038.88,3038.88,2817.9,0.71,2.42,4.11,7.82,7.47,7.08,5.58,6.5,0,0,0,0,0,0,0,0,None,0.74,0.74,6.41,0.02,0.24,0.13,0.69,0.47,Debt : Money Market,Nil
Invesco India Multi Asset Allocation Fund-Reg(G),Taher Badshah,HY-MULTI,0,359,1.87,17-12-2024,NIFTY 200 - TRI,10.64,10.64,9.72,2.62,7.29,0,0,0,0,0,0,22.86,3.45,7,77,500433,35.94,0.67,0,Financials,0,0,0,0,0,0,0,0,Hybrid : Multi Asset Allocation,Nil upto 10% of units and 1% for remaining units on or before 1Y Nil after 1Y
Invesco India Multicap Fund(G),Dhimant Kothari,EQ-MLC,4,3782.1,1.9,17-03-2008,Nifty500 Multicap 50:25:25 - TRI,130.16,141.66,111.97,5.9,15.45,-4.71,10.19,25.22,21.86,25.23,13.84,39.96,5.36,116,66,62934,46.82,25.34,22.64,Financials,0,0,0,0.11,0.29,0.55,0.98,15.09,Equity : Multi Cap,Nil upto 10% of units and 1% for above the limits on or before 1Y Nil after 1Y
Invesco India Nifty G-sec Jul 2027 Index Fund-Reg(G),Krishna Cheemalapati,DT-MD,0,72.2,0.29,20-03-2023,Nifty G-sec Jul 2027 Index,1190.88,1190.88,1088.58,1.04,3.15,4.85,9.31,7.84,0,0,0,0,0,0,0,0,0,0,0,None,1.98,1.78,5.79,0.02,0.42,0.5,0.39,1.02,Debt : Medium Duration,0.25% on or before 30D Nil after 30D
Invesco India Nifty G-sec Sep 2032 Index Fund-Reg(G),Krishna Cheemalapati,DT-LD,0,53.1,0.29,29-03-2023,Nifty G-Sec Sep 2032 Index,1235.29,1236.9,1097.48,1.43,5.31,6.94,12.22,9.48,0,0,0,0,0,0,0,0,0,0,0,None,6.76,5.26,6.18,0.04,0.45,0.88,0.9,2.14,Debt : Long Duration,0.25% on or before 30D Nil after 30D
Invesco India Overnight Fund-Reg(G),Krishna Cheemalapati,DT-ON,1,322.6,0.12,08-01-2020,Nifty 1D Rate Index,1299.53,1299.53,1221.15,0.48,1.49,3.1,6.44,6.6,6.35,5.06,0,0,0,0,0,0,0,0,0,None,0.01,0.01,5.83,-0.01,-0.56,-0.14,0.86,0.18,Debt : Overnight,Nil
Invesco India PSU Equity Fund(G),Dhimant Kothari,EQ-THEM,1,1281.5,2.16,18-11-2009,BSE PSU - TRI,63.98,70.92,49.35,6.81,27.9,-0.03,-8.56,39.86,35.61,30.26,16.68,15.26,2.25,60,23,144284,66.91,26.05,5.73,Energy,0,0,0,0.07,0.36,0.82,0.95,21.41,Equity : Thematic,Nil upto 10% of units and 1% for above the limits on or before 1Y Nil after 1Y
Invesco India Short Duration Fund(G),Vikas Garg,DT-SD,3,1051.4,1.05,24-03-2007,Nifty Short Duration Debt Index,3575.5,3575.5,3267.6,1.08,3.63,5.1,9.24,7.91,7.23,5.76,6.63,0,0,0,0,0,0,0,0,None,3.21,2.64,6.61,0.01,0.13,0.18,1.52,1.07,Debt : Short Duration,Nil
Invesco India Smallcap Fund-Reg(G),Taher Badshah,EQ-SML,2,6199.7,1.78,30-10-2018,BSE 250 Small Cap - TRI,40.81,44.26,33.8,8.61,20.53,-4.9,13.99,31.33,28.01,33.94,0,39.93,5.59,38,78,20922,2.95,29.82,65.18,Financials,0,0,0,0.45,0.34,0.62,0.86,17.1,Equity : Small Cap,Nil upto 10% of units and 1% for above the limits on or before 1Y Nil after 1Y
Invesco India Technology Fund-Reg(G),Hiten Jain,EQ-TECH,0,306.8,2.4,23-09-2024,NIFTY IT - TRI,9.42,10.88,7.78,6.87,11.87,-9.59,0,0,0,0,0,45.72,8.39,2,23,130494,42.87,41.83,12.62,Technology,0,0,0,0,0,0,0,0,Equity : Sectoral - Technology,0.50% on or before 3M Nil after 3M
Invesco India Ultra Short Duration Fund(G),Krishna Cheemalapati,DT-USD,2,1226.9,0.74,30-12-2010,NIFTY Ultra Short Duration Debt Index,2686.86,2686.86,2499.34,0.64,2.13,3.87,7.5,7.28,6.81,5.36,6.54,0,0,0,0,0,0,0,0,None,0.48,0.46,6.59,0,0.11,0.06,0.56,0.42,Debt : Ultra Short Duration,Nil
ITI Arbitrage Fund-Reg(G),Laukik Bagwe,HY-ARB,0,49.4,0.93,09-09-2019,Nifty 50 Arbitrage,12.89,12.9,12.08,0.43,1.84,3.41,6.97,7.22,6.07,4.55,0,16.44,2.19,0,29,105354,42.69,22.16,4.96,Financials,0,0,4.99,-0.08,-0.28,-0.3,0.73,0.68,Hybrid : Arbitrage,NIL upto 10% of units and 0.25% for remaining units on or before 15D NIL after 15D
ITI Balanced Advantage Fund-Reg(G),Rajesh Bhatia,HY-DYN,0,390.9,2.37,31-12-2019,NIFTY 50 Hybrid Composite Debt 50:50 Index,14.31,14.62,13.06,1.8,6.12,-0.87,3.04,14.14,11.62,10.62,0,25.52,3.87,632,40,378765,54.42,4.15,3.09,Financials,0.19,0.17,6.11,-0.01,0.19,0.41,0.52,7.4,Hybrid : Dynamic Asset Allocation,NIL upto 10% of units and 0.50% for remaining units on or before 3M NIL after 3M
ITI Banking & Financial Services Fund-Reg(G),Nilay Dalal,EQ-FIN,0,300.5,2.36,06-12-2021,Nifty Financial Services - TRI,14.74,14.89,12.69,0.92,14.6,6.62,10.16,14.99,15.85,0,0,17.69,2.47,99,32,389593,80.36,8.14,7.87,Financials,0.2,0.19,3.51,-0.08,0.21,0.47,0.92,14.02,Equity : Sectoral - Financial Services,0.50% on or before 3M NIL after 3M
ITI Banking & PSU Debt Fund-Reg(G),Laukik Bagwe,DT-B&PSU,0,35.4,0.7,22-10-2020,CRISIL Banking and PSU Debt Index,13.03,13.03,12,0.88,3.1,4.63,8.42,7.65,7.1,0,0,0,0,0,0,0,0,0,0,None,6.09,3.23,6.56,-0.09,0.17,0.17,0.78,0.8,Debt : Banking & PSU,Nil
ITI Bharat Consumption Fund-Reg(G),Rohan Korde,EQ-CONS,0,183.4,2.34,27-02-2025,Nifty India Consumption - TRI,10.94,11.08,9.88,1.6,9.13,0,0,0,0,0,0,36.75,6.65,0,60,124706,66.11,15.52,12.71,FMCG,0,0,0,0,0,0,0,0,Equity : Thematic - Consumption,0.50% on or before 3M Nil after 3M
ITI Dynamic Bond Fund-Reg(G),Laukik Bagwe,DT-DYN,0,39.4,1.19,14-07-2021,CRISIL Dynamic Bond Index,12.67,12.7,11.57,0.58,3.47,4.78,9.05,8.12,7.27,0,0,0,0,0,0,0,0,0,0,None,21.66,9.74,6.52,-0.23,0.13,0.26,0.94,1.68,Debt : Dynamic Bond,Nil
ITI ELSS Tax Saver Fund-Reg(G),Alok Ranjan,EQ-ELSS,0,384.7,2.32,18-10-2019,NIFTY 500 - TRI,24.16,26.27,20.18,8.78,19.3,-2.28,2.61,27.21,23.43,22.82,0,23.38,3.28,96,71,42858,40.26,9.47,45.72,Financials,0,0,0,0.29,0.31,0.57,1.02,15.02,Equity : Tax Saving (ELSS),Nil
ITI Flexi Cap Fund-Reg(G),Dhimant Shah,EQ-FLEX,0,1052.5,2.05,17-02-2023,NIFTY 500 - TRI,17.53,18.93,14.76,6.46,18.03,-4.86,3.46,25.31,0,0,0,26.95,3.83,105,65,97118,54.25,12.12,30.26,Financials,0,0,0,0.18,0.36,0.66,1.15,15.94,Equity : Flexi Cap,0.50% on or before 3M NIL after 3M
ITI Focused Equity Fund-Reg(G),Dhimant Shah,EQ-FLEX,0,492.4,2.28,19-06-2023,NIFTY 500 - TRI,14.81,15.54,12.58,4.27,16.57,-2.99,5.06,0,0,0,0,27.84,4.17,69,31,124458,59.43,9.35,27.08,Financials,0,0,0,0.16,0.29,0.53,0.97,14.23,Equity : Flexi Cap,0.50% on or before 3M NIL after 3M
ITI Large & Mid Cap Fund-Reg(G),Alok Ranjan,EQ-L&M,0,804.2,2.18,11-09-2024,NIFTY LargeMidcap 250 - TRI,9.7,10.29,8.18,6.91,17.4,-4.12,0,0,0,0,0,24.58,3.61,0,84,95683,45.64,32.18,19.12,Financials,0,0,0,0,0,0,0,0,Equity : Large & Mid Cap,0.50% on or before 3M Nil after 3M
ITI Large Cap Fund-Reg(G),Alok Ranjan,EQ-LC,0,518.4,2.36,24-12-2020,NIFTY 100 - TRI,17.45,18.8,15.34,3.49,12.8,-2.68,-1.83,17.92,16.13,0,0,20.87,3.14,74,67,257384,81.57,5.68,10.43,Financials,0,0,0,0,0.21,0.45,0.99,13.49,Equity : Large Cap,0.50% on or before 3M NIL after 3M
ITI Liquid Fund-Reg(G),Laukik Bagwe,DT-LIQ,0,58.8,0.25,24-04-2019,CRISIL Liquid Debt Index,1354.12,1354.12,1266.52,0.54,1.76,3.44,6.94,6.88,6.56,5.15,0,0,0,0,0,0,0,0,0,None,0.09,0.08,6.4,-0.03,-0.2,-0.06,1.04,0.22,Debt : Liquid,0.007% for Day 1 0.0065% on Day 2 0.0060% on Day 3 0.0055% on Day 4 0.0050% on Day 5 0.0045% on Day 6 NIL on or after 7D
ITI Mid Cap Fund-Reg(G),Rohan Korde,EQ-MID,0,1120.8,2.06,05-03-2021,Nifty Midcap 150 - TRI,21,22.79,17.56,7.2,18.15,-3.22,-0.51,31.72,26.85,0,0,28.67,4.02,137,81,52403,17.7,59.69,17.56,Financials,0,0,0,0.04,0.33,0.67,0.97,16.64,Equity : Mid Cap,0.50% on or before 3M NIL after 3M
ITI Multi-Cap Fund-Reg(G),Dhimant Shah,EQ-MLC,0,1165,2.03,15-05-2019,Nifty500 Multicap 50:25:25 - TRI,23.3,25.39,19.39,7.01,19.27,-3.23,0.37,25.17,22.49,20.78,0,28.34,4.1,106,68,105424,53.37,18.28,25.26,Financials,1.44,1.32,4.12,0.06,0.29,0.55,1.02,15.42,Equity : Multi Cap,0.50% on or before 3M NIL after 3M
ITI Overnight Fund-Reg(G),Laukik Bagwe,DT-ON,0,40.8,0.18,24-10-2019,CRISIL Liquid Overnight Index,1300.6,1300.6,1225.24,0.46,1.43,2.96,6.17,6.31,6.1,4.88,0,0,0,0,0,0,0,0,0,None,0.01,0.01,5.96,-0.04,-0.99,-0.25,0.9,0.17,Debt : Overnight,Nil
ITI Pharma & Healthcare Fund-Reg(G),Rohan Korde,EQ-PHRM,0,219.1,2.35,08-11-2021,Nifty Healthcare Index - TRI,15.92,17.6,13.49,0.22,8.81,-8.18,19.54,28.02,22.01,0,0,37.54,5.86,60,39,64931,48.87,21.94,26.67,Healthcare,0,0,0,0.03,0.29,0.6,0.92,14.37,Equity : Sectoral - Pharma,0.50% on or before 3M NIL after 3M
ITI Small Cap Fund-Reg(G),Dhimant Shah,EQ-SML,0,2293.8,1.96,17-02-2020,Nifty Smallcap 250 - TRI,28.19,30.4,22.98,8.55,22.15,-4.58,6.19,33.51,29.4,29.99,0,33.9,4.34,110,78,25034,11.27,21.88,62.32,Financials,0,0,0,0.41,0.34,0.63,0.88,17.48,Equity : Small Cap,0.50% on or before 3M NIL after 3M
ITI Ultra Short Duration Fund-Reg(G),Laukik Bagwe,DT-USD,0,205.7,0.95,05-05-2021,CRISIL Ultra Short Term Debt Index,1231.94,1231.94,1153.65,0.58,1.95,3.46,6.78,6.6,6.22,0,0,0,0,0,0,0,0,0,0,None,0.47,0.45,6.75,-0.13,-0.33,-0.15,1.04,0.33,Debt : Ultra Short Duration,Nil
ITI Value Fund-Reg(G),Rohan Korde,EQ-VAL,0,301.2,2.37,14-06-2021,NIFTY 500 - TRI,16.33,18.04,14.03,5.74,15.95,-5.77,-3.7,22.11,21.41,0,0,23.23,3.15,138,71,74782,41.91,19.59,35.94,Financials,0,0,0,0.14,0.27,0.54,1.04,15.05,Equity : Value / Contra,0.50% on or before 3M NIL after 3M
JM Aggressive Hybrid Fund(G),Asit Bhandarkar,HY-EQ,0,802,2.24,01-04-1995,CRISIL Hybrid 35+65 - Aggressive Index,117.8,130.54,108.28,1.78,7.55,-6.67,-0.57,24.08,22.33,26.57,11.93,26.89,4.17,143.12,32,132978,49.98,5.08,19.12,Financials,0,0,0,0.52,0.37,0.75,1.11,12,Hybrid : Equity Oriented,1% on or before 60D Nil after 60D
JM Arbitrage Fund(G),Asit Bhandarkar,HY-ARB,0,194.4,1.06,18-07-2006,Nifty 50 Arbitrage,32.45,32.45,30.52,0.31,1.49,2.99,6.51,6.86,6.33,4.82,5.18,18.58,2.38,1118.79,87,182794,49.45,13.72,3.06,Financials,0.14,0,0,-0.05,-0.19,-0.15,0.61,0.55,Hybrid : Arbitrage,0.50% on or before 30D
JM Dynamic Bond Fund-Reg(G),Killol Pandya,DT-DYN,0,57.3,0.97,25-06-2003,CRISIL Dynamic Bond Index,42.1,42.13,37.88,1.04,5.18,6.27,10.78,8.41,7.92,6.36,6.92,0,0,0,0,0,0,0,0,None,9.52,6.62,6.4,-0.31,0.2,0.45,1.31,1.79,Debt : Dynamic Bond,Nil
JM ELSS Tax Saver Fund(G),Deepak Gupta,EQ-ELSS,0,189,2.38,31-03-2008,BSE 500 - TRI,47.04,53.07,41.74,3.86,11.27,-6.15,2.37,23.41,21.48,25.65,14.77,25.95,3.63,101.99,51,124788,59.26,12.73,25.12,Financials,0,0,0,0.28,0.29,0.59,1.01,14.87,Equity : Tax Saving (ELSS),Nil
JM Flexicap Fund-Reg(G),Satish Ramanathan,EQ-FLEX,3,5625.2,1.78,23-09-2008,BSE 500 - TRI,96.15,109.69,86.28,1.9,10.49,-8.91,-2.01,26.85,25.5,26.71,15.87,26.22,3.68,156.69,50,128489,63.9,15.67,18.76,Financials,0,0,0,0.61,0.36,0.72,1.02,15.36,Equity : Flexi Cap,1% on or before 30D Nil after 30D
JM Focused Fund-Reg(G),Asit Bhandarkar,EQ-LC,0,259.7,2.37,05-03-2008,BSE 500 - TRI,19.16,21.56,17.32,2.89,9.84,-7.56,-1.88,21.5,20.59,21.2,12.65,30.94,4.41,190.41,27,176320,68.8,14.68,11.66,Financials,0,0,0,0.35,0.3,0.58,0.91,13.89,Equity : Large Cap,1% on or before 30D Nil after 30D
JM Large Cap Fund-Reg(G),Deepak Gupta,EQ-LC,0,506.6,2.37,01-04-1995,BSE 100 - TRI,149.54,168.7,134.34,2.6,10.36,-6.77,-4.78,19.27,17.53,18.33,10.3,23.83,3.64,282.15,48,277485,88.43,6.23,3.88,Financials,0,0,0,0.1,0.24,0.5,0.97,13.46,Equity : Large Cap,1% on or before 30D Nil after 30D
JM Liquid Fund(G),Killol Pandya,DT-LIQ,2,2196,0.26,31-12-1997,CRISIL Liquid Debt Index,70.94,70.94,66.23,0.55,1.78,3.51,7.12,7.15,6.83,5.43,6.23,0,0,0,0,0,0,0,0,None,0.16,0.15,6.15,-0.01,0.13,0.04,1.12,0.23,Debt : Liquid,0.007% for Day 1 0.0065% on Day 2 0.0060% on Day 3 0.0055% on Day 4 0.0050% on Day 5 0.0045% on Day 6 NIL on or after 7D
JM Low Duration Fund(G),Killol Pandya,DT-LOWD,4,232.4,0.72,27-09-2006,CRISIL Low Duration Debt Index,36.97,36.97,34.22,0.75,2.51,4.17,7.98,7.38,6.85,9.47,6.28,0,0,0,0,0,0,0,0,None,1.03,0.91,6.75,-0.13,0.12,0.07,1.27,0.48,Debt : Low Duration,Nil
JM Medium to Long Duration Fund-Reg(G),Killol Pandya,DT-M&LD,0,35.3,1.05,01-04-1995,CRISIL Medium to Long Term Debt Index,62.69,62.76,56.65,1.15,4.7,5.97,10.27,8.14,8.02,5.45,4.24,0,0,0,0,0,0,0,0,None,8.73,6.39,6.27,-0.06,0.18,0.39,0.76,2.11,Debt : Medium to Long Duration,Nil
JM Midcap Fund-Reg(G),Satish Ramanathan,EQ-MID,0,1317.4,2.07,21-11-2022,Nifty Midcap 150 - TRI,18.76,20.86,16.05,5.44,15.27,-4.66,0.74,30.9,0,0,0,29.09,3.75,182.82,50,44856,10.71,68.85,19.39,Financials,0,0,0,0.2,0.35,0.7,0.97,16.74,Equity : Mid Cap,1% on or before 180D Nil after 180D
JM Overnight Fund-Reg(G),Killol Pandya,DT-ON,1,97.4,0.15,03-12-2019,CRISIL Liquid Overnight Index,1304.05,1304.05,1226.6,0.47,1.46,3.05,6.33,6.5,6.29,5.03,0,0,0,0,0,0,0,0,0,None,0.01,0.01,5.81,-0.02,-0.67,-0.16,1.02,0.17,Debt : Overnight,Nil
JM Short Duration Fund-Reg(G),Killol Pandya,DT-SD,0,120.8,1.09,29-08-2022,CRISIL Short Duration Debt Index,12.06,12.06,11.05,1.02,3.52,4.96,8.99,7.38,0,0,0,0,0,0,0,0,0,0,0,None,3.05,2.54,6.53,-0.03,0.12,0.16,1.54,0.97,Debt : Short Duration,Nil
JM Small Cap Fund-Reg(G),Asit Bhandarkar,EQ-SML,0,631.1,2.3,18-06-2024,Nifty Smallcap 250 - TRI,9.94,11.06,8.29,7.87,18.8,-7.65,0,0,0,0,0,27.19,2.9,0,53,11906,0,15.03,82.44,Financials,0,0,0,0,0,0,0,0,Equity : Small Cap,1% on or before 180D Nil after 180D
JM Value Fund(G),Satish Ramanathan,EQ-VAL,3,1036.4,2.19,02-06-1997,BSE 500 - TRI,97.6,110.82,83.65,5.75,16.1,-5.44,0.08,28.31,27.44,28.95,16.27,22.7,3.14,124.51,49,67227,43.18,17.65,38.48,Financials,0,0,0,0.67,0.36,0.72,1.04,16.07,Equity : Value / Contra,1% on or before 30D Nil after 30D
Kotak Balanced Advantage Fund-Reg(G),Rohit Tandon,HY-DYN,3,16987.9,1.66,03-08-2018,NIFTY 50 Hybrid Composite Debt 50:50 Index,20.4,20.48,18.44,1.84,9.79,1.2,9.13,13.88,12.93,14.27,0,23.43,3.66,236.02,107,237255,53.61,9.31,5.69,Financials,17.42,7.45,6.78,0.12,0.27,0.57,0.53,7.14,Hybrid : Dynamic Asset Allocation,Nil upto 8% of investment and 1% for remaining investment on or before 1Y Nil after 1Y
Kotak Banking & Financial Services Fund-Reg(G),Shibani Kurian,EQ-FIN,0,1177,2.15,27-02-2023,Nifty Financial Services - TRI,15.14,15.25,12.97,2.18,15.44,3.52,11.09,17.18,0,0,0,15.78,2.41,28.93,26,347265,76.35,9.63,10.57,Financials,0,0,0,0.09,0.28,0.61,0.94,13.54,Equity : Sectoral - Financial Services,0.50% on or before 30D Nil after 30D
Kotak Banking and PSU Debt Fund(G),Deepak Agrawal,DT-B&PSU,4,6212.9,0.75,29-12-1998,CRISIL Banking and PSU Debt Index,65.7,65.7,59.74,1.15,4.02,5.28,9.7,8.22,7.85,6.6,7.6,0,0,0,0,0,0,0,0,None,5.12,3.49,6.68,-0.1,0.27,0.38,1.17,1.13,Debt : Banking & PSU,Nil
Kotak Bluechip Fund(G),Rohit Tandon,EQ-LC,4,9830.4,1.73,04-02-2003,NIFTY 100 - TRI,561.71,596.44,495.47,1.89,12.76,-0.56,6.25,18.86,16.89,21.6,12.48,23.64,3.59,30.24,59,356297,82.51,8.65,4.04,Financials,0,0,0,0.16,0.26,0.56,0.92,12.38,Equity : Large Cap,Nil upto 10% of investment and 1% for remaining investment on or before 1Y Nil after 1Y
Kotak Bond Fund-Reg(G),Abhishek Bisen,DT-M&LD,3,2131.3,1.66,25-11-1999,CRISIL Medium to Long Term Debt Index,77.43,77.55,70.48,0.87,4.42,5.09,9.46,8.09,7.94,5.92,6.86,0,0,0,0,0,0,0,0,None,11.51,6.09,6.56,-0.04,0.19,0.41,0.66,1.92,Debt : Medium to Long Duration,NIL
Kotak Bond Short Term Fund(G),Deepak Agrawal,DT-SD,4,17540.6,1.12,02-05-2002,Nifty Short Duration Debt Index,52.3,52.3,47.75,1.04,3.64,5.06,9.36,7.91,7.42,6.13,7.05,0,0,0,0,0,0,0,0,None,4.04,2.66,6.66,0.02,0.18,0.25,1.56,1.11,Debt : Short Duration,Nil
Kotak BSE Housing Index Fund-Reg(G),Devender Singhal,EQ-INDX,0,16.8,0.72,28-08-2023,BSE Housing - TRI,13.17,15.04,11.6,3.39,11.04,-8.62,-5.12,0,0,0,0,40.1,4.26,52.18,24,81955,46.71,53.34,0,Construction,0,0,0,-0.14,0.15,0.27,1.27,19.32,Equity : Index Funds,Nil
Kotak BSE PSU Index Fund-Reg(G),Devender Singhal,EQ-INDX,0,75.2,1.04,31-07-2024,BSE PSU - TRI,8.76,10,7.05,5.41,22.78,-2.11,0,0,0,0,0,11.39,1.74,19.22,63,179987,75.29,20.97,3.82,Energy,0,0,0,0,0,0,0,0,Equity : Index Funds,Nil
Kotak BSE Sensex Index Fund-Reg(G),Devender Singhal,EQ-INDX,0,9.7,0.31,17-02-2025,BSE SENSEX - TRI,10.7,10.87,9.6,0.53,10.89,0,0,0,0,0,0,22.51,3.47,30.75,30,698904,99.31,0.59,0,Financials,0,0,0,0,0,0,0,0,Equity : Index Funds,NIL
Kotak Business Cycle Fund-Reg(G),Harish Bihani,EQ-THEM,0,2600.3,1.95,28-09-2022,NIFTY 500 - TRI,15.81,16.63,13.48,5.89,16.96,-0.9,11.6,22.38,0,0,0,32.06,4.36,42.72,54,95160,49.5,24.76,24.85,Financials,0,0,0,0.05,0.25,0.48,0.94,13.35,Equity : Thematic,0.50% on or before 90D Nil after 90D
Kotak Consumption Fund-Reg(G),Devender Singhal,EQ-CONS,0,1209.8,2.12,16-11-2023,Nifty India Consumption - TRI,13.16,14.92,11.75,2.82,10.73,-4.67,13.32,0,0,0,0,34.47,6.09,27.39,40,100909,53.26,21.27,24.43,FMCG,0,0,0,0.02,0.22,0.41,0.99,16.12,Equity : Thematic - Consumption,0.50% on or before 90D Nil after 90D
Kotak Corporate Bond Fund(G),Deepak Agrawal,DT-CORP,2,16661.3,0.68,21-09-2007,NIFTY Corporate Bond Index,3788.05,3788.05,3437.54,1.14,3.93,5.38,9.96,8.46,7.87,6.66,7.51,0,0,0,0,0,0,0,0,None,4.49,3.24,6.74,0.02,0.29,0.38,0.34,1.1,Debt : Corporate Bond,Nil
Kotak Credit Risk Fund(G),Deepak Agrawal,DT-CR,3,704,1.71,11-05-2010,CRISIL Credit Risk Debt Index,29.39,29.41,27.14,1.25,3.52,4.94,8.1,7.86,6.99,6.18,6.85,0,0,0,0,0,0,0,0,None,2.79,2.2,8,-0.05,0.06,0.1,0.33,1.46,Debt : Credit Risk,Nil upto 6% of investment and 1% for remaining investment on or before 1Y Nil after 1Y
Kotak CRISIL-IBX AAA Bond Financial Services Index - Dec 2026 Fund-Reg(G),Abhishek Bisen,DT-SD,0,51.6,0.29,17-02-2025,CRISIL IBX AAA Financial Services Index - Sep 2027,10.32,10.32,10,0.86,2.94,0,0,0,0,0,0,0,0,0,0,0,0,0,0,None,1.28,1.14,6.76,0,0,0,0,0,Debt : Short Duration,NIL
Kotak CRISIL-IBX AAA Financial Services Index - Sep 2027 Fund-Reg(G),Abhishek Bisen,DT-M&LD,0,406,0.4,13-09-2024,CRISIL IBX AAA Financial Services Index - Sep 2027,10.71,10.71,10,0.92,3.18,4.88,0,0,0,0,0,0,0,0,0,0,0,0,0,None,2.07,1.76,7.04,0,0,0,0,0,Debt : Medium to Long Duration,0.25% on or before 30D Nil after 30D
Kotak CRISIL-IBX Financial Services 3-6 Months Debt Index Fund-Reg(G),Manu Sharma,DT-USD,0,583.6,0.35,07-03-2025,CRISIL-IBX Financial Services 3 to 6 Months Debt Index,10.21,10.21,10,0.64,0,0,0,0,0,0,0,0,0,0,0,0,0,0,0,None,0.21,0.21,6.49,0,0,0,0,0,Debt : Ultra Short Duration,NIL
Kotak Debt Hybrid Fund(G),Shibani Kurian,HY-DT(CO),5,3129.3,1.66,02-12-2003,CRISIL Hybrid 85+15 - Conservative Index,58.65,58.74,53.47,1.13,6.46,2.69,7.94,12.27,11.68,12.21,9.63,17.92,2.83,0,42,181338,16.13,4.04,3,Financials,19.37,8.26,6.95,0.06,0.33,0.81,1.31,4.45,Hybrid : Debt Oriented (Conservative),Nil upto 8% of investments and 1% for remaining investments on or before 6M Nil after 6M
Kotak Dynamic Bond Fund-Reg(G),Deepak Agrawal,DT-DYN,4,2882.6,1.33,28-05-2008,NIFTY Composite Debt Index,37.82,37.9,34.19,0.63,4.79,5.24,9.98,8.86,8.15,6.58,7.99,0,0,0,0,0,0,0,0,None,17.36,7.98,6.86,-0.03,0.2,0.48,0.72,2.29,Debt : Dynamic Bond,Nil
Kotak ELSS Tax Saver Fund(G),Harsha Upadhyaya,EQ-ELSS,3,6076.6,1.76,23-11-2005,NIFTY 500 - TRI,113.71,123.71,99.03,2.81,14.25,-3.8,-0.68,19.68,18.93,23.61,13.81,21.65,3.28,31.73,56,222174,70.78,19.58,8.36,Financials,0,0,0,0.08,0.26,0.53,0.93,13.39,Equity : Tax Saving (ELSS),Nil
Kotak Emerging Equity Fund(G),Atul Bhole,EQ-MID,4,49645.8,1.42,30-03-2007,Nifty Midcap 150 - TRI,130.98,137.75,108.77,7.48,18.16,-4.03,8.68,27.47,24.28,31,17.51,31.07,4.55,38.96,65,52707,15.5,64.49,15.51,Technology,0,0,0,-0.07,0.3,0.59,0.9,15.63,Equity : Mid Cap,Nil upto 10% of investment and 1% for remaining investment on or before 1Y Nil after 1Y
Kotak Energy Opportunities Fund-Reg(G),Harsha Upadhyaya,EQ-POWER,0,171.3,2.42,25-04-2025,NIFTY ENERGY - TRI,10.2,10.27,10,1.49,0,0,0,0,0,0,0,0,0,0,0,0,0,0,0,None,0,0,0,0,0,0,0,0,Equity : Sectoral - Energy / Power,Nil upto 10% of investments and 1% for remaining investments on or before 1Y Nil after 1Y
Kotak Equity Arbitrage Fund(G),Hiten Shah,HY-ARB,4,63309.5,1.05,29-09-2005,Nifty 50 Arbitrage,37.3,37.3,34.86,0.37,1.76,3.4,7.24,7.58,7.01,5.69,5.95,22.89,3.18,1971.06,186,207401,49,14.11,2.54,Financials,0.62,0.62,6.35,0,0.14,0.1,0.66,0.58,Hybrid : Arbitrage,0.25% on or before 30D Nil after 30D
Kotak Equity Hybrid Fund(G),Atul Bhole,HY-EQ,5,7036.3,1.76,03-11-2014,NIFTY 50 Hybrid Composite Debt 65:35 Index,60.97,63.32,53.79,3.74,12.03,-2.71,7.15,18.33,16.3,21.48,12.51,25.37,4.09,67.74,55,155155,46.26,20.63,9.41,Financials,17.4,7.57,6.67,0.2,0.27,0.54,0.76,10.55,Hybrid : Equity Oriented,Nil upto 8% of investment and 1% for remaining investment on or before 1Y Nil after 1Y
Kotak Equity Opp Fund(G),Harsha Upadhyaya,EQ-L&M,3,25712.2,1.59,09-09-2004,NIFTY LargeMidcap 250 - TRI,333.48,355.58,288.48,4.37,14.34,-2.84,1.49,22.98,21.61,24.83,14.94,24.86,3.57,20.72,68,164199,54.38,37.88,5.88,Financials,0,0,0,0.08,0.31,0.62,0.9,13.47,Equity : Large & Mid Cap,Nil upto 10% of investment and 1% for remaining investment on or before 1Y Nil after 1Y
Kotak Equity Savings Fund(G),Devender Singhal,HY-EQ,2,8189.7,1.76,13-10-2014,NIFTY 50 Equity Savings Index - TRI,25.76,25.8,23.99,1.21,6.25,0.24,5.5,12.38,11.58,12.09,9.17,19.07,2.86,450.57,94,176417,48.47,13.96,5.85,Energy,2.69,2.21,6.47,0.13,0.29,0.62,0.35,4.99,Hybrid : Equity Oriented,Nil upto 8% of investments and 1% for remaining investments on or before 90D Nil after 90D
Kotak ESG Exclusionary Strategy Fund-Reg(G),Mandar Pawar,EQ-THEM,0,863.7,2.28,11-12-2020,NIFTY100 ESG - TRI,16.71,18.25,14.88,2.38,11.59,-2.48,2.31,16.89,15.47,0,0,24.98,3.99,14.9,42,255613,78.23,16.92,3.51,Financials,0,0,0,0.01,0.2,0.41,0.94,13.22,Equity : Thematic,0.50% on or before 90D Nil after 90D
Kotak Flexicap Fund(G),Harsha Upadhyaya,EQ-FLEX,2,50811.7,1.46,11-09-2009,NIFTY 500 - TRI,83.82,85.84,71.59,4.25,16.06,1.52,4.85,21.05,19.15,21.67,13.77,24.97,3.57,9.83,58,239982,70.89,22.05,5.03,Financials,0,0,0,0.09,0.27,0.59,0.94,13.34,Equity : Flexi Cap,Nil upto 10% of investment and 1% for remaining investment on or before 1Y Nil after 1Y
Kotak Floating Rate Fund-Reg(G),Deepak Agrawal,DT-FL,4,3311.9,0.63,14-05-2019,NIFTY Ultra Short Duration Debt Index,1510.32,1510.32,1378.51,1.02,3.24,4.88,9.53,8.44,7.78,6.96,0,0,0,0,0,0,0,0,0,None,4.72,1.65,6.96,0.04,0.35,0.33,0.19,0.83,Debt : Floater,Nil
Kotak Focused Equity Fund-Reg(G),Shibani Kurian,EQ-MLC,0,3432.4,1.89,16-07-2019,NIFTY 500 - TRI,24.4,26.41,21.55,2.95,12.28,-2.13,4.48,19.35,16.92,21.76,0,24.68,3.82,33.03,28,288025,78.78,16.78,3.59,Financials,0,0,0,-0.04,0.24,0.5,0.91,12.93,Equity : Multi Cap,Nil upto 10% of investment and 1% for remaining investment on or before 1Y Nil after 1Y
Kotak Gilt Fund-PF&Trust(G),Abhishek Bisen,DT-GILT,3,3867.9,1.48,11-11-2003,Nifty All Duration G-Sec Index,99.93,100.38,90.86,-0.03,5.18,4.9,9.38,8.25,8.17,5.84,7.44,0,0,0,0,0,0,0,0,None,27.82,11.66,6.85,-0.02,0.2,0.47,0.7,2.39,Debt : Gilt,Nil
Kotak Gilt Fund-Reg(G),Abhishek Bisen,DT-GILT,3,3867.9,1.48,29-12-1998,Nifty All Duration G-Sec Index,97.68,98.11,88.81,-0.03,5.18,4.9,9.38,8.25,8.17,5.84,7.42,0,0,0,0,0,0,0,0,None,27.82,11.66,6.85,-0.02,0.2,0.47,0.7,2.39,Debt : Gilt,Nil
Kotak Healthcare Fund-Reg(G),Shibani Kurian,EQ-PHRM,0,414,2.4,11-12-2023,Nifty Healthcare Index - TRI,12.98,14.42,11.21,0.32,9.91,-7.73,17.51,0,0,0,0,37.66,5.25,36.79,28,61636,55.62,13.02,29.82,Healthcare,0,0,0,-0.26,0.25,0.45,0.99,16.41,Equity : Sectoral - Pharma,0.50% on or before 30D Nil after 30D
Kotak India EQ Contra Fund(G),Shibani Kurian,EQ-VAL,2,4071.9,1.86,27-07-2005,NIFTY 500 - TRI,146.66,158.68,127.9,4.14,13.93,-3.29,3.17,25.77,23.3,26.28,15.07,22.29,3.34,44.56,53,173497,60.2,23.48,14.27,Financials,0,0,0,0.33,0.33,0.71,0.98,13.96,Equity : Value / Contra,1% on or before 90D Nil after 90D
Kotak Infra & Eco Reform Fund(G),Nalin Rasik Bhatt,EQ-INFRA,3,2180.7,1.99,25-02-2008,Nifty Infrastructure - TRI,65.54,72.77,52.28,10.33,24.66,-5.25,-3.28,25.62,26.56,33.14,15.53,25.2,3.58,23.34,52,55957,40.87,18.05,40.24,Automobile and Ancillaries,0,0,0,0.3,0.32,0.56,0.94,17.58,Equity : Sectoral - Infrastructure,0.50% on or before 90D Nil after 90D
Kotak Liquid Fund-Reg(G),Deepak Agrawal,DT-LIQ,4,36087.8,0.31,04-11-2003,Nifty Liquid Fund Index,5255.12,5255.12,4903.02,0.56,1.83,3.57,7.2,7.19,6.85,5.43,6.2,0,0,0,0,0,0,0,0,None,0.12,0.12,6.36,0.01,0.19,0.06,0.3,0.26,Debt : Liquid,0.007% for Day 1 0.0065% on Day 2 0.0060% on Day 3 0.0055% on Day 4 0.0050% on Day 5 0.0045% on Day 6 NIL on or after 7D
Kotak Long Duration Fund-Reg(G),Abhishek Bisen,DT-LD,0,208.3,0.62,11-03-2024,NIFTY Long Duration Debt Index,11.22,11.29,10.13,0.01,5.44,5.47,10.14,0,0,0,0,0,0,0,0,0,0,0,0,None,22.87,11.77,6.77,-0.15,0.39,0.94,1.35,3.35,Debt : Long Duration,Nil
Kotak Low Duration Fund(G),Deepak Agrawal,DT-LOWD,5,12913.4,1.17,06-03-2008,CRISIL Long Duration Debt Index,3336.17,3336.17,3088.79,0.8,2.58,4.16,7.96,7.35,6.97,5.91,6.98,0,0,0,0,0,0,0,0,None,1.57,0.94,6.92,0.01,0.15,0.1,0.73,0.56,Debt : Low Duration,Nil
Kotak Manufacture in India Fund-Reg(G),Harsha Upadhyaya,EQ-THEM,0,2303.3,1.97,22-02-2022,Nifty India Manufacturing - TRI,18.26,19.84,15.33,5.56,18.15,-2.27,1.15,24.92,21.04,0,0,27.22,3.34,24.75,57,86230,50.92,30.53,16.55,Capital Goods,0,0,0,0.05,0.3,0.58,0.93,14.67,Equity : Thematic,0.50% on or before 90D Nil after 90D
Kotak Medium Term Fund(G),Deepak Agrawal,DT-MD,3,1911.6,1.63,21-03-2014,CRISIL Medium Duration Debt Index,22.75,22.77,20.64,1.15,3.74,5.08,9.92,8.6,7.74,7.1,7.14,0,0,0,1,0,0,0,0,None,4.83,3.3,7.65,-0.02,0.19,0.36,0.46,1.54,Debt : Medium Duration,Nil
Kotak MNC Fund-Reg(G),Harsha Upadhyaya,EQ-MNC,0,2157.2,1.99,28-10-2024,NIFTY MNC - TRI,9.91,10.36,8.61,5.9,14.01,-4.87,0,0,0,0,0,42.62,6.36,2.37,43,75363,46.26,23.2,22.4,FMCG,0,0,0,0,0,0,0,0,Equity : Thematic - MNC,0.50% on or before 90D Nil after 90D
Kotak Money Market Fund(G),Deepak Agrawal,DT-MM,3,31657.2,0.36,14-07-2003,CRISIL Money Market Index,4479.87,4479.87,4143.77,0.73,2.48,4.25,8.1,7.76,7.37,5.99,6.76,0,0,0,0,0,0,0,0,None,0.67,0.67,6.53,0.04,0.46,0.22,0.6,0.43,Debt : Money Market,Nil
Kotak Multi Asset Allocation Fund-Reg(G),Devender Singhal,HY-MULTI,0,7771.8,1.74,22-09-2023,NIFTY 500 - TRI,12.92,13.41,11.73,2.73,9.29,-1.65,4.37,0,0,0,0,18.13,2.8,134.87,54,138334,41.53,13.85,11.12,Financials,11.74,5.76,6.43,0.11,0.28,0.57,0.64,9.61,Hybrid : Multi Asset Allocation,Nil upto 30% of investment and 1% for remaining investment on or before 1Y Nil after 1Y
Kotak Multicap Fund-Reg(G),Devender Singhal,EQ-MLC,0,16787,1.63,29-09-2021,Nifty500 Multicap 50:25:25 - TRI,18.52,20.18,15.86,4.63,15.96,-5.2,4.7,28.62,26.38,0,0,15.63,2.4,45.94,65,84807,42.93,32.22,22.78,Financials,0,0,0,0.38,0.36,0.74,1.01,15.42,Equity : Multi Cap,Nil upto 10% of investment and 1% for remaining investments on or before 1Y Nil after 1Y
Kotak Nifty 100 Equal Weight Index Fund-Reg(G),Devender Singhal,EQ-INDX,0,10.4,0.72,23-12-2024,Nifty100 Equal Weight - TRI,10.2,10.29,8.9,3.05,13.52,0,0,0,0,0,0,23.3,3.36,66.78,101,181267,90.44,9.25,0,Financials,0,0,0,0,0,0,0,0,Equity : Index Funds,NIL
Kotak NIFTY 100 Low Volatility 30 Index Fund-Reg(G),Devender Singhal,EQ-INDX,0,103.2,0.94,07-06-2024,Nifty100 Low Volatility 30 - TRI,10.4,11.56,9.43,0.72,9.06,-0.29,0,0,0,0,0,31.18,5.7,55.78,30,313382,90.97,9.07,0,FMCG,0,0,0,0,0,0,0,0,Equity : Index Funds,Nil
Kotak Nifty 1D Rate Liquid ETF,Abhishek Bisen,DT-LIQ,0,1258.7,0.19,24-01-2023,Nifty 1D Rate Index,1053.26,1053.26,1000,0.47,1.46,3.04,6.31,6.42,0,0,0,0,0,0,0,0,0,0,0,None,0.01,0.01,5.73,-0.02,-0.73,-0.08,0.58,0.1,Debt : Liquid,null
Kotak Nifty 200 Momentum 30 Index Fund-Reg(G),Devender Singhal,EQ-INDX,0,413.8,0.79,15-06-2023,Nifty200 Momentum 30 - TRI,14.51,17.99,12.27,4.3,13.49,-12.74,-13.96,0,0,0,0,39.79,6.55,116.57,31,150436,74.19,24.92,0,Technology,0,0,0,-0.07,0.21,0.37,0.99,20.25,Equity : Index Funds,Nil
Kotak Nifty 50 Equal Weight Index Fund-Reg(G),Devender Singhal,EQ-INDX,0,10.7,0.72,23-12-2024,NIFTY50 Equal Weight - TRI,10.4,10.58,9.35,1.79,10.46,0,0,0,0,0,0,24.27,3.32,60.67,50,282477,95.63,4.63,0,Financials,0,0,0,0,0,0,0,0,Equity : Index Funds,NIL
Kotak Nifty 50 Index Fund-Reg(G),Devender Singhal,EQ-INDX,0,866.1,0.35,21-06-2021,NIFTY 50 - TRI,15.93,16.93,14.26,1.02,11.15,0.45,5.96,15.67,14.58,0,0,22.53,3.38,41.49,50,563966,99.06,0.95,0,Financials,2.83,0,0,-0.06,0.21,0.47,1,12.49,Equity : Index Funds,Nil
Kotak Nifty AAA Bond Jun 2025 HTM Index Fund-Reg(G),Abhishek Bisen,DT-SD,0,102,0.23,28-03-2024,Nifty AAA Bond Jun 2025 HTM Index,10.89,10.89,10.13,0.55,1.81,3.64,7.44,0,0,0,0,0,0,0,0,0,0,0,0,None,0.05,0.05,6.15,0.07,1.03,0.25,0,0.24,Debt : Short Duration,Nil
Kotak Nifty Commodities Index Fund-Reg(G),Devender Singhal,EQ-THEM,0,4.2,0.48,10-03-2025,NIFTY COMMODITIES - TRI,10.68,10.99,9.81,0.21,0,0,0,0,0,0,0,19.58,2.18,91.97,30,217352,83.43,16.05,0,Energy,0,0,0,0,0,0,0,0,Equity : Thematic,Nil
Kotak Nifty Financial Services Ex-Bank Index Fund-Reg(G),Devender Singhal,EQ-INDX,0,49.4,0.73,14-08-2023,Nifty Financial Services Ex-Bank - TRI,15.06,15.1,11.71,7.11,20.29,13.41,22.71,0,0,0,0,24.6,3.4,46.68,30,132991,61.92,30.16,7.98,Financials,0,0,0,-0.15,0.29,0.63,1,15.34,Equity : Index Funds,Nil
Kotak Nifty G-Sec July 2033 Index Fund-Reg(G),Abhishek Bisen,DT-LD,0,20.5,0.39,11-10-2023,Nifty G-Sec July 2033 Index,11.89,11.9,10.62,1.3,5.11,6.59,11.71,0,0,0,0,0,0,0,0,0,0,0,0,None,7.25,5.47,6.26,0.01,0.72,1.13,0.91,1.8,Debt : Long Duration,Nil
Kotak Nifty India Tourism Index Fund-Reg(G),Devender Singhal,EQ-INDX,0,29.1,0.96,23-09-2024,Nifty India Tourism Index - TRI,9.73,10.02,8.51,-0.52,12.38,1.16,0,0,0,0,0,61.8,12.47,28.39,14,63325,38.64,37.94,23.57,Travel,0,0,0,0,0,0,0,0,Equity : Index Funds,Nil
Kotak Nifty Midcap 150 Index Fund-Reg(G),Devender Singhal,EQ-INDX,0,4.4,0.78,21-03-2025,Nifty Midcap 150 - TRI,10.93,10.93,9.26,7.15,0,0,0,0,0,0,0,29.86,4.03,93.91,150,57966,11.12,82.92,4.94,Financials,0,0,0,0,0,0,0,0,Equity : Index Funds,NIL
Kotak NIFTY Midcap 150 Momentum 50 Index Fund-Reg(G),Devender Singhal,EQ-INDX,0,117,0.93,08-10-2024,Nifty Midcap150 Momentum 50 - TRI,9.33,10.31,7.67,6.83,19.56,-6.43,0,0,0,0,0,36.85,5.57,36.28,50,69718,27.15,72.11,0.89,Financials,0,0,6.29,0,0,0,0,0,Equity : Index Funds,NIL
Kotak NIFTY Midcap 50 Index Fund-Reg(G),Devender Singhal,EQ-INDX,0,52.3,0.86,16-08-2024,Nifty Midcap 50 - TRI,9.9,10.45,8.29,5.78,17.74,-0.43,0,0,0,0,0,32.4,4.18,58.28,50,69647,14.5,85.54,0,Financials,0,0,0,0,0,0,0,0,Equity : Index Funds,NIL
Kotak Nifty Next 50 Index Fund-Reg(G),Devender Singhal,EQ-INDX,0,595.9,0.57,10-03-2021,NIFTY NEXT 50 - TRI,19,22.1,16.24,3.46,15.45,-7.19,-5.54,25.36,20.4,0,0,22.22,3.5,63.78,51,121535,90.32,8.81,0,Financials,0,0,0,-0.05,0.21,0.39,0.99,18.77,Equity : Index Funds,Nil
Kotak Nifty SDL Apr 2027 Top 12 Equal Weight Index Fund-Reg(G),Abhishek Bisen,DT-M&LD,0,7768.1,0.35,11-02-2022,Nifty SDL Apr 2027 Top 12 Equal Weight Index,12.28,12.28,11.22,1.08,3.09,4.9,9.27,7.97,8.08,0,0,0,0,0,0,0,0,0,0,None,1.72,1.57,6.04,0,0.23,0.34,0.47,1.53,Debt : Medium to Long Duration,0.15% on or before 30D Nil after 30D
Kotak Nifty SDL Apr 2032 Top 12 Equal Weight Index Fund-Reg(G),Abhishek Bisen,DT-LD,0,3006.4,0.36,11-02-2022,Nifty SDL Apr 2032 Top 12 Equal Weight Index,12.89,12.92,11.49,1.81,5.26,6.76,12.12,9.45,9.73,0,0,0,0,0,0,0,0,0,0,None,6.63,5.1,6.58,0.03,0.3,0.58,0.81,2.5,Debt : Long Duration,Nil
Kotak Nifty SDL Jul 2026 Index Fund-Reg(G),Abhishek Bisen,DT-M&LD,0,102.5,0.41,22-12-2022,Nifty SDL Jul 2026 Index,11.96,11.96,11.03,0.86,2.5,4.19,8.37,7.45,0,0,0,0,0,0,0,0,0,0,0,None,1.01,0.94,5.94,0,0.31,0.31,0.27,0.86,Debt : Medium to Long Duration,Nil
Kotak Nifty SDL Jul 2033 Index Fund-Reg(G),Abhishek Bisen,DT-LD,0,213.3,0.43,15-02-2023,Nifty SDL Jul 2033 Index,12.43,12.47,11.13,1.32,5.3,6.44,11.73,9.18,0,0,0,0,0,0,0,0,0,0,0,None,7.49,5.58,6.65,0.01,0.39,0.81,0.87,2.4,Debt : Long Duration,Nil
Kotak Nifty SDL Plus AAA PSU Bond Jul 2028 60:40 Index Fund-Reg(G),Abhishek Bisen,DT-M&LD,0,577.4,0.4,13-10-2022,Nifty SDL Plus AAA PSU Bond Jul 2028 60:40 Index,12.4,12.4,11.25,1.21,3.82,5.54,10.13,8.29,0,0,0,0,0,0,0,0,0,0,0,None,2.75,2.39,6.28,0.01,0.38,0.56,0.48,1.3,Debt : Medium to Long Duration,Nil
Kotak Nifty Smallcap 250 Index Fund-Reg(G),Devender Singhal,EQ-INDX,0,21.1,0.73,27-01-2025,Nifty Smallcap 250 - TRI,11.04,11.04,8.93,10.47,23.01,0,0,0,0,0,0,26.93,3.11,25.36,249,17285,0,7.92,91.69,Financials,0,0,0,0,0,0,0,0,Equity : Index Funds,NIL
Kotak Nifty Smallcap 50 Index Fund-Reg(G),Devender Singhal,EQ-INDX,0,118.4,0.9,10-04-2023,Nifty Smallcap 50 - TRI,20.16,21.87,16.38,9.53,22,-5.56,9.69,34.98,0,0,0,31.39,3.42,77.91,50,21514,0,9.57,90.53,Financials,0.01,0.01,6.78,-0.13,0.38,0.7,0.99,20.8,Equity : Index Funds,Nil
Kotak Nifty Top 10 Equal Weight Index Fund-Reg(G),Devender Singhal,EQ-INDX,0,12.1,0.92,28-04-2025,Nifty Top 10 Equal Weight - TRI,10.1,10.3,9.91,0.24,0,0,0,0,0,0,0,21.14,3.73,1.83,10,800933,99.99,0,0,Financials,0,0,0,0,0,0,0,0,Equity : Index Funds,NIL
Kotak Overnight Fund-Reg(G),Deepak Agrawal,DT-ON,3,6260.5,0.16,15-01-2019,Nifty 1D Rate Index,1368.24,1368.24,1285.87,0.48,1.5,3.1,6.43,6.56,6.32,5.03,0,0,0,0,0,0,0,0,0,None,0.01,0.01,5.88,-0.01,-0.55,-0.13,0.87,0.18,Debt : Overnight,Nil
Kotak Pioneer Fund-Reg(G),Harish Bihani,EQ-THEM,0,2635.8,1.88,25-10-2019,NIFTY 500 - TRI,30.11,31.83,25.5,6,14.85,-0.66,10.32,24.98,21.5,26.75,0,47.7,6.31,21.47,44,100826,44.61,20.67,16.48,Automobile and Ancillaries,0,0,0,0.34,0.31,0.63,0.92,14.14,Equity : Thematic,0.50% on or before 90D Nil after 90D
Kotak Quant Fund-Reg(G),Harsha Upadhyaya,EQ-THEM,0,690.6,1.66,02-08-2023,NIFTY 200 - TRI,14.37,16.64,12.91,0.24,10.18,-5.08,-5.32,0,0,0,0,29.48,4.3,182.09,66,106123,52.19,38.86,5.98,Financials,0,0,0,0.2,0.27,0.54,1.14,17.32,Equity : Thematic,0.50% on or before 90D Nil after 90D
Kotak Savings Fund(G),Deepak Agrawal,DT-USD,3,15401.5,0.81,13-08-2004,NIFTY Ultra Short Duration Debt Index,42.73,42.73,39.76,0.69,2.21,3.83,7.45,7.19,6.83,5.57,6.57,0,0,0,0,0,0,0,0,None,0.5,0.48,6.63,0,0.14,0.06,0.53,0.38,Debt : Ultra Short Duration,Nil
Kotak Small Cap Fund(G),Harish Bihani,EQ-SML,4,15867.5,1.66,24-02-2005,Nifty Smallcap 250 - TRI,260.25,290.42,217.72,9.26,18.7,-7.68,5.19,22.1,19.19,33.92,17.45,36.11,4.33,23.95,73,17524,7.6,15.01,71.07,Healthcare,0,0,0,-0.21,0.21,0.39,0.8,16.34,Equity : Small Cap,Nil upto 10% of investment and 1% for remaining investment on or before 1Y Nil after 1Y
Kotak Special Opportunities Fund-Reg(G),Devender Singhal,EQ-THEM,0,1998.3,2.02,29-06-2024,NIFTY 500 - TRI,9.53,10.71,8.18,5.7,15.58,-8.13,0,0,0,0,0,24.96,3.22,14.8,42,43601,27.91,25.24,45.48,FMCG,0,0,0,0,0,0,0,0,Equity : Thematic,0.50% on or before 90D Nil after 90D
Kotak Technology Fund-Reg(G),Shibani Kurian,EQ-TECH,0,555.1,2.4,04-03-2024,BSE TECk Index - TRI,11.24,13.19,9.78,2.98,2.47,-11.65,15.17,0,0,0,0,31.6,6.54,15.34,26,249311,68.66,20.8,6.05,Technology,0,0,0,0.44,0.13,0.29,1.06,19.93,Equity : Sectoral - Technology,0.50% on or before 30D Nil after 30D
Kotak Transportation & Logistics Fund-Reg(G),Nalin Rasik Bhatt,EQ-AUTO,0,365,2.41,16-12-2024,Nifty Transportation & Logistics - TRI,10.09,10.15,8.7,7.86,14.59,0,0,0,0,0,0,25.48,3.97,0,28,60377,46.39,14.85,33.93,Automobile and Ancillaries,0,0,0,0,0,0,0,0,Equity : Sectoral - Auto,0.50% on or before 90D Nil after 90D
LIC MF Aggressive Hybrid Fund(G),Karan Doshi,HY-EQ,3,506.4,2.49,01-01-1991,CRISIL Hybrid 35+65 - Aggressive Index,195.06,201.03,169.91,4.66,14.47,-0.44,7.17,16.76,14.48,14.96,8.44,28.65,3.95,58,53,104067,38.69,16.11,19.58,Financials,0.74,0.16,3.91,-0.06,0.23,0.45,1.09,10.54,Hybrid : Equity Oriented,Nil upto 12% on units and 1% on remaining units on or before 3M Nil after 3M
LIC MF Arbitrage Fund-Reg(G),Sumit Bhatnagar,HY-ARB,0,216.5,0.99,25-01-2019,Nifty 50 Arbitrage,13.75,13.76,12.9,0.38,1.7,3.25,6.81,7,6.41,5.05,0,17.33,2.45,231,49,207439,45.77,16.16,4.87,Financials,0,0,0,-0.04,-0.16,-0.12,0.59,0.53,Hybrid : Arbitrage,0.25% on or before 1M Nil after 1M
LIC MF Balanced Advantage Fund-Reg(G),Yogesh Patil,HY-EQ,0,760.6,2.31,12-11-2021,NIFTY 50,13.76,13.81,12.28,2.94,10.76,2.53,10.17,12.41,11.82,0,0,21.77,3.12,61,94,149907,45.78,12.28,18.08,Financials,8.87,5.87,6.62,0,0.21,0.49,0.56,7.43,Hybrid : Equity Oriented,Nil upto 12% of units and 1% on remaining units on or before 3M Nil after 3M
LIC MF Banking & Financial Services Fund-Reg(G),Jaiprakash Toshniwal,EQ-FIN,0,264,2.42,27-03-2015,Nifty Financial Services - TRI,20.55,20.89,17.5,3.39,17.5,3.31,6.08,12.29,16.95,19.29,7.48,15.6,2.08,50,32,168251,60.7,9.66,27.16,Financials,0,0,0,-0.03,0.21,0.49,0.96,15.32,Equity : Sectoral - Financial Services,Nil upto 12% of units and 1% on remaining units on or before 90D Nil after 90D
LIC MF Banking & PSU Fund-Reg(G),Marzban Irani,DT-B&PSU,2,1828.8,0.78,30-05-2007,NIFTY Banking and PSU Debt Index,35,35,31.8,1.25,4.32,5.54,9.89,8.08,7.41,5.88,6.83,0,0,0,0,0,0,0,0,None,4.72,3.74,6.76,-0.03,0.15,0.22,0.36,1.24,Debt : Banking & PSU,NIL
LIC MF BSE Sensex Index Fund-Reg(G),Sumit Bhatnagar,EQ-INDX,0,87.5,1.08,28-11-2002,BSE SENSEX - TRI,151.28,160.45,136.27,0.48,10.47,-0.23,5.57,13.79,13.39,19.05,11.29,22.51,3.47,11,30,699730,99.15,0.58,0,Financials,0,0,0,-0.04,0.19,0.43,1,12.27,Equity : Index Funds,0.25% on or before 7D Nil after 7D
LIC MF Childrens Fund-Reg(G),Nikhil Rungta,HY-SOL,0,14.7,2.45,16-10-2001,CRISIL Hybrid 35+65 - Aggressive Index,31.99,35.51,28.52,5.37,11.86,-7.81,2.85,13.65,12.45,14.49,8.07,0,0,114,49,26683,30.28,8.8,47.77,Financials,2.39,1.73,0,-0.27,0.16,0.28,1.26,13.1,Hybrid : Solution Oriented,Nil
LIC MF Conservative Hybrid Fund(G),Pratik Shroff,HY-DT(CO),0,50.6,2.25,01-04-1998,CRISIL Hybrid 85+15 - Conservative Index,81.69,82.02,75.59,1.25,4.19,2.17,7.94,7.65,7.32,7,6.46,23.82,3.04,0,9,287287,15.29,1.41,3.33,Financials,5.69,4.53,6.42,-0.19,0.08,0.19,0.98,3.48,Hybrid : Debt Oriented (Conservative),Nil upto 12% of units and 1% on remaining units on or before 90D Nil after 90D
LIC MF Dividend Yield Fund-Reg(G),Dikshit Mittal,EQ-DIV,0,509.4,2.38,21-12-2018,NIFTY 500 - TRI,30.51,32.76,25.9,6.8,17.03,-2.39,7.69,30.02,24.56,25.16,0,22.35,3.14,64,62,67971,48.59,14.6,34.56,Financials,0,0,0,0.31,0.31,0.64,1.06,15.52,Equity : Thematic - Dividend Yield,Nil upto 12% of units and 1% for remaining units on or before 12M Nil after 12M
LIC MF ELSS Tax Saver-Reg(G),Yogesh Patil,EQ-ELSS,2,1088,2.16,31-03-1998,NIFTY 500 - TRI,150.49,160.52,134.89,2.65,10.92,-2.69,7.99,18.67,17.55,21.08,11.46,26.03,4.1,8,54,169378,63.31,13.15,18.08,Financials,0,0,0,0.09,0.25,0.54,0.86,13.18,Equity : Tax Saving (ELSS),Nil
LIC MF Equity Savings Fund(G),Sumit Bhatnagar,HY-EQ,0,19.3,2.33,07-03-2011,NIFTY 50 Equity Savings Index,27.51,27.51,24.6,2.57,11.66,4,9.13,12.38,10.36,10.72,6.9,19.87,2.98,85,57,117903,45.22,10.75,16.5,Financials,0.07,0.05,6.79,0.1,0.17,0.37,0.95,6.28,Hybrid : Equity Oriented,Nil upto 12% of units and 1% for remaining units on or before 3M Nil after 3M
LIC MF Flexi Cap Fund-Reg(G),Nikhil Rungta,EQ-FLEX,2,927.3,2.31,31-03-1998,NIFTY 500 - TRI,92.65,107.44,82.14,5.32,12.48,-10.71,0.31,14.53,14.33,16.45,8.56,26.78,3.1,114,66,32638,34.28,13.01,50.49,Financials,0,0,0,-0.24,0.18,0.32,0.96,14.5,Equity : Flexi Cap,Nil upto 12% on units and 1% on remaining units on or before 3M Nil after 3M
LIC MF Focused Fund-Reg(G),Jaiprakash Toshniwal,EQ-LC,3,132.1,2.52,17-11-2017,NIFTY 500 - TRI,21.6,23.29,18.3,6.54,17.38,-0.94,11.6,16.43,14.73,19.44,0,33.19,3.72,129,29,31328,31.98,15.31,47.25,Financials,0,0,0,-0.23,0.18,0.35,0.93,13.74,Equity : Large Cap,Nil upto 12% of units and 1% for remaining units on or before 12M Nil after 12M
LIC MF Gilt Fund-PF(G),Marzban Irani,DT-GILT,0,92.4,1.48,29-12-2003,Nifty All Duration G-Sec Index,34.96,35.1,31.81,0.04,5.14,5.23,9.51,7.94,7.38,5.44,6.96,0,0,0,0,0,0,0,0,None,26.61,10.54,6.74,-0.09,0.11,0.28,0.73,2.39,Debt : Gilt,0.25% on or before 30D
LIC MF Gilt Fund-Reg(G),Marzban Irani,DT-GILT,0,92.4,1.48,29-11-1999,Nifty All Duration G-Sec Index,60.53,60.77,55.07,0.04,5.14,5.23,9.51,7.94,7.38,5.44,6.94,0,0,0,0,0,0,0,0,None,26.61,10.54,6.74,-0.09,0.11,0.28,0.73,2.39,Debt : Gilt,0.25% on or before 30D
LIC MF Healthcare Fund-Reg(G),Karan Doshi,EQ-PHRM,0,84.2,2.45,28-02-2019,BSE Health Care - TRI,28.22,30.72,24.11,0.92,8.03,-7.96,18.42,29.12,19.84,16.77,0,47.46,5.77,41,29,49850,35.08,25,35.74,Healthcare,0,0,0,-0.33,0.25,0.56,0.93,14.3,Equity : Sectoral - Pharma,Nil upto 12% of units and 1% for remaining units on or before 90D Nil after 90D
LIC MF Infra Fund-Reg(G),Yogesh Patil,EQ-INFRA,0,886.7,2.21,24-03-2008,Nifty Infrastructure - TRI,49.39,53.23,38.9,13.04,25.68,-5.33,4.88,38.7,30.99,33.9,14.85,27.68,3.55,35,76,21384,19.55,24.13,52.52,Capital Goods,0,0,0,0.55,0.34,0.63,0.98,19.54,Equity : Sectoral - Infrastructure,Nil upto 12% of units and 1% on remaining units on or before 90D Nil after 90D
LIC MF Large & Midcap Fund-Reg(G),Yogesh Patil,EQ-L&M,2,2894.3,1.92,25-02-2015,NIFTY LargeMidcap 250 - TRI,38.47,40.75,32.94,5.73,15.6,-2.95,7.32,25.13,18.89,23.51,14.34,25.97,3.95,45,79,91860,43.69,34.45,17.57,Financials,0,0,0,-0.15,0.24,0.5,0.97,14.86,Equity : Large & Mid Cap,Nil upto 12% on units and 1% on remaining units on or before 3M Nil after 3M
LIC MF Large Cap Fund-Reg(G),Nikhil Rungta,EQ-LC,2,1436.9,2.13,31-03-1998,NIFTY 100 - TRI,55.27,59.14,48.12,2.09,14.51,-1.09,4.86,15.84,13.76,17.69,10.21,21.71,3.39,87,59,268440,79.76,6.56,10.34,Financials,0,0,0,-0.12,0.18,0.37,0.95,12.96,Equity : Large Cap,Nil upto 12% on units and 1% on remaining units on or before 3M Nil after 3M
LIC MF Liquid Fund-Reg(G),Rahul Singh,DT-LIQ,3,11040.8,0.3,13-03-2002,CRISIL Liquid Debt Index,4700.1,4700.1,4386.22,0.55,1.79,3.52,7.18,7.21,6.86,5.44,6.21,0,0,0,0,0,0,0,0,None,0.11,0.11,6.46,-0.01,0.15,0.05,1.24,0.26,Debt : Liquid,0.007% for Day 1 0.0065% on Day 2 0.0060% on Day 3 0.0055% on Day 4 0.0050% on Day 5 0.0045% on Day 6 NIL on or after 7D
LIC MF Low Duration Fund(G),Rahul Singh,DT-LOWD,3,1975.6,0.96,04-06-2003,CRISIL Low Duration Debt Index,39.46,39.46,36.62,0.74,2.43,4.05,7.71,7.12,6.69,5.81,6.15,0,0,0,0,0,0,0,0,None,0.86,0.8,6.79,-0.14,0.02,0.01,1.29,0.5,Debt : Low Duration,Nil
LIC MF Manufacturing Fund-Reg(G),Yogesh Patil,EQ-THEM,0,784,2.25,11-10-2024,Nifty India Manufacturing - TRI,9.8,10.09,7.82,11.25,24.61,-2.28,0,0,0,0,0,38.26,5.42,0,72,27231,20.46,26.26,50.96,Capital Goods,0,0,0,0,0,0,0,0,Equity : Thematic,Nil upto 12% of units and 1% for remaining units on or before 90D Nil after 90D
LIC MF Medium to Long Duration Fund-Reg(G),Marzban Irani,DT-M&LD,2,198.1,1.22,15-09-1999,CRISIL Medium to Long Term Debt Index,73.09,73.17,65.82,1.23,4.95,5.97,10.81,8.3,8.61,5.71,6.54,0,0,0,0,0,0,0,0,None,7.7,5.78,6.67,-0.03,0.23,0.48,0.8,2.31,Debt : Medium to Long Duration,0.25% on or before 15D Nil after 15D
LIC MF Midcap Fund(G),Karan Doshi,EQ-MID,2,306.3,2.48,25-01-2017,Nifty Midcap 150 - TRI,29.04,31.32,24.45,8.25,17.02,-2.89,6.26,27.89,23.6,26.22,0,32.39,4.79,59,64,42825,14.9,64.71,18.57,Financials,0,0,0,-0.17,0.29,0.58,0.97,16.62,Equity : Mid Cap,Nil upto 12% of units and 1% for remaining units on or before 12M Nil after 12M
LIC MF Money Market Fund-Reg(G),Rahul Singh,DT-MM,0,436.9,0.49,01-08-2022,Nifty Money Market Index,1185.52,1185.52,1113.41,0.72,2.19,3.6,6.48,6.44,0,0,0,0,0,0,0,0,0,0,0,None,0.55,0.55,6.83,-0.05,-0.33,-0.15,0.55,0.37,Debt : Money Market,Nil
LIC MF Multi Asset Allocation Fund-Reg(G),Nikhil Rungta,HY-MULTI,0,537.3,2.27,14-02-2025,NIFTY 500 - TRI,11.01,11.01,9.78,3.14,11.58,0,0,0,0,0,0,21.63,3.3,0,52,97856,39.9,10.57,16.66,Financials,0,0,0,0,0,0,0,0,Hybrid : Multi Asset Allocation,1% on or before 3M Nil after 3M
LIC MF Multi Cap Fund-Reg(G),Dikshit Mittal,EQ-MLC,0,1433.3,2.06,31-10-2022,Nifty500 Multicap 50:25:25 - TRI,16.8,17.71,14.2,7.44,17.52,-3.5,10.44,26.6,0,0,0,24.96,3.51,31,80,56016,33.15,27.69,35.15,Financials,0,0,0,0.16,0.29,0.54,0.98,15.09,Equity : Multi Cap,Nil upto 12% of units and 1% for remaining units on or before 12M Nil after 12M
LIC MF Nifty 50 Index Fund(G),Sumit Bhatnagar,EQ-INDX,0,326.7,1.01,28-11-2002,NIFTY 50 - TRI,135.8,144.63,121.77,0.96,10.94,0.34,5.54,15.19,14.09,19.66,11.32,22.53,3.38,9,50,562149,98.81,0.96,0,Financials,0,0,0,-0.09,0.2,0.45,1,12.46,Equity : Index Funds,0.25% on or before 7D Nil after 7D
LIC MF Nifty Next 50 Index Fund(G),Sumit Bhatnagar,EQ-INDX,0,93.7,0.9,20-09-2010,NIFTY NEXT 50 - TRI,49.43,57.63,42.3,3.34,15.36,-7.42,-5.92,24.99,20.01,21.33,12.52,22.23,3.5,70,51,121189,90.07,8.79,0,Financials,0,0,0,-0.08,0.21,0.38,0.99,18.77,Equity : Index Funds,Nil
LIC MF Overnight Fund-Reg(G),Rahul Singh,DT-ON,2,1032.4,0.2,18-07-2019,Nifty 1D Rate Index,1327.17,1327.17,1247.83,0.48,1.49,3.09,6.38,6.51,6.28,5,0,0,0,0,0,0,0,0,0,None,0.01,0.01,6.1,-0.02,-0.69,-0.17,0.83,0.17,Debt : Overnight,Nil
LIC MF Short Duration Fund-Reg(G),Marzban Irani,DT-SD,2,209.2,1.32,01-02-2019,CRISIL Short Duration Debt Index,14.62,14.62,13.38,1.09,3.61,5.01,9.09,7.59,6.97,5.31,0,0,0,0,0,0,0,0,0,None,3.21,2.65,6.66,-0.06,0.05,0.08,0.33,1.08,Debt : Short Duration,Nil
LIC MF Small Cap Fund(G),Nikhil Rungta,EQ-SML,2,517.7,2.41,21-06-2017,Nifty Smallcap 250 - TRI,29.65,34.71,25.27,6.92,16.55,-13.45,2.22,22.92,21.07,32.37,0,32.1,3.23,80,67,8106,3.89,10.63,81.48,Capital Goods,0,0,0,-0.11,0.23,0.41,0.93,19.11,Equity : Small Cap,Nil upto 12% of units and 1% for remaining units on or before 12M Nil after 12M
LIC MF ULIS,Dikshit Mittal,HY-SOL,3,477.4,2.37,19-06-1989,CRISIL Hybrid 35+65 - Aggressive Index,37.04,37.66,32.93,3.78,11.9,2,9.92,14.85,12.84,17.42,9.65,0,0,9,45,180866,50.06,7.47,16.78,Financials,0,0,0,-0.16,0.19,0.42,1.06,10.18,Hybrid : Solution Oriented,Nil
LIC MF Ultra Short Duration Fund-Reg(G),Rahul Singh,DT-USD,0,263.7,0.95,27-11-2019,CRISIL Ultra Short Term Debt Index,1316.68,1316.68,1229.54,0.62,2.01,3.61,7.09,6.71,6.34,5.13,0,0,0,0,0,0,0,0,0,None,0.43,0.43,7.05,-0.13,-0.25,-0.1,1.09,0.32,Debt : Ultra Short Duration,Nil
LIC MF Value Fund-Reg(G),Nikhil Rungta,EQ-VAL,2,152.6,2.41,20-08-2018,NIFTY 500 - TRI,23.64,27.22,20.3,6.94,15.53,-11.76,2.3,18.82,16.83,21.89,0,26.94,3.01,138,62,24926,29.69,10.26,56.91,Capital Goods,0,0,0,-0.2,0.19,0.34,1.1,16.61,Equity : Value / Contra,Nil upto 12% of units and 1% for remaining units on or before 12M Nil after 12M
Mahindra Manulife Aggressive Hybrid Fund-Reg(G),Fatema Pacha,HY-EQ,0,1638.6,2.04,19-07-2019,CRISIL Hybrid 35+65 - Aggressive Index,26.69,27.47,23.62,1.97,11.21,0.62,9.92,20.86,18.49,21.63,0,25.81,3.94,72,55,272860,59.47,9.27,7.53,Financials,8.38,4.41,7.15,0.22,0.33,0.75,1.12,10.44,Hybrid : Equity Oriented,Nil upto 10% of units and 1% for remaining units on or before 3M Nil after 3M
Mahindra Manulife Arbitrage Fund-Reg(G),Mitul Doshi,HY-ARB,0,104.7,1.22,24-08-2020,Nifty 50 Arbitrage,12.29,12.29,11.65,0.24,1.3,2.58,5.62,5.84,5.39,0,0,19.42,2.73,856,22,347112,62.24,3.97,0,Energy,0.11,0.11,5.87,-0.12,-0.68,-0.61,0.57,0.53,Hybrid : Arbitrage,0.25% on or before 30D Nil after 30D
Mahindra Manulife Balanced Advantage Fund-Reg(G),Manish Lodha,HY-DYN,0,882.5,2.22,30-12-2021,NIFTY 50 Hybrid Composite Debt 50:50 Index,14.25,14.54,13.03,2.22,8.9,-0.21,4.35,16.58,13.38,0,0,24.64,3.39,304,58,154539,44.38,15.48,7.59,Financials,6.37,3.72,6.58,0.07,0.23,0.49,0.63,8.94,Hybrid : Dynamic Asset Allocation,Nil upto 10% of units and 1% for remaining units on or before 3M Nil after 3M
Mahindra Manulife Business Cycle Fund-Reg(G),Krishna Sanghavi,EQ-THEM,0,1175.3,2.12,11-09-2023,NIFTY 500 - TRI,14.33,16.1,12.56,3.04,13.55,-5.04,1.15,0,0,0,0,19.49,2.54,66,69,117121,60.68,8.78,30.03,Financials,0,0,0,0.33,0.29,0.6,1.14,17.06,Equity : Thematic,1% on or before 3M Nil after 3M
Mahindra Manulife Consumption Fund-Reg(G),Navin Matta,EQ-CONS,0,479,2.38,13-11-2018,Nifty India Consumption - TRI,21.91,25.55,19.6,1.82,11.11,-5.7,3.6,17.11,18.11,20.24,0,39.95,6.9,24,58,97871,56.74,13.78,22.96,FMCG,0,0,0,-0.07,0.25,0.46,0.92,13.83,Equity : Thematic - Consumption,1% on or before 3M Nil after 3M
Mahindra Manulife Dynamic Bond Fund-Reg(G),Rahul Pal,DT-CR,0,97.8,1.57,20-08-2018,CRISIL Dynamic Bond Index,14.41,14.42,13.14,0.84,4.8,5.3,9.21,7.86,7.55,5.18,0,0,0,0,0,0,0,0,0,None,12.92,7.03,6.78,-0.32,0.13,0.31,1.26,2.01,Debt : Credit Risk,Nil
Mahindra Manulife ELSS Tax Saver Fund-Reg(G),Fatema Pacha,EQ-ELSS,4,923.6,2.16,18-10-2016,NIFTY 500 - TRI,28.03,29.63,24.62,2.6,13.36,-0.24,4.1,17.77,16.91,23.12,0,27.61,3.97,76,54,253634,74.06,11.63,12.77,Financials,0,0,0,0,0.25,0.53,0.9,12.79,Equity : Tax Saving (ELSS),Nil
Mahindra Manulife Equity Savings Fund-Reg(G),Manish Lodha,HY-EQ,3,562.8,2.36,01-02-2017,NIFTY 50 Equity Savings Index - TRI,20.23,20.29,18.93,1.33,5.46,1.18,5.2,11.67,9.81,12.8,0,21.75,2.96,472,62,270904,56.68,6.99,5.7,Financials,1.93,1.57,6.38,0.13,0.19,0.44,0.73,5.44,Hybrid : Equity Oriented,Nil upto 10% of units and 1% for remaining units on or before 15D Nil after 15D
Mahindra Manulife Flexi Cap Fund-Reg(G),Fatema Pacha,EQ-FLEX,0,1460.4,2.06,23-08-2021,NIFTY 500 - TRI,15.87,16.98,14.01,2.16,12.82,-1.44,4.97,19.48,18.15,0,0,26.51,3.91,77,56,253519,73.84,11.4,12.31,Financials,0,0,0,0.08,0.27,0.57,0.94,13.26,Equity : Flexi Cap,1% on or before 3M Nil after 3M
Mahindra Manulife Focused Fund-Reg(G),Krishna Sanghavi,EQ-FLEX,0,2058.8,1.99,17-11-2020,NIFTY 500 - TRI,25.94,28.38,23.55,0.89,9.79,-2.24,1.71,24.56,21.32,0,0,18.49,2.71,34,30,302659,83.64,8.2,7.13,Financials,0,0,0,0.35,0.33,0.73,0.89,13,Equity : Flexi Cap,1% on or before 3M Nil after 3M
Mahindra Manulife Large & Mid Cap Fund-Reg(G),Manish Lodha,EQ-L&M,0,2506,1.94,30-12-2019,NIFTY LargeMidcap 250 - TRI,26.6,28.74,22.84,4.49,15.71,-2.2,-1.28,21.77,18.27,25.07,0,25.45,3.69,145,65,112112,47.4,37.88,10.45,Financials,0,0,0,-0.26,0.22,0.44,0.99,14.8,Equity : Large & Mid Cap,1% on or before 3M Nil after 3M
Mahindra Manulife Large Cap Fund-Reg(G),Fatema Pacha,EQ-LC,3,650.8,2.32,15-03-2019,NIFTY 100 - TRI,22.74,24.14,20.36,0.85,11.27,-0.19,5.01,18.37,15.43,20.29,0,24.47,3.57,68,40,404820,86.35,7.9,2.25,Financials,0,0,0,0.02,0.22,0.48,0.92,12.42,Equity : Large Cap,1% on or before 3M Nil after 3M
Mahindra Manulife Liquid Fund-Reg(G),Rahul Pal,DT-LIQ,5,1198,0.26,04-07-2016,CRISIL Liquid Debt Index,1691.71,1691.71,1578.11,0.56,1.8,3.56,7.22,7.24,6.92,5.51,0,0,0,0,0,0,0,0,0,None,0.13,0.13,6.58,-0.01,0.23,0.07,1.14,0.23,Debt : Liquid,0.007% for Day 1 0.0065% on Day 2 0.0060% on Day 3 0.0055% on Day 4 0.0050% on Day 5 0.0045% on Day 6 NIL on or after 7D
Mahindra Manulife Low Duration Fund-Reg(G),Rahul Pal,DT-LOWD,2,624.3,1.09,15-02-2017,CRISIL Low Duration Debt Index,1630.1,1630.1,1513.16,0.71,2.4,4,7.7,7.23,6.77,5.5,0,0,0,0,0,0,0,0,0,None,1.18,0.86,7.13,-0.13,0.07,0.04,1.25,0.48,Debt : Low Duration,Nil
Mahindra Manulife Manufacturing Fund-Reg(G),Renjith Sivaram,EQ-THEM,0,816.2,2.27,24-06-2024,BSE India Manufacturing Index - TRI,9.58,10.55,8.04,7.5,18.65,-2.93,0,0,0,0,0,24.69,3.17,0,57,57857,47.91,9.03,37.24,Automobile and Ancillaries,0,0,0,0,0,0,0,0,Equity : Thematic,0.50% on or before 3M Nil after 3M
Mahindra Manulife Mid Cap Fund-Reg(G),Kirti Dalvi,EQ-MID,3,3552.5,1.87,30-01-2018,Nifty Midcap 150 - TRI,32.53,35.53,27.92,4.91,15.07,-4.96,3.2,30.25,26.23,30.06,0,25.33,3.46,63,66,66934,24.76,58.47,13.39,Financials,0,0,0,0.04,0.34,0.67,0.96,16.11,Equity : Mid Cap,1% on or before 3M Nil after 3M
Mahindra Manulife Multi Asset Allocation Fund-Reg(G),Renjith Sivaram,HY-MULTI,0,580.1,2.05,13-03-2024,NIFTY 500 - TRI,11.74,11.77,10.52,2.4,9.54,4.05,8.89,0,0,0,0,21.98,3.19,78,58,209768,43.8,6.92,7.75,Financials,9.44,5.38,6.97,0.34,0.27,0.63,0.47,7.4,Hybrid : Multi Asset Allocation,0.50% on or before 3M Nil after 3M
Mahindra Manulife Multi Cap Fund-Reg(G),Manish Lodha,EQ-MLC,5,5093.6,1.81,11-05-2017,Nifty500 Multicap 50:25:25 - TRI,34.4,37.19,29.51,4.33,15.99,-1.88,3.07,25.26,21.13,27.53,0,25.57,3.62,124,69,95471,45.82,28.25,21.44,Financials,0,0,0,-0.01,0.27,0.53,1.01,15.41,Equity : Multi Cap,1% on or before 3M Nil after 3M
Mahindra Manulife Overnight Fund-Reg(G),Rahul Pal,DT-ON,2,247.2,0.2,23-07-2019,CRISIL Liquid Overnight Index,1327.49,1327.49,1247.92,0.48,1.49,3.09,6.4,6.54,6.31,5.05,0,0,0,0,0,0,0,0,0,None,0.01,0.01,6.12,-0.02,-0.64,-0.16,0.95,0.17,Debt : Overnight,Nil
Mahindra Manulife Short Duration Fund-Reg(G),Rahul Pal,DT-SD,1,76.5,1.25,23-02-2021,CRISIL Short Duration Debt Index,12.76,12.76,11.7,0.87,3.26,4.78,8.95,7.67,7.19,0,0,0,0,0,0,0,0,0,0,None,2.91,2.41,6.91,0.01,0.14,0.17,1.46,1.01,Debt : Short Duration,Nil
Mahindra Manulife Small Cap Fund-Reg(G),Vishal Jajoo,EQ-SML,0,3570,1.87,12-12-2022,BSE 250 Small Cap - TRI,18.69,21.47,15.79,7.03,17.75,-8.98,1.25,29.76,0,0,0,30.36,3.54,103,75,20497,8.38,21.11,64.96,Financials,0,0,0,0.49,0.35,0.62,0.91,18.06,Equity : Small Cap,1% on or before 3M Nil after 3M
Mahindra Manulife Ultra Short Duration Fund-Reg(G),Rahul Pal,DT-USD,2,205.4,0.7,17-10-2019,CRISIL Ultra Short Term Debt Index,1370.39,1370.39,1274.74,0.65,2.11,3.81,7.5,7.27,6.89,5.57,0,0,0,0,0,0,0,0,0,None,0.49,0.42,6.87,-0.08,0.21,0.08,1.04,0.35,Debt : Ultra Short Duration,Nil
Mahindra Manulife Value Fund-Reg(G),Krishna Sanghavi,EQ-VAL,0,319.1,2.37,03-03-2025,NIFTY 500 - TRI,11.19,11.27,9.95,3.71,11.42,0,0,0,0,0,0,16.61,2.41,0,51,90363,50.75,16.28,24.68,Energy,0,0,0,0,0,0,0,0,Equity : Value / Contra,0.50% on or before 3M Nil after 3M
Mirae Asset Aggressive Hybrid Fund-Reg(G),Harshad Borawake,HY-EQ,4,8854.1,1.73,29-07-2015,CRISIL Hybrid 35+65 - Aggressive Index,31.59,32.63,28.2,2.33,11.52,0.54,7.7,16.05,14.68,17.79,0,20.99,3.08,109,82,227257,58.81,7.49,11.11,Financials,7.29,4.18,6.8,-0.03,0.24,0.53,1.08,10.03,Hybrid : Equity Oriented,1% on or before 1Y(365D) Nil after 1Y(365D)
Mirae Asset Arbitrage Fund-Reg(G),Jignesh Rao,HY-ARB,0,3054.1,0.94,19-06-2020,Nifty 50 Arbitrage,12.96,12.96,12.15,0.34,1.57,3.19,6.86,7.22,6.66,0,0,23.01,3.07,1877,167,126029,49.98,23.48,6.85,Financials,0.03,0.03,5.91,-0.03,-0.04,-0.03,0.63,0.56,Hybrid : Arbitrage,0.25% on or before 15D Nil after 15D
Mirae Asset Balanced Advantage Fund-Reg(G),Harshad Borawake,HY-DYN,0,1811.1,2.06,11-08-2022,NIFTY 50 Hybrid Composite Debt 50:50 Index,13.93,13.93,12.66,1.95,8.86,2.27,7.67,14.22,0,0,0,20.25,3.06,300,104,217648,52.8,6.87,8.81,Financials,4.76,3.38,6.43,0.13,0.25,0.58,0.56,6.87,Hybrid : Dynamic Asset Allocation,1% on or before 6M (180D) Nil after 6M (180D)
Mirae Asset Banking and Financial Services Fund-Reg(G),Gaurav Kochar,EQ-FIN,0,1946.5,2.04,11-12-2020,Nifty Financial Services - TRI,20.12,20.25,17.09,2.06,17.55,5.93,13.35,19.23,20.6,0,0,15.58,2.17,45,31,268001,72.03,11.24,15.16,Financials,0,0,0,0.21,0.27,0.63,0.94,14.68,Equity : Sectoral - Financial Services,1% on or before 1Y Nil after 1Y
Mirae Asset Banking and PSU Fund-Reg(G),Kruti Chheta,DT-B&PSU,1,46.6,0.81,24-07-2020,CRISIL Banking and PSU Debt Index,13.03,13.03,11.87,1.07,4.01,5.36,9.48,7.86,7.39,0,0,0,0,0,0,0,0,0,0,None,6.74,4.39,6.81,-0.14,0.16,0.24,1.21,1.19,Debt : Banking & PSU,Nil
Mirae Asset Corp Bond Fund-Reg(G),Kruti Chheta,DT-CORP,0,42.6,0.65,17-03-2021,CRISIL Corporate Bond Index,12.83,12.83,11.67,1.04,4.03,5.46,9.71,7.93,7.47,0,0,0,0,0,0,0,0,0,0,None,6.65,4.14,6.9,-0.03,0.16,0.25,0.4,1.25,Debt : Corporate Bond,Nil
Mirae Asset CRISIL IBX Gilt Index - April 2033 Index Fund-Reg(G),Amit Modani,DT-GILT,0,240.6,0.39,20-10-2022,CRISIL IBX Gilt Index - April 2033,12.82,12.83,11.42,1.35,5.18,6.69,11.93,9.17,0,0,0,0,0,0,0,0,0,0,0,None,7.39,5.58,6.4,0.01,0.4,0.84,0.94,2.23,Debt : Gilt,Nil
Mirae Asset Dynamic Bond Fund-Reg(G),Amit Modani,DT-DYN,3,119.3,1.04,24-03-2017,CRISIL Dynamic Bond Index,16.16,16.16,14.9,0.96,2.97,4.45,8.29,6.96,7.01,4.61,0,0,0,0,0,0,0,0,0,None,1.81,1.62,6.56,-0.12,0.04,0.06,0.43,1.53,Debt : Dynamic Bond,Nil
Mirae Asset ELSS Tax Saver Fund-Reg(G),Neelesh Surana,EQ-ELSS,4,24774.1,1.57,28-12-2015,NIFTY 500 - TRI,47.6,50.29,41.51,3.17,14.13,-1.36,7.66,20.98,17.81,24.48,0,22.46,3.08,121,86,194739,68.09,13.65,17.33,Financials,0,0,0,-0.01,0.25,0.52,0.94,13.27,Equity : Tax Saving (ELSS),Nil
Mirae Asset Equity Savings Fund-Reg(G),Harshad Borawake,HY-EQ,3,1402.5,1.36,17-12-2018,NIFTY 50 Equity Savings Index,20,20,18.08,1.75,7.75,2.96,9,12.9,11.83,13.77,0,21.07,3.13,452,106,218124,53.49,6.93,7.96,Financials,4.6,3.17,6.27,0.22,0.27,0.66,0.98,5.61,Hybrid : Equity Oriented,1% on or before 90D Nil after 90D
Mirae Asset Flexi Cap Fund-Reg(G),Varun Goel,EQ-FLEX,0,2658.3,1.94,24-02-2023,NIFTY 500 - TRI,15.28,16.04,13.35,3.83,13.69,-1.04,6.22,19,0,0,0,24.09,3.67,29,81,161824,66.86,13.87,19.15,Financials,0,0,0,-0.11,0.32,0.63,0.96,12.83,Equity : Flexi Cap,1% on or before 365D Nil after 365D
Mirae Asset Focused Fund-Reg(G),Gaurav Misra,EQ-MLC,0,7649.8,1.78,14-05-2019,NIFTY 500 - TRI,25.4,26.78,22.01,4.19,13.85,-2.69,12.55,14.98,12.43,21.01,0,32.11,4.35,37,30,107484,42.37,24.48,29.4,Financials,0,0,0,-0.34,0.15,0.29,0.87,13.02,Equity : Multi Cap,1% on or before 1Y(365D) Nil after 1Y(365D)
Mirae Asset Great Consumer Fund-Reg(G),Ankit Jain,EQ-CONS,3,4117.1,1.85,29-03-2011,Nifty India Consumption - TRI,89.97,104.23,79.25,2.19,12.99,-4.03,7.18,18.47,19.87,23.4,14.85,43.29,7.75,46,39,111059,65.33,7.73,24.47,FMCG,0,0,0,0.01,0.27,0.51,0.96,14.58,Equity : Thematic - Consumption,1% on or before 1Y(365D) Nil after 1Y(365D)
Mirae Asset Healthcare Fund-Reg(G),Vrijesh Kasera,EQ-PHRM,4,2682.7,1.94,02-07-2018,BSE Health Care - TRI,36.84,39.91,31.61,0.56,9.23,-4.43,18.08,30.33,21.66,21.41,0,39.36,4.92,35,30,69841,49.67,24.63,25.53,Healthcare,0,0,0,-0.18,0.29,0.64,0.96,14.61,Equity : Sectoral - Pharma,1% on or before 1Y(365D) Nil after 1Y(365D)
Mirae Asset Large & Midcap Fund-Reg(G),Neelesh Surana,EQ-L&M,5,37798.8,1.54,09-07-2010,NIFTY LargeMidcap 250 - TRI,146.02,156.99,125.82,4.18,15.22,-2.34,4.32,20.97,17.44,24.37,17.26,22.2,3.03,92,99,131642,51.99,32.69,14.43,Financials,0,0,0,-0.23,0.23,0.47,0.94,13.81,Equity : Large & Mid Cap,1% on or before 1Y(365D) Nil after 1Y(365D)
Mirae Asset Large Cap Fund-Reg(G),Gaurav Misra,EQ-LC,4,38891.6,1.52,04-04-2008,NIFTY 100 - TRI,110.56,117.12,98.14,2.12,12.12,-0.2,8.3,16.19,14.28,19.86,13.05,23.87,3.55,43,84,323432,84.5,8.35,6.1,Financials,0,0,0,-0.03,0.21,0.44,0.89,12.04,Equity : Large Cap,1% on or before 1Y(365D) Nil after 1Y(365D)
Mirae Asset Liquid Fund-Reg(G),Amit Modani,DT-LIQ,3,12484.8,0.2,12-01-2009,Nifty Liquid Fund Index,2726.31,2726.31,2543.19,0.56,1.81,3.57,7.22,7.23,6.9,5.48,6.16,0,0,0,0,0,0,0,0,None,0.13,0.12,6.42,0.01,0.26,0.07,0.27,0.24,Debt : Liquid,0.007% for Day 1 0.0065% on Day 2 0.0060% on Day 3 0.0055% on Day 4 0.0050% on Day 5 0.0045% on Day 6 NIL on or after 7D
Mirae Asset Long Duration Fund-Reg(G),Kruti Chheta,DT-LD,0,41.4,0.76,06-12-2024,CRISIL Long Duration Debt Index,10.51,10.56,9.94,0.05,5.26,0,0,0,0,0,0,0,0,0,0,0,0,0,0,None,31.86,12.04,6.83,0,0,0,0,0,Debt : Long Duration,NIL
Mirae Asset Low Duration Fund-Reg Savings Plan(G),Basant Bafna,DT-LOWD,2,1784.3,0.85,05-03-2008,NIFTY Low Duration Debt Index,2253.07,2253.07,2086.71,0.77,2.48,4.13,7.94,7.35,6.91,5.7,6.02,0,0,0,0,0,0,0,0,None,1.05,0.94,6.87,-0.01,0.14,0.08,0.12,0.49,Debt : Low Duration,Nil
Mirae Asset Midcap Fund-Reg(G),Ankit Jain,EQ-MID,0,15415,1.68,29-07-2019,Nifty Midcap 150 - TRI,34.89,37.66,29.05,7.27,18.81,-3.15,4.97,25.25,21.6,30.1,0,27.49,3.28,106,74,46985,10.93,67.03,20.7,Financials,0,0,0,-0.32,0.26,0.52,0.96,16.03,Equity : Mid Cap,1% on or before 365D Nil after 365D
Mirae Asset Money Market Fund-Reg(G),Amit Modani,DT-MM,0,2708,0.42,11-08-2021,Nifty Money Market Index,1256.85,1256.85,1163.43,0.72,2.44,4.18,8.01,7.56,6.98,0,0,0,0,0,0,0,0,0,0,None,0.77,0.72,6.66,0.01,0.2,0.11,0.63,0.45,Debt : Money Market,NIL
Mirae Asset Multi Asset Allocation Fund-Reg(G),Harshad Borawake,HY-MULTI,0,1910.6,1.99,31-01-2024,NIFTY 500 - TRI,11.95,11.95,10.51,2.5,10.23,5.09,11.23,0,0,0,0,20.85,3.22,295,107,210021,53.35,5.53,9.2,Financials,4.65,3.39,6.32,0.37,0.29,0.66,0.49,7.22,Hybrid : Multi Asset Allocation,1% on or before 6M (180D) Nil after 6M (180D)
Mirae Asset Multicap Fund-Reg(G),Ankit Jain,EQ-MLC,0,3481.6,1.88,21-08-2023,Nifty500 Multicap 50:25:25 - TRI,13.88,14.53,11.82,5.41,16.76,-1.39,8.55,0,0,0,0,24.41,3.34,101,85,81939,42.63,28.1,27.78,Financials,0,0,0,-0.07,0.22,0.42,0.96,15.05,Equity : Multi Cap,1% on or before 365D Nil after 365D
Mirae Asset Nifty 50 Index Fund-Reg(G),Ekta Gala,EQ-INDX,0,27.7,0.75,24-10-2024,NIFTY 50 - TRI,10.1,10.26,9.06,0.97,10.93,0.34,0,0,0,0,0,22.53,3.38,0,50,563877,99.04,0.95,0,Financials,0,0,0,0,0,0,0,0,Equity : Index Funds,NIL
Mirae Asset Nifty AAA PSU Bond Plus SDL Apr 2026 50:50 Index Fund-Reg(G),Amit Modani,DT-B&PSU,0,87.4,0.35,20-10-2022,Nifty AAA Bond Plus SDL Apr 2026 50:50 Index,12.08,12.08,11.17,0.75,2.4,4.11,8.07,7.3,0,0,0,0,0,0,0,0,0,0,0,None,0.82,0.76,6.53,0.01,0.33,0.28,0.23,0.72,Debt : Banking & PSU,Nil
Mirae Asset Nifty LargeMidcap 250 Index Fund-Reg(G),Ekta Gala,EQ-INDX,0,18.2,0.85,24-10-2024,NIFTY LargeMidcap 250 - TRI,10.08,10.3,8.69,4.25,15.16,-0.83,0,0,0,0,0,25.63,3.68,0,251,158372,54.2,43.06,2.51,Financials,0,0,0,0,0,0,0,0,Equity : Index Funds,NIL
Mirae Asset Nifty SDL Jun 2027 Index Fund-Reg(G),Amit Modani,DT-M&LD,0,755.3,0.35,30-03-2022,Nifty SDL Jun 2027 Index,12.29,12.29,11.22,1.1,3.19,5.01,9.44,8.09,8.23,0,0,0,0,0,0,0,0,0,0,None,2,1.8,6.4,0,0.25,0.38,0.49,1.57,Debt : Medium to Long Duration,Nil
Mirae Asset Nifty SDL June 2028 Index Fund-Reg(G),Mahendra Kumar Jajoo,DT-M&LD,0,73,0.49,31-03-2023,Nifty SDL June 2028 Index,11.98,11.99,10.85,1.19,3.71,5.62,10.29,8.41,0,0,0,0,0,0,0,0,0,0,0,None,2.94,2.54,6.41,0.03,0.4,0.58,0.47,1.29,Debt : Medium to Long Duration,Nil
Mirae Asset Nifty Total Market Index Fund-Reg(G),Ekta Gala,EQ-INDX,0,39.4,0.91,28-10-2024,Nifty Total Market - TRI,10.07,10.35,8.77,3.58,14.27,-1.72,0,0,0,0,0,23.77,3.4,0,753,197256,70.2,16.76,12.78,Financials,0,0,0,0,0,0,0,0,Equity : Index Funds,Nil
Mirae Asset Overnight Fund-Reg(G),Amit Modani,DT-ON,2,864.4,0.16,15-10-2019,Nifty 1D Rate Index,1316.01,1316.01,1236.82,0.48,1.49,3.09,6.42,6.57,6.34,5.08,0,0,0,0,0,0,0,0,0,None,0.01,0.01,6.09,-0.01,-0.53,-0.12,0.85,0.17,Debt : Overnight,Nil
Mirae Asset Short Duration Fund-Reg(G),Basant Bafna,DT-SD,2,401.3,1.14,16-03-2018,CRISIL Short Duration Debt Index,15.78,15.78,14.42,0.97,3.57,5.13,9.28,7.74,7.25,5.8,0,0,0,0,0,0,0,0,0,None,3.56,2.68,6.98,-0.03,0.15,0.19,0.32,1.01,Debt : Short Duration,Nil
Mirae Asset Small Cap Fund-Reg(G),Varun Goel,EQ-SML,0,1385.8,2.07,31-01-2025,Nifty Smallcap 250 - TRI,10.9,10.9,9.07,7.66,20.1,0,0,0,0,0,0,28.7,4.26,0,69,33201,22.96,14.55,59.24,Financials,0,0,0,0,0,0,0,0,Equity : Small Cap,1% on or before 365D Nil after 365D
Mirae Asset Ultra Short Duration Fund-Reg(G),Basant Bafna,DT-USD,1,1681.1,0.41,07-10-2020,NIFTY Ultra Short Duration Debt Index,1302.74,1302.74,1208.08,0.68,2.2,3.97,7.83,7.56,7.14,0,0,0,0,0,0,0,0,0,0,None,0.51,0.46,6.79,0.03,0.39,0.16,0.51,0.37,Debt : Ultra Short Duration,Nil
Motilal Oswal Active Momentum Fund-Reg(G),Ajay Khandelwal,EQ-THEM,0,53.1,2.66,17-03-2025,NIFTY 500 - TRI,10.9,10.9,9.07,10.17,0,0,0,0,0,0,0,41.17,6.6,0,21,72803,24.04,27.28,19.36,Financials,0,0,0,0,0,0,0,0,Equity : Thematic,1% on or before 90D Nil after 90D
Motilal Oswal Arbitrage Fund-Reg(G),Vishal Ashar,HY-ARB,0,667.2,0.99,23-12-2024,Nifty 50 Arbitrage - TRI,10.28,10.28,10,0.32,1.62,0,0,0,0,0,0,29.56,3.65,533,83,232783,45.41,17.16,2.8,Financials,0.23,0.22,5.97,0,0,0,0,0,Hybrid : Arbitrage,0.25% on or before 15D Nil after 15D
Motilal Oswal Balanced Advantage Fund-Reg(G),Ajay Khandelwal,HY-DYN,2,904,2.28,27-09-2016,CRISIL Hybrid 50+50 - Moderate Index,18.93,23.32,17.03,4.57,10.35,-11.39,-5.53,9.81,9.15,8.77,0,39.88,5.75,363,15,122812,33.79,25.24,12.1,Technology,1.5,1.31,6.8,-0.27,0.08,0.15,0.74,13.88,Hybrid : Dynamic Asset Allocation,1% on or before 365D Nil after 365D
Motilal Oswal BSE 1000 Index Fund-Reg(G),Swapnil P Mayekar,EQ-INDX,0,0,0,00-01-1900,BSE 1000 - TRI,0,0,0,0,0,0,0,0,0,0,0,0,0,0,0,0,0,0,0,None,0,0,0,0,0,0,0,0,Equity : Index Funds,null
Motilal Oswal BSE Enhanced Value Index Fund-Reg(G),Swapnil P Mayekar,EQ-INDX,0,814.9,1.11,22-08-2022,BSE Enhanced Value Index - TRI,24.42,26.75,20.83,3.38,16.16,-0.31,-5.48,39,0,0,0,9.06,1.22,63,30,133002,70.46,27.08,2.5,Financials,0,0,0,2.91,0.41,0.95,0.97,19.28,Equity : Index Funds,1% on or before 15D Nil after 15D
Motilal Oswal BSE Financials ex Bank 30 Index Fund-Reg(G),Swapnil P Mayekar,EQ-INDX,0,20.6,1.04,29-07-2022,BSE Financials ex Bank 30 - TRI,16.36,16.66,13.62,4.85,15.41,7.98,13.29,24.63,0,0,0,22.85,3.08,44,30,148776,69.32,28.72,1.48,Financials,0,0,0,0.32,0.24,0.51,1.04,14.71,Equity : Index Funds,1% on or before 15D Nil after 15D
Motilal Oswal BSE Low Volatility Index Fund-Reg(G),Swapnil P Mayekar,EQ-INDX,0,109.7,1.05,23-03-2022,BSE Low Volatility Index - TRI,16.07,17.83,14.55,1.04,9.36,-0.1,2.55,17.63,16.5,0,0,35.4,5.58,82,30,225579,78.17,19.1,2.79,FMCG,0,0,0,1.46,0.27,0.56,1,11.95,Equity : Index Funds,1% on or before 15D Nil after 15D
Motilal Oswal BSE Quality Index Fund-Reg(G),Swapnil P Mayekar,EQ-INDX,0,48.4,1.05,22-08-2022,BSE Quality Index - TRI,16.53,18.85,14.2,5.33,15.12,-1.21,-4.91,21.36,0,0,0,40.03,12.8,116,30,160684,71.49,25.46,2.91,FMCG,0,0,0,2.21,0.25,0.52,1,15.26,Equity : Index Funds,1% on or before 15D Nil after 15D
Motilal Oswal Business Cycle Fund-Reg(G),Ajay Khandelwal,EQ-THEM,0,1745.5,2.05,27-08-2024,NIFTY 500 - TRI,12.19,13.29,10,6.35,12.49,-3.23,0,0,0,0,0,68.89,8.87,172,17,28103,20.59,37.8,26.05,Retail and Other Services,0,0,0,0,0,0,0,0,Equity : Thematic,1% on or before 365D Nil after 365D
Motilal Oswal Digital India Fund-Reg(G),Varun Sharma,EQ-TECH,0,715.8,2.32,04-11-2024,BSE TECk Index - TRI,9.88,10.9,8.01,9.09,14.66,-5.97,0,0,0,0,0,39.84,5.14,30,21,27428,12.87,32.86,52.06,Technology,0,0,0,0,0,0,0,0,Equity : Sectoral - Technology,1% on or before 90D Nil after 90D
Motilal Oswal ELSS Tax Saver Fund-Reg(G),Ajay Khandelwal,EQ-ELSS,3,3896.7,1.82,21-01-2015,NIFTY 500 - TRI,51.71,57.04,41.14,11.72,25.3,-5.55,12.55,32.95,29.21,28.23,16.77,56.92,5.92,50,30,55143,31.21,33.25,33.41,Capital Goods,0,0,0,0.54,0.32,0.55,1.19,18.97,Equity : Tax Saving (ELSS),Nil
Motilal Oswal Flexi Cap Fund-Reg(G),Niket Shah,EQ-FLEX,1,12418.5,1.73,28-04-2014,NIFTY 500 - TRI,59.6,65.74,50.46,4.19,11.83,-5.54,14.94,30.79,24.43,21.84,13.03,52.14,8.77,154,17,39562,28.3,35.91,2.45,Technology,0,0,0,0.47,0.32,0.61,1,16.11,Equity : Flexi Cap,1% on or before 365D Nil after 365D
Motilal Oswal Focused Fund-Reg(G),Ajay Khandelwal,EQ-LC,2,1399.1,2.15,13-05-2013,NIFTY 500 - TRI,43.38,51.74,35.38,13.09,22.16,-6.84,-0.6,12.4,12.4,15.41,10.27,51.67,3.7,106,25,32421,14.67,32.94,50.68,Financials,0,0,0,-0.54,0.11,0.19,1.07,16.95,Equity : Large Cap,1% on or before 365D Nil after 365D
Motilal Oswal Infrastructure Fund-Reg(G),Ajay Khandelwal,EQ-INFRA,0,0,0,13-05-2025,Nifty Infrastructure - TRI,11.16,11.16,10,0,0,0,0,0,0,0,0,0,0,0,0,0,0,0,0,None,0,0,0,0,0,0,0,0,Equity : Sectoral - Infrastructure,1% on or before 3M Nil after 3M
Motilal Oswal Innovation Opportunities Fund-Reg(G),Varun Sharma,EQ-THEM,0,158.6,2.48,18-02-2025,NIFTY 500 - TRI,11.94,11.94,9.98,8.13,18.46,0,0,0,0,0,0,42.85,6.16,5,21,92820,33.97,38.02,16.69,Financials,0,0,0,0,0,0,0,0,Equity : Thematic,1% on or before 90D Nil after 90D
Motilal Oswal Large & Midcap Fund-Reg(G),Ajay Khandelwal,EQ-L&M,0,9176.4,1.76,17-10-2019,NIFTY LargeMidcap 250 - TRI,33.33,35.63,26.28,12.48,26.56,-1.43,18.46,34.49,31.07,30.73,0,54.75,7.53,41,30,68760,39.26,32.13,26.55,Capital Goods,0,0,0,0.48,0.35,0.61,1.13,18.45,Equity : Large & Mid Cap,1% on or before 365D Nil after 365D
Motilal Oswal Large Cap Fund-Reg(G),Ajay Khandelwal,EQ-LC,0,2149.7,2.04,06-02-2024,NIFTY 100 - TRI,13.5,13.63,10.88,1.53,11.16,3.11,20.78,0,0,0,0,22.62,3.28,58,42,362845,88.42,4.46,5.22,Financials,0,0,0,1.12,0.39,0.9,0.99,13.62,Equity : Large Cap,1% on or before 365D Nil after 365D
Motilal Oswal Liquid Fund-Reg(G),Rakesh Shetty,DT-LIQ,1,1104.1,0.37,19-12-2018,CRISIL Liquid Debt Index,13.74,13.74,12.88,0.53,1.65,3.29,6.7,6.76,6.42,5.03,0,0,0,0,0,0,0,0,0,None,0.11,0.1,6.33,-0.04,-0.3,-0.09,1.12,0.23,Debt : Liquid,0.007% for Day 1 0.0065% on Day 2 0.0060% on Day 3 0.0055% on Day 4 0.0050% on Day 5 0.0045% on Day 6 NIL on or after 7D
Motilal Oswal Manufacturing Fund-Reg(G),Ajay Khandelwal,EQ-THEM,0,713.3,2.33,08-08-2024,Nifty India Manufacturing - TRI,11.32,12.03,8.86,12.08,25.87,0.54,0,0,0,0,0,61.04,7.56,42,27,46249,27.02,45.38,23.91,Capital Goods,0,0,0,0,0,0,0,0,Equity : Thematic,1% on or before 90D Nil after 90D
Motilal Oswal Midcap Fund-Reg(G),Niket Shah,EQ-MID,2,27780.2,1.58,24-02-2014,Nifty Midcap 150 - TRI,99.91,114.69,85.18,5.3,11.83,-9.67,16.27,32.87,31.72,36.86,17.23,62.61,8.06,184,25,69801,17.28,57.83,0.35,Technology,0,0,0,0.41,0.37,0.71,0.98,18.44,Equity : Mid Cap,1% on or before 365D Nil after 365D
Motilal Oswal Multi Asset Fund-Reg(G),Ajay Khandelwal,HY-MULTI,0,92.3,1.99,04-08-2020,NIFTY 500 - TRI,12.1,14.41,11.1,4.22,8.5,-7.44,-6.15,3.32,4.29,0,0,39.37,4.98,65,13,47673,10.83,10.22,16.76,Financials,0.88,0.75,6.54,-0.65,-0.04,-0.07,0.52,9.65,Hybrid : Multi Asset Allocation,1% on or before 365D Nil after 365D
Motilal Oswal Multi Cap Fund-Reg(G),Ajay Khandelwal,EQ-MLC,0,3464.8,1.88,18-06-2024,Nifty500 Multicap 50:25:25 - TRI,13.27,14.12,10,7.22,15.06,-0.41,0,0,0,0,0,61.49,7.71,221,21,45120,19.21,42.21,24.11,Capital Goods,0,0,0,0,0,0,0,0,Equity : Multi Cap,1% on or before 365D Nil after 365D
Motilal Oswal Nifty 200 Momentum 30 Index Fund-Reg(G),Swapnil P Mayekar,EQ-INDX,0,851.5,1,10-02-2022,Nifty200 Momentum 30 - TRI,15.06,18.71,12.74,4.19,13.12,-12.92,-14.8,21.88,20.04,0,0,39.85,6.56,130,31,148057,74.05,24.87,0,Technology,0,0,0,-0.08,0.2,0.38,1,19.53,Equity : Index Funds,1% on or before 15D Nil after 15D
Motilal Oswal Nifty 50 Index Fund-Reg(G),Swapnil P Mayekar,EQ-INDX,0,676,0.51,23-12-2019,NIFTY 50 - TRI,20.72,22,18.56,1.01,11.09,0.57,6.07,15.82,14.68,20.25,0,22.53,3.38,14,50,563961,98.94,0.95,0,Financials,0,0,0,-0.05,0.21,0.48,1,12.49,Equity : Index Funds,Nil
Motilal Oswal Nifty 500 Index Fund-Reg(G),Swapnil P Mayekar,EQ-INDX,0,2199.2,0.89,06-09-2019,NIFTY 500 - TRI,25.36,27.24,22.1,3.28,14.14,-1.34,4.17,19.88,17.31,22.49,0,23.91,3.46,20,501,222767,72.86,17.45,9.66,Financials,0,0,0,-0.08,0.23,0.49,1,13.8,Equity : Index Funds,1% on or before 15D Nil after 15D
Motilal Oswal Nifty 500 Momentum 50 Index Fund-Reg(G),Swapnil P Mayekar,EQ-INDX,0,596,1.08,24-09-2024,Nifty500 Momentum 50 - TRI,8.22,10.03,6.84,5.67,16.7,-13.34,0,0,0,0,0,46.06,6.65,81,51,70289,47.67,39.48,11.73,Technology,0,0,0,0,0,0,0,0,Equity : Index Funds,1% on or before 15D Nil after 15D
Motilal Oswal Nifty Bank Index Fund-Reg(G),Swapnil P Mayekar,EQ-INDX,0,633.7,1,06-09-2019,NIFTY BANK - TRI,19.72,19.81,16.96,0.96,15.47,5.2,8.63,12.15,16.14,21.66,0,14.88,2.02,25,12,517651,83.88,16.19,0,Financials,0,0,0,-0.07,0.19,0.43,1,15.12,Equity : Index Funds,1% on or before 15D Nil after 15D
Motilal Oswal Nifty Capital Market Index Fund-Reg(G),Swapnil P Mayekar,EQ-INDX,0,147.2,1.08,16-12-2024,Nifty Capital Markets Index - TRI,10.42,10.42,6.93,18.18,45.1,0,0,0,0,0,0,39.04,10.28,8,15,41495,0,53.45,49.15,Financials,0,0,0,0,0,0,0,0,Equity : Index Funds,1% on or before 15D Nil after 15D
Motilal Oswal Nifty India Defence Index Fund-Reg(G),Swapnil P Mayekar,EQ-INDX,0,2875.5,1.08,03-07-2024,Nifty India Defence - TRI,11.54,11.54,6.68,24.75,68.56,29.68,0,0,0,0,0,51.36,9.93,18,18,81192,63.7,13.76,22.51,Capital Goods,0,0,0,0,0,0,0,0,Equity : Index Funds,1% on or before 15D Nil after 15D
Motilal Oswal Nifty Microcap 250 Index Fund-Reg(G),Swapnil P Mayekar,EQ-INDX,0,1980.8,1.1,05-07-2023,Nifty Microcap 250 - TRI,17.1,19.37,14.15,11.88,20.24,-9.54,9.7,0,0,0,0,20.78,2.34,73,252,6588,0,0,99.74,Capital Goods,0,0,0,-0.13,0.28,0.5,1,22.45,Equity : Index Funds,1% on or before 15D Nil after 15D
Motilal Oswal Nifty Midcap 150 Index Fund-Reg(G),Swapnil P Mayekar,EQ-INDX,0,2126.1,1,06-09-2019,Nifty Midcap 150 - TRI,36.91,39.06,30.76,7.2,18.89,-0.84,6.06,29.05,26.04,31.45,0,29.85,4.03,32,150,57969,11.24,83.73,5,Financials,0,0,0,-0.07,0.32,0.66,1,16.45,Equity : Index Funds,1% on or before 15D Nil after 15D
Motilal Oswal Nifty MidSmall Financial Services Index Fund-Reg(G),Swapnil P Mayekar,EQ-INDX,0,27.2,1.11,19-11-2024,Nifty MidSmall Financial Services - TRI,11.91,11.91,8.81,11.98,31.56,13.52,0,0,0,0,0,21.23,2.37,23,30,50520,3.09,76.03,20.55,Financials,0,0,0,0,0,0,0,0,Equity : Index Funds,1% on or before 15D Nil after 15D
Motilal Oswal Nifty MidSmall Healthcare Index Fund-Reg(G),Swapnil P Mayekar,EQ-INDX,0,24.2,1.11,19-11-2024,Nifty MidSmall Healthcare - TRI,10.01,10.91,9,1.94,10,-3.99,0,0,0,0,0,42.7,5.44,11,30,47756,29.17,45.78,25.16,Healthcare,0,0,0,0,0,0,0,0,Equity : Index Funds,1% on or before 15D Nil after 15D
Motilal Oswal Nifty MidSmall India Consumption Index Fund-Reg(G),Swapnil P Mayekar,EQ-INDX,0,22.8,1.11,19-11-2024,Nifty MidSmall India Consumption - TRI,10.02,11,9,1.32,9.79,-5.43,0,0,0,0,0,56.33,7.84,25,30,60020,20.7,70.61,8.28,Healthcare,0,0,0,0,0,0,0,0,Equity : Index Funds,1% on or before 15D Nil after 15D
Motilal Oswal Nifty MidSmall IT and Telecom Index Fund-Reg(G),Swapnil P Mayekar,EQ-INDX,0,21.1,1.11,19-11-2024,Nifty MidSmall IT & Telecom - TRI,9.55,11.13,7.97,5.89,11.7,-11.85,0,0,0,0,0,29.5,6.4,16,20,48021,14.04,69.57,16.4,Technology,0,0,0,0,0,0,0,0,Equity : Index Funds,1% on or before 15D Nil after 15D
Motilal Oswal Nifty Next 50 Index Fund-Reg(G),Swapnil P Mayekar,EQ-INDX,0,324.6,1.04,23-12-2019,NIFTY NEXT 50 - TRI,22.95,26.76,19.64,3.38,15.39,-7.34,-5.88,25.08,20.04,21.22,0,22.22,3.5,82,51,121416,90.32,8.8,0,Financials,0,0,0,-0.08,0.21,0.39,1,18.82,Equity : Index Funds,1% on or before 15D Nil after 15D
Motilal Oswal Nifty Smallcap 250 Index Fund-Reg(G),Swapnil P Mayekar,EQ-INDX,0,822.3,1.04,06-09-2019,Nifty Smallcap 250 - TRI,36.62,40.14,29.55,10.49,23.29,-5.96,5.87,29.53,24.49,34.03,0,26.93,3.11,51,250,17324,0,7.89,91.92,Financials,0,0,0,-0.09,0.25,0.47,1,19.09,Equity : Index Funds,1% on or before 15D Nil after 15D
Motilal Oswal Quant Fund-Reg(G),Ajay Khandelwal,EQ-THEM,0,130,0.97,06-06-2024,NIFTY 200 - TRI,9.76,11.1,8.13,9.91,19.71,-8.5,0,0,0,0,0,18.55,4.15,152,100,12611,10.04,14.78,71.54,Financials,0,0,0,0,0,0,0,0,Equity : Thematic,1% on or before 15D Nil after 15D
Motilal Oswal S&P 500 Index Fund-Reg(G),Sunil Sawant,EQ-INTL,0,3333.5,1.13,28-04-2020,S&P 500 - TRI,22.83,23.85,19.22,6.44,-0.01,-0.36,15.85,20.87,16.26,16.64,0,0,0,4,503,0,0,0,0,None,0,0,0,0.41,0.21,0.38,0.61,15.36,Equity : International,1% on or before 7D Nil after 7D
Motilal Oswal Services Fund-Reg(G),Ajay Khandelwal,EQ-THEM,0,0,0,00-01-1900,Nifty Services Sector - TRI,0,0,0,0,0,0,0,0,0,0,0,0,0,0,0,0,0,0,0,None,0,0,0,0,0,0,0,0,Equity : Thematic,1% on or before 90D Nil after 90D
Motilal Oswal Small Cap Fund-Reg(G),Ajay Khandelwal,EQ-SML,0,4332,1.86,26-12-2023,Nifty Smallcap 250 - TRI,13.8,15.15,10.98,11.07,19.47,-4.93,21.11,0,0,0,0,32.42,5.01,56,51,14250,6.7,11.97,69,Capital Goods,0,0,0,0.94,0.23,0.4,0.89,20.92,Equity : Small Cap,1% on or before 365D Nil after 365D
Motilal Oswal Ultra Short Term Fund-Reg(G),Rakesh Shetty,DT-USD,0,549.4,1.03,06-09-2013,CRISIL Ultra Short Term Debt Index,16.43,16.43,15.5,0.53,1.58,2.95,5.98,5.98,5.67,4.45,3.74,0,0,0,0,0,0,0,0,None,0.35,0.33,6.02,-0.12,-1.01,-0.39,0.5,0.26,Debt : Ultra Short Duration,Nil
Navi Aggressive Hybrid Fund-Reg(G),Ashutosh Shirwaikar,HY-EQ,0,114.8,2.28,30-04-2018,CRISIL Hybrid 35+65 - Aggressive Index,20.02,20.98,18.2,3.69,9.87,-1.4,7.27,14.51,13.66,15.99,0,23,3.26,64,41,54464,35.05,6.41,36.04,Automobile and Ancillaries,0.4,0.36,6.91,-0.07,0.22,0.46,1.01,9.77,Hybrid : Equity Oriented,Nil
Navi BSE Sensex Index Fund-Reg(G),Ashutosh Shirwaikar,EQ-INDX,0,17.6,0.9,04-09-2023,BSE SENSEX - TRI,12.32,13.05,11.1,0.49,10.5,-0.13,5.79,0,0,0,0,22.51,3.47,25,30,698872,99.25,0.59,0,Financials,0,0,0,-0.01,0.16,0.34,1.01,12.2,Equity : Index Funds,Nil
Navi ELSS Tax Saver Fund-Reg(G),Ashutosh Shirwaikar,EQ-ELSS,0,55.8,2.29,30-12-2015,NIFTY 500 - TRI,28.73,31.13,25.19,2.88,13.66,-2.6,5.15,15.65,14.76,18.6,0,26.5,3.57,37,45,124183,50.81,29.02,13.77,Financials,0,0,0,-0.18,0.2,0.41,0.91,13.05,Equity : Tax Saving (ELSS),Nil
Navi ELSS Tax Saver Nifty 50 Index Fund-Reg(G),Ashutosh Shirwaikar,EQ-ELSS,0,91.8,1,20-03-2023,NIFTY 50 - TRI,14.46,15.4,12.97,0.96,10.93,0.31,5.5,14.97,0,0,0,22.53,3.38,7,50,563967,99,0.95,0,Financials,0,0,0,-0.11,0.28,0.59,1,11.53,Equity : Tax Saving (ELSS),Nil
Navi Flexi Cap Fund-Reg(G),Ashutosh Shirwaikar,EQ-FLEX,2,244,2.29,09-07-2018,NIFTY 500 - TRI,22.22,24.5,19.62,5.01,12.82,-4.3,3.53,13.82,14.51,19.52,0,24.59,3.68,77,60,90134,46.04,19.14,23.23,Financials,0,0,0,-0.22,0.19,0.38,0.92,13.19,Equity : Flexi Cap,Nil
Navi Large & Midcap Fund-Reg(G),Ashutosh Shirwaikar,EQ-L&M,2,303.1,2.26,07-12-2015,NIFTY LargeMidcap 250 - TRI,35.02,37.88,30.51,4.2,13.98,-3.11,8.18,15.78,15.27,22.19,0,25.87,3.58,71,66,109756,46.36,35.18,13.72,Financials,0,0,0,-0.37,0.19,0.4,0.93,14.03,Equity : Large & Mid Cap,Nil
Navi Liquid Fund-Reg(G),Tanmay Sethi,DT-LIQ,0,74.1,0.2,19-02-2010,CRISIL Liquid Debt Index,28.27,28.27,26.47,0.54,1.61,3.3,6.81,6.83,6.61,5.34,6.14,0,0,0,0,0,0,0,0,None,0.08,0.08,6.22,-0.02,-0.08,-0.02,0.89,0.19,Debt : Liquid,0.007% for Day 1 0.0065% on Day 2 0.0060% on Day 3 0.0055% on Day 4 0.0050% on Day 5 0.0045% on Day 6 NIL on or after 7D
Navi Nifty 50 Index Fund-Reg(G),Ashutosh Shirwaikar,EQ-INDX,0,3142.5,0.26,15-07-2021,NIFTY 50 - TRI,15.9,16.86,14.23,1.03,11.15,0.68,6.27,16.02,14.89,0,0,22.53,3.38,16,50,563965,98.96,0.95,0,Financials,0,0,0,-0.03,0.22,0.49,1,12.49,Equity : Index Funds,Nil
Navi Nifty 500 Multicap 50:25:25 Index Fund-Reg(G),Ashutosh Shirwaikar,EQ-INDX,0,24.6,0.99,01-08-2024,Nifty500 Multicap 50:25:25 - TRI,9.74,10.46,8.36,5,15.84,-2.23,0,0,0,0,0,25.06,3.46,36,502,117499,51.12,23.98,23.85,Financials,0,0,0,0,0,0,0,0,Equity : Index Funds,Nil
Navi Nifty Bank Index Fund-Reg(G),Ashutosh Shirwaikar,EQ-INDX,0,629.1,0.8,04-02-2022,NIFTY BANK - TRI,14.22,14.28,12.23,0.96,15.49,5.19,8.62,12.1,16.05,0,0,14.88,2.02,49,12,517651,83.81,16.18,0,Financials,0,0,0,-0.08,0.19,0.42,1,15.15,Equity : Index Funds,Nil
Navi Nifty India Manufacturing Index Fund-Reg(G),Ashutosh Shirwaikar,EQ-INDX,0,59.1,1,26-08-2022,Nifty India Manufacturing - TRI,16.7,18.66,14.31,4.44,14.89,-2.19,-1.07,26.12,0,0,0,27.85,3.94,60,78,137617,70.29,26.34,2.54,Automobile and Ancillaries,0,0,0,-0.1,0.27,0.55,1,15.01,Equity : Index Funds,Nil
Navi Nifty Midcap 150 Index Fund-Reg(G),Ashutosh Shirwaikar,EQ-INDX,0,250.3,1,11-03-2022,Nifty Midcap 150 - TRI,19.59,20.77,16.36,7.16,18.61,-1.08,5.69,28.47,25.54,0,0,29.85,4.03,36,151,57499,11.21,83.52,4.99,Financials,0,0,0,-0.1,0.32,0.65,1,16.38,Equity : Index Funds,Nil
Navi Nifty Next 50 Index Fund-Reg(G),Ashutosh Shirwaikar,EQ-INDX,0,790.8,0.58,19-01-2022,NIFTY NEXT 50 - TRI,15.55,18.07,13.29,3.46,15.43,-7.13,-5.59,25.28,20.23,0,0,22.22,3.5,16,51,121636,90.33,8.81,0,Financials,0,0,0,-0.06,0.21,0.39,1,18.78,Equity : Index Funds,Nil
Navi Nifty Smallcap250 Momentum Quality 100 Index Fund-Reg(G),Ashutosh Shirwaikar,EQ-INDX,0,10.9,1,12-03-2025,Nifty Smallcap250 Momentum Quality 100 - TRI,11.73,11.73,9.92,9.86,0,0,0,0,0,0,0,27.26,4.3,18,100,20364,0,20.3,80.98,Financials,0,0,0,0,0,0,0,0,Equity : Index Funds,Nil
Nippon India Active Momentum Fund-Reg(G),Ashutosh Bhargava,EQ-THEM,0,150.2,1.66,28-02-2025,NIFTY 500 - TRI,11.37,11.46,9.94,3.55,13.48,0,0,0,0,0,0,30.08,4.71,0,40,145125,66.01,20.38,11.38,Financials,0,0,0,0,0,0,0,0,Equity : Thematic,1% on or before 1Y Nil after 1Y
Nippon India Arbitrage Fund(G),Vikash Agarwal,HY-ARB,3,14112.6,1.07,14-10-2010,Nifty 50 Arbitrage,26.42,26.42,24.76,0.35,1.67,3.23,6.87,7.21,6.65,5.43,5.83,22.38,2.8,1278,174,176918,46.05,17.58,5.01,Financials,0,0,0,-0.03,-0.03,-0.02,0.63,0.55,Hybrid : Arbitrage,0.25% on or before 1M Nil after 1M
Nippon India Balanced Advantage Fund(G),Amar Kalkundrikar,HY-DYN,3,9049.4,1.74,15-11-2004,CRISIL Hybrid 50+50 - Moderate Index,174.23,176.52,159.9,1.27,8.01,1.27,6.32,15.14,13.54,15.23,9.85,25.82,3.75,272,65,271782,53.92,11.01,3.34,Financials,5.7,3.7,7.41,0.21,0.29,0.68,0.54,7.04,Hybrid : Dynamic Asset Allocation,Nil for 10% of units on or before 12M In excess of limit 1% on or before 12M and Nil after 12M
Nippon India Banking & Financial Services Fund(G),Vinay Sharma,EQ-FIN,5,6966.9,1.85,26-05-2003,Nifty Financial Services - TRI,622.13,626.16,524.33,2.18,15.92,7.32,15,20.56,22.33,29.17,13.23,19.33,2.59,20,28,278681,68.22,19.78,10.12,Financials,0,0,0,0.4,0.32,0.73,0.89,14.16,Equity : Sectoral - Financial Services,1% on or before 1M Nil after 1M
Nippon India Banking & PSU Debt Fund(G),Pranay Sinha,DT-B&PSU,5,5851.8,0.77,15-05-2015,CRISIL Banking and PSU Debt Index,20.87,20.87,18.97,1.17,4.21,5.46,9.76,8.16,7.72,6.44,7.55,0,0,0,0,0,0,0,0,None,5.37,3.95,6.87,-0.13,0.22,0.33,1.28,1.23,Debt : Banking & PSU,Nil
Nippon India BSE Sensex Next 30 Index Fund-Reg(G),Himanshu Mange,EQ-INDX,0,0,0,00-01-1900,BSE Sensex Next 30 - TRI,0,0,0,0,0,0,0,0,0,0,0,0,0,0,0,0,0,0,0,None,0,0,0,0,0,0,0,0,Equity : Index Funds,null
Nippon India Consumption Fund(G),Amar Kalkundrikar,EQ-CONS,5,2380.8,1.98,30-09-2004,Nifty India Consumption - TRI,194.5,222.26,173.04,0.46,11.16,-2.72,5.31,19.98,20.62,25.08,14.75,46.41,8.54,29,36,129474,66.45,17.69,13.09,FMCG,0,0,0,0.16,0.31,0.6,0.9,13.7,Equity : Thematic - Consumption,1% on or before 1M Nil after 1M
Nippon India Corp Bond Fund(G),Vivek Sharma,DT-CORP,2,6998.5,0.74,14-09-2000,NIFTY Corporate Bond Index,60.29,60.29,54.55,1.17,4.18,5.57,10.32,8.64,8.27,7.17,7.46,0,0,0,0,0,0,0,0,None,5.03,3.82,7.07,0.04,0.37,0.49,0.37,1.18,Debt : Corporate Bond,Nil
Nippon India Credit Risk Fund(G),Sushil Budhia,DT-CR,2,999.6,1.46,10-06-2005,CRISIL Credit Risk Debt Index,34.88,34.89,31.81,0.98,3.28,5.08,9.61,8.56,8.18,8.94,6.1,0,0,0,0,0,0,0,0,None,2.39,2.03,8.34,0.06,0.46,0.41,0.24,0.88,Debt : Credit Risk,Nil for 10% of units and 1% for remaining units on or before 12M Nil after 12M
Nippon India CRISIL-IBX AAA Financial Services - Dec 2026 Index Fund-Reg(G),Vivek Sharma,DT-SD,0,102.2,0.37,25-10-2024,CRISIL-IBX AAA Financial Services Index - Dec 2026,10.55,10.55,10,0.82,2.85,4.52,0,0,0,0,0,0,0,0,0,0,0,0,0,None,1.43,1.27,7.12,0,0,0,0,0,Debt : Short Duration,NIL
Nippon India CRISIL-IBX AAA Financial Services - Jan 2028 Index Fund-Reg(G),Vivek Sharma,DT-M&LD,0,110.7,0.37,25-10-2024,CRISIL-IBX AAA Financial Services Index - Jan 2028,10.6,10.6,10,0.97,3.32,5.06,0,0,0,0,0,0,0,0,0,0,0,0,0,None,2.53,2.16,7.17,0,0,0,0,0,Debt : Medium to Long Duration,NIL
Nippon India Dynamic Bond Fund(G),Pranay Sinha,DT-DYN,4,4444.7,0.74,15-11-2004,NIFTY Composite Debt Index,37.72,37.74,33.83,1.26,4.55,6.16,11.08,8.72,8.87,6.21,7.09,0,0,0,0,0,0,0,0,None,5.09,4.16,6.6,0,0.26,0.49,0.74,2.2,Debt : Dynamic Bond,Nil
Nippon India ELSS Tax Saver Fund(G),Rupesh Patel,EQ-ELSS,2,14781.6,1.7,21-09-2005,NIFTY 500 - TRI,126.85,136.23,108.59,3.94,16.37,-1.28,4.55,23.85,20.23,25.88,10.39,20.59,3.18,13,62,122497,69.12,15.41,11.87,Financials,0,0,0,0.12,0.28,0.59,1,14.09,Equity : Tax Saving (ELSS),Nil
Nippon India Equity Hybrid Fund-Segregated Portfolio 1-(G),Meenakshi Dawar,HY-EQ,0,9.3,0,25-09-2019,CRISIL Hybrid 35+65 - Aggressive Index,0.12,0.12,0.05,126.25,126.25,126.25,126.25,0,31.25,17.72,0,0,0,167,0,0,0,0,0,None,3.16,2.03,12.34,-0.18,-0.03,0,0.03,16.21,Hybrid : Equity Oriented,null
Nippon India Equity Hybrid Fund(G),Meenakshi Dawar,HY-EQ,3,3811.2,1.97,10-06-2005,CRISIL Hybrid 35+65 - Aggressive Index,102.98,106.82,92.75,2.14,10.47,-0.44,6.79,18.17,17.1,20.81,10.04,25.03,3.61,39,76,218396,57.07,8.08,7.5,Financials,5.29,3.55,7.73,0.15,0.3,0.66,1.07,9.98,Hybrid : Equity Oriented,Nil for 10% of investments and 1% for remaining on or before 12M Nil after 12M
Nippon India Equity Savings Fund-Segregated Portfolio 1-(G),Ashutosh Bhargava,HY-EQ,0,25.8,0,25-09-2019,NIFTY 50 Equity Savings Index,0.65,0.65,0.29,126,126,126,126,0,31.2,17.69,0,0,0,0,0,0,0,0,0,None,1.26,0.75,11.86,-0.19,-0.03,0,0.11,16.18,Hybrid : Equity Oriented,null
Nippon India Equity Savings Fund(G),Ashutosh Bhargava,HY-EQ,1,702.5,1.75,30-05-2015,NIFTY 50 Equity Savings Index,15.86,15.88,14.91,0.82,4.59,1.88,5.39,8.79,9.27,10.25,4.71,17.17,2.73,588,44,422567,65.26,4.52,0.49,Financials,4.02,3.13,6.57,0.04,0.19,0.49,0.7,3.76,Hybrid : Equity Oriented,Nil upto 10% of units and for remaining units 1% on or before 15D and Nil after 15D
Nippon India Flexi Cap Fund-Reg(G),Meenakshi Dawar,EQ-FLEX,0,8612.3,1.73,13-08-2021,NIFTY 500 - TRI,16.28,17.92,14.29,3.2,13.23,-3.57,2.1,20.09,17.03,0,0,25.52,3.64,22,90,162684,64,15.75,14.39,Financials,0,0,0,-0.02,0.24,0.48,0.96,13.79,Equity : Flexi Cap,Nil upto 10% of units and 1% for remaining investments on or before 12M Nil after 12M
Nippon India Floating Rate Fund(G),Vikash Agarwal,DT-FL,5,7731.3,0.65,02-09-2004,Nifty Short Duration Debt Index,45.25,45.25,41.23,1.11,3.57,5.17,9.68,8.43,7.82,6.77,7.31,0,0,0,0,0,0,0,0,None,3.8,2.85,7.09,0.03,0.33,0.34,0.24,0.92,Debt : Floater,Nil
Nippon India Focused Equity Fund(G),Vinay Sharma,EQ-FLEX,4,8193.1,1.84,26-12-2006,BSE 500 - TRI,119.52,126.48,103.94,4.08,14.49,0.85,8.2,19.33,16.84,25.33,13.85,29.92,3.63,48,30,140930,52.02,24.43,16.62,Financials,0,0,0,0.03,0.23,0.52,0.92,13.43,Equity : Flexi Cap,Nil upto 10% of units and 1% for remaining units on or before 12M Nil after 12M
Nippon India Gilt Securities Fund(G),Pranay Sinha,DT-GILT,3,2115.3,1.28,22-08-2008,Nifty All Duration G-Sec Index,38.61,38.73,35.02,0.38,4.96,5.36,9.75,8.35,8.33,5.66,7.91,0,0,0,0,0,0,0,0,None,21.36,9.32,6.76,-0.03,0.22,0.54,0.78,2.35,Debt : Gilt,0.25% on or before 7D Nil after 7D
Nippon India Growth Fund(G),Rupesh Patel,EQ-MID,4,34690,1.58,08-10-1995,Nifty Midcap 150 - TRI,4075.05,4280.44,3418.16,6.34,18.11,-1.55,10.24,31.94,28.27,33.58,17.48,28.1,4.16,13,94,60683,26.09,61.46,10.58,Financials,0,0,0,0.19,0.37,0.77,0.95,15.89,Equity : Mid Cap,1% on or before 1M Nil after 1M
Nippon India Hybrid Bond Fund(G),Sushil Budhia,HY-DT(CO),1,840.5,1.89,12-01-2004,CRISIL Hybrid 85+15 - Conservative Index,57.3,57.32,52.61,1.05,4.15,4.34,8.49,8.81,9,9.2,5.49,22.24,3.31,0,49,483744,12.15,1.03,0,Financials,2.34,1.98,8.31,0.03,0.31,0.7,0.58,2.1,Hybrid : Debt Oriented (Conservative),Nil upto 10% of units and 1% for remaining units on or before 12M Nil after 12M
Nippon India Income Fund(G),Vivek Sharma,DT-M&LD,3,427.7,1.52,01-01-1998,NIFTY Medium to Long Duration Debt Index,90.32,90.54,82.46,0.52,4.11,4.92,9.09,7.77,8.08,5.67,7.1,0,0,0,0,0,0,0,0,None,14.07,6.25,6.85,-0.02,0.21,0.47,0.66,2.05,Debt : Medium to Long Duration,0.25% on or before 15D Nil after 15D
Nippon India Index Fund-BSE Sensex Plan(G),Himanshu Mange,EQ-INDX,2,869.2,0.49,28-09-2010,BSE SENSEX - TRI,41.08,43.39,36.94,0.53,10.66,0.07,6.19,14.42,13.85,19.62,11.73,22.51,3.47,18,30,698905,99.38,0.59,0,Financials,0,0,0,-0.01,0.2,0.45,1,12.3,Equity : Index Funds,Nil
Nippon India Index Fund-Nifty 50 Plan(G),Himanshu Mange,EQ-INDX,2,2442.9,0.42,28-09-2010,NIFTY 50 - TRI,41.63,44.16,37.28,1.01,11.1,0.62,6.11,15.81,14.61,19.98,11.52,22.53,3.38,13,50,563965,99.03,0.95,0,Financials,0,0,0,-0.05,0.21,0.48,1,12.47,Equity : Index Funds,Nil
Nippon India Innovation Fund-Reg(G),Vinay Sharma,EQ-THEM,0,2416.1,1.99,28-08-2023,NIFTY 500 - TRI,13.81,15.16,11.84,5.44,15.68,-2.1,5.45,0,0,0,0,41.21,4.82,29,47,61491,40.05,29.22,28.12,Financials,0,0,0,-0.04,0.21,0.39,1.02,15.44,Equity : Thematic,1% on or before 1Y Nil after 1Y
Nippon India Japan Equity Fund(G),Kinjal Desai,EQ-INTL,0,262.5,2.45,26-08-2014,BSE 500 Japan - TRI,20.3,20.38,16.44,6.11,4.78,3.55,12.73,12.42,10.74,7.68,5.94,0,0,33,30,0,0,0,0,None,0,0,0,0.04,0.12,0.21,0.65,15.23,Equity : International,1% on or before 1Y Nil after 1Y
Nippon India Large Cap Fund(G),Sailesh Raj Bhan,EQ-LC,2,39677.4,1.54,08-08-2007,BSE 100 - TRI,88.98,92.72,78.18,2.82,13.24,0.09,5.87,22.46,22.35,26.72,13.92,24.05,3.5,27,71,296168,81.96,10.67,3.76,Financials,0,0,0,0.47,0.35,0.81,0.96,12.71,Equity : Large Cap,1% on or before 7D Nil after 7D
Nippon India Liquid Fund(G),Vikash Agarwal,DT-LIQ,4,35392.1,0.33,09-12-2003,Nifty Liquid Fund Index,6345.06,6345.06,5920.12,0.56,1.83,3.57,7.2,7.2,6.88,5.44,6.26,0,0,0,0,0,0,0,0,None,0.14,0.13,6.59,0,0.16,0.05,0.29,0.26,Debt : Liquid,0.007% for Day 1 0.0065% on Day 2 0.0060% on Day 3 0.0055% on Day 4 0.0050% on Day 5 0.0045% on Day 6 NIL on or after 7D
Nippon India Low Duration Fund(G),Vivek Sharma,DT-LOWD,4,7513,0.96,20-03-2007,CRISIL Low Duration Debt Index,3733.86,3733.86,3455.61,0.78,2.5,4.17,8.01,7.39,6.97,6.06,6.75,0,0,0,0,0,0,0,0,None,1.22,0.93,7.17,-0.12,0.17,0.1,1.3,0.51,Debt : Low Duration,Nil
Nippon India Money Market Fund(G),Vikash Agarwal,DT-MM,3,17771.8,0.4,15-06-2005,Nifty Money Market Index,4140.12,4140.12,3828.24,0.74,2.51,4.27,8.13,7.8,7.44,6.07,6.83,0,0,0,0,0,0,0,0,None,0.76,0.71,6.84,0.05,0.51,0.23,0.58,0.43,Debt : Money Market,Nil
Nippon India Multi Asset Allocation Fund-Reg(G),Ashutosh Bhargava,HY-MULTI,0,5622.7,1.46,28-08-2020,BSE 500 - TRI,21.13,21.16,18.61,3.32,10.08,3.79,10.78,21.54,18.04,0,0,21.1,3.15,86,86,208083,42.32,10.6,4.12,Financials,3.87,2.91,6.86,0.39,0.37,0.86,0.57,8.63,Hybrid : Multi Asset Allocation,Nil upto 10% of units and 1% for remaining units on or before 12M Nil after 12M
Nippon India Multi Cap Fund(G),Sailesh Raj Bhan,EQ-MLC,3,40261.1,1.54,28-03-2005,Nifty500 Multicap 50:25:25 - TRI,295.76,308.99,250.71,6.63,17.33,-0.58,6.37,27.75,27.04,33.26,14.62,30.17,3.98,20,125,97094,45.48,25.59,25.58,Financials,0,0,0,0.5,0.39,0.81,0.92,14.2,Equity : Multi Cap,Nil upto 10% of units and 1% for remaining units on or before 12M Nil after 12M
Nippon India Nifty 50 Value 20 Index Fund-Reg(G),Jitendra Tolani,EQ-INDX,0,965.5,0.78,19-02-2021,Nifty50 Value 20 - TRI,18.22,20.78,16.75,0.6,5.69,-7.82,1.17,15.93,15.48,0,0,16.46,3.03,41,20,471857,97.2,2.81,0,Technology,0,0,0,-0.08,0.23,0.5,1,13,Equity : Index Funds,Nil
Nippon India Nifty 500 Equal Weight Index Fund-Reg(G),Jitendra Tolani,EQ-INDX,0,392.1,0.89,10-09-2024,NIFTY500 Equal Weight - TRI,9.36,10.15,7.71,8.91,20.62,-3.01,0,0,0,0,0,25.9,3.24,0,500,35379,20.02,29.5,50.29,Financials,0,0,0,0,0,0,0,0,Equity : Index Funds,NIL
Nippon India Nifty 500 Low Volatility 50 Index Fund-Reg(G),Jitendra Tolani,EQ-INDX,0,0,0,07-05-2025,Nifty500 Low Volatility 50 - TRI,10.2,10.38,9.86,0,0,0,0,0,0,0,0,0,0,0,0,0,0,0,0,None,0,0,0,0,0,0,0,0,Equity : Index Funds,NIL
Nippon India Nifty 500 Momentum 50 Index Fund-Reg(G),Jitendra Tolani,EQ-INDX,0,778.3,0.87,30-09-2024,Nifty500 Momentum 50 - TRI,8.26,10.08,6.87,5.72,16.73,-13.39,0,0,0,0,0,46.06,6.65,0,51,70358,47.62,39.44,11.72,Technology,0,0,0,0,0,0,0,0,Equity : Index Funds,NIL
Nippon India Nifty 500 Quality 50 Index Fund-Reg(G),Jitendra Tolani,EQ-INDX,0,0,0,07-05-2025,Nifty500 Quality 50 - TRI,10.94,10.94,9.87,0,0,0,0,0,0,0,0,0,0,0,0,0,0,0,0,None,0,0,0,0,0,0,0,0,Equity : Index Funds,NIL
Nippon India Nifty AAA CPSE Bond Plus SDL - Apr 2027 Maturity 60:40 Index Fund(G),Vivek Sharma,DT-M&LD,0,3345.4,0.32,29-03-2022,Nifty AAA CPSE Bond Plus SDL Apr 2027 60:40 Index,12.15,12.15,11.14,0.96,3.04,4.68,8.9,7.7,7.65,0,0,0,0,0,0,0,0,0,0,None,1.59,1.43,6.63,0.02,0.16,0.23,0.06,1.45,Debt : Medium to Long Duration,Nil
Nippon India Nifty AAA PSU Bond Plus SDL - Sep 2026 Maturity 50:50 Index Fund-Reg(G),Vivek Sharma,DT-B&PSU,0,409.9,0.38,27-10-2022,Nifty AAA PSU Bond Plus SDL Sep 2026 50:50 Index,12.12,12.12,11.17,0.86,2.69,4.3,8.39,7.43,0,0,0,0,0,0,0,0,0,0,0,None,1.13,1.03,6.55,0,0.31,0.3,0.28,0.83,Debt : Banking & PSU,Nil
Nippon India Nifty Alpha Low Volatility 30 Index Fund(G),Jitendra Tolani,EQ-INDX,0,1346,0.89,19-08-2022,NIFTY Alpha Low-Volatility 30 - TRI,15.59,18.67,13.99,0.85,10.37,-6.78,-3.48,19.75,0,0,0,33.78,5.82,71,31,173177,84.3,14.56,0,Healthcare,0,0,0,-0.1,0.24,0.44,1,13.77,Equity : Index Funds,Nil
Nippon India Nifty Auto Index Fund-Reg(G),Jitendra Tolani,EQ-AUTO,0,30.2,0.86,04-12-2024,NIFTY AUTO - TRI,9.87,10.17,8.38,4.38,13.14,0,0,0,0,0,0,22.51,4.13,0,15,188535,77.73,22,0,Automobile and Ancillaries,0,0,0,0,0,0,0,0,Equity : Sectoral - Auto,NIL
Nippon India Nifty Bank Index Fund-Reg(G),Jitendra Tolani,EQ-INDX,0,152.3,0.82,22-02-2024,NIFTY BANK - TRI,11.84,11.88,10.18,0.98,15.42,5.16,8.6,0,0,0,0,14.88,2.02,30,12,517652,83.78,16.17,0,Financials,0,0,0,-0.08,0.16,0.31,1,14.17,Equity : Index Funds,Nil
Nippon India Nifty G-Sec Jun 2036 Maturity Index Fund-Reg(G),Vivek Sharma,DT-GILT,0,768.7,0.42,19-12-2022,Nifty G-Sec Jun 2036 Index,12.7,12.74,11.28,0.96,5.44,6.87,12.06,9.6,0,0,0,0,0,0,0,0,0,0,0,None,10.95,7.35,6.54,0.03,0.41,0.88,1.12,2.71,Debt : Gilt,Nil
Nippon India Nifty G-Sec Oct 2028 Maturity Index Fund-Reg(G),Vivek Sharma,DT-M&LD,0,141.2,0.37,06-03-2023,Nifty G-Sec Oct 2028 Index,12.17,12.17,11.01,1.3,3.89,5.62,10.31,8.31,0,0,0,0,0,0,0,0,0,0,0,None,3.17,2.79,6.14,0.02,0.43,0.64,0.52,1.39,Debt : Medium to Long Duration,Nil
Nippon India Nifty G-Sec Sep 2027 Maturity Index Fund-Reg(G),Vivek Sharma,DT-GILT,0,398.5,0.4,06-12-2022,Nifty G-Sec Sep 2027 Index,12.08,12.08,11.05,1.05,3.17,4.85,9.28,7.76,0,0,0,0,0,0,0,0,0,0,0,None,2.15,1.92,6.11,0,0.33,0.47,0.45,1.22,Debt : Gilt,Nil
Nippon India Nifty IT Index Fund-Reg(G),Jitendra Tolani,EQ-INDX,0,136.8,0.87,22-02-2024,NIFTY IT - TRI,9.85,12.15,8.62,2.96,-1.74,-15.26,14.23,0,0,0,0,26.86,6.78,36,10,359695,83.27,16.55,0,Technology,0,0,0,-0.08,0.02,0.04,1,23.97,Equity : Index Funds,Nil
Nippon India Nifty Midcap 150 Index Fund-Reg(G),Himanshu Mange,EQ-INDX,0,1613.7,0.8,19-02-2021,Nifty Midcap 150 - TRI,24.03,25.44,20.04,7.19,18.79,-0.87,6,29,26.05,0,0,29.85,4.02,36,149,58040,11.28,83.68,5.02,Financials,0,0,0,-0.07,0.32,0.66,1,16.42,Equity : Index Funds,Nil
Nippon India Nifty Realty Index Fund-Reg(G),Jitendra Tolani,EQ-INDX,0,20.6,0.88,04-12-2024,NIFTY REALTY - TRI,9.02,10.38,7.19,11.33,21.22,0,0,0,0,0,0,25.77,4.32,0,10,71222,36.79,48.57,14.35,Construction,0,0,0,0,0,0,0,0,Equity : Index Funds,NIL
Nippon India Nifty SDL Plus G-Sec - Jun 2029 Maturity 70:30 Index Fund-Reg(G),Vivek Sharma,DT-M&LD,0,327.1,0.39,20-02-2023,Nifty SDL Plus G-Sec Jun 2029 70:30 Index,12.22,12.22,11,1.4,4.17,5.93,10.9,8.76,0,0,0,0,0,0,0,0,0,0,0,None,3.86,3.27,6.46,0.03,0.47,0.75,0.6,1.53,Debt : Medium to Long Duration,Nil
Nippon India Nifty SDL Plus G-Sec-Jun 2028 Maturity 70:30 Index Fund-Reg(G),Vivek Sharma,DT-M&LD,0,412.6,0.4,24-11-2022,Nifty SDL Plus G-Sec Jun 2028 70:30 Index,12.28,12.28,11.14,1.18,3.64,5.49,10.16,8.36,0,0,0,0,0,0,0,0,0,0,0,None,2.78,2.43,6.34,0.02,0.38,0.56,0.49,1.29,Debt : Medium to Long Duration,Nil
Nippon India Nifty Smallcap 250 Index Fund-Reg(G),Himanshu Mange,EQ-INDX,0,2033.5,0.95,16-10-2020,Nifty Smallcap 250 - TRI,32.68,36.07,26.57,10.51,22.38,-6.62,5.23,28.89,24.14,0,0,26.93,3.11,40,250,17324,0,7.88,91.82,Financials,0,0,0,-0.11,0.25,0.47,0.99,19.03,Equity : Index Funds,Nil
Nippon India Nivesh Lakshya Fund(G),Pranay Sinha,DT-LD,0,9762.1,0.64,06-07-2018,CRISIL Long Duration Debt Index,18.2,18.24,16.29,0.59,5.25,5.97,11.04,8.98,10.46,6.47,0,0,0,0,0,0,0,0,0,None,21.91,10.76,6.79,0.04,0.29,0.65,1.23,3.8,Debt : Long Duration,1% on or before 1M Nil after 1M
Nippon India Overnight Fund-Reg(G),Vikash Agarwal,DT-ON,5,7323.4,0.16,18-12-2018,CRISIL Liquid Overnight Index,137.74,137.74,129.42,0.48,1.51,3.12,6.45,6.58,6.35,5.06,0,0,0,0,0,0,0,0,0,None,0.01,0,6.12,-0.02,-0.57,-0.13,0.93,0.17,Debt : Overnight,Nil
Nippon India Pharma Fund(G),Sailesh Raj Bhan,EQ-PHRM,3,8259.6,1.8,05-06-2004,BSE Health Care - TRI,504.39,530.57,438.5,1.76,10.19,-2.71,16.23,30.53,24.1,21.41,14.13,38.18,5.95,14,37,64036,52.6,20.72,26.39,Healthcare,0,0,0,-0.01,0.33,0.72,0.91,13.87,Equity : Sectoral - Pharma,1% on or before 1M Nil after 1M
Nippon India Power & Infra Fund(G),Rahul Modi,EQ-POWER,0,7026.3,1.84,08-05-2004,Nifty Infrastructure - TRI,343.63,383.04,284.09,5.7,19.44,-5.92,-4.89,33.52,33.03,34.6,16.66,26.83,3.49,38,59,106436,57.47,24.03,16.74,Energy,0,0,0,0.49,0.38,0.75,1.1,18.18,Equity : Sectoral - Energy / Power,1% on or before 1M Nil after 1M
Nippon India Quant Fund(G),Ashutosh Bhargava,EQ-THEM,0,95.8,0.94,18-04-2008,BSE 200 - TRI,69.47,74.18,61.49,1.3,11.82,-2.03,4.15,24.08,22.48,24.22,13.18,22.74,3.67,108,35,318242,84.25,14.25,0,Financials,0,0,0,0.44,0.34,0.75,0.98,13.6,Equity : Thematic,0.25% on or before 1M Nil after 1M
Nippon India Retirement Fund-Income Generation(G),Pranay Sinha,HY-SOL,1,155.6,2.08,11-02-2015,CRISIL Hybrid 85+15 - Conservative Index,20.44,20.49,18.53,1.08,6.13,3.49,8.92,10.25,10.91,8.14,7.41,0,0,0,26,406136,17.49,1.74,0.88,Financials,17.83,9.7,6.71,-0.05,0.26,0.62,1.47,4.8,Hybrid : Solution Oriented,NIL
Nippon India Retirement Fund-Wealth Creation(G),Pranay Sinha,HY-SOL,3,3118.5,1.94,11-02-2015,BSE 500 - TRI,28.17,30.67,24.95,2.73,12.24,-4.8,3.84,22.18,19.64,23.22,10.95,0,0,48,64,233059,74.57,14.32,10.58,Financials,0.08,0.07,6.28,0.16,0.27,0.57,1.01,14.23,Hybrid : Solution Oriented,Nil
Nippon India Short Term Fund(G),Sushil Budhia,DT-SD,4,6691.7,0.95,18-12-2002,CRISIL Short Duration Debt Index,52.95,52.95,48.14,1.15,3.78,5.37,9.85,8.25,7.7,6.58,7.15,0,0,0,0,0,0,0,0,None,3.62,2.75,7.14,0,0.24,0.32,0.34,1.09,Debt : Short Duration,Nil
Nippon India Small Cap Fund(G),Samir Rachh,EQ-SML,4,58028.6,1.44,16-09-2010,Nifty Smallcap 250 - TRI,166.97,183.53,138.65,7.79,19.89,-6.89,4.15,26.97,27.2,38.83,21.3,27.4,3.66,16,228,22430,14.66,12.45,67.56,Capital Goods,0,0,0,0.36,0.34,0.63,0.85,16.74,Equity : Small Cap,1% on or before 1Y Nil after 1Y
Nippon India Strategic Debt Fund(G),Sushil Budhia,DT-MD,2,101.7,1.11,26-06-2014,CRISIL Medium Duration Debt Index,15.5,15.51,14.11,0.81,3.62,5.19,9.76,7.96,7.62,8.08,3.41,0,0,0,0,0,0,0,0,None,4.87,3.45,7.33,-0.02,0.17,0.3,0.43,1.47,Debt : Medium Duration,1% on or before 12M Nil after 12M
Nippon India Taiwan Equity Fund-Reg(G),Kinjal Desai,EQ-INTL,0,277,2.43,11-12-2021,Taiwan Capitalization Weighted Stock Index,11.76,12.25,7.62,10.37,4.53,-2.01,8.71,16.66,11.66,0,0,0,0,130,31,0,0,0,0,None,0,0,0,0.2,0.08,0.14,1.33,30.68,Equity : International,1% on or before 3M Nil after 3M
Nippon India Ultra Short Duration Fund(G),Vivek Sharma,DT-USD,3,8766.8,1.11,06-12-2001,CRISIL Ultra Short Term Debt Index,4013.63,4013.63,3736.14,0.66,2.14,3.8,7.41,7.14,6.78,6.48,5.92,0,0,0,0,0,0,0,0,None,0.63,0.44,7.11,-0.1,0.13,0.05,1.16,0.36,Debt : Ultra Short Duration,Nil
Nippon India US Equity Opp Fund(G),Kinjal Desai,EQ-INTL,0,642.1,2.41,23-07-2015,S&P 500 - TRI,33.93,36.82,29.38,5.28,-2.53,-1.96,12.08,17.97,14.95,12.53,0,0,0,18,27,0,0,0,0,None,0,0,0,0.37,0.16,0.29,0.57,16.59,Equity : International,1% on or before 1M Nil after 1M
Nippon India Value Fund(G),Dhrumil Shah,EQ-VAL,4,8382.6,1.83,08-06-2005,NIFTY 500 - TRI,221.2,238.76,196.15,2.71,12.27,-2.96,4.44,28.85,24.39,29.19,15.46,23.06,2.94,46,73,156681,57.78,20.32,17.85,Financials,0,0,0,0.41,0.34,0.75,1.03,14.69,Equity : Value / Contra,Nil upto 10% of units and 1% for remaining units on or before 12M Nil after 12M
Nippon India Vision Fund(G),Amar Kalkundrikar,EQ-L&M,3,5718.8,1.93,08-10-1995,NIFTY LargeMidcap 250 - TRI,1430.64,1504.57,1248.56,2.28,13.33,-1.76,6.5,26.76,22.88,27.13,12.38,27.96,3.87,78,79,177149,60.42,38.56,0,Financials,0,0,0,0.19,0.34,0.72,0.94,13.73,Equity : Large & Mid Cap,Nil upto 10% of units and 1% for remaining units on or before 12M Nil after 12M
NJ Balanced Advantage Fund-Reg(G),Viral Shah,HY-EQ,0,3747.9,1.89,29-10-2021,NIFTY 50 Hybrid Composite Debt 50:50 Index,13.35,14.64,12.38,2.15,6.3,-2.2,1.14,13.83,12.42,0,0,25.51,4.8,320,109,162689,50.33,24.62,9.4,Energy,0.28,0.27,5.98,0.02,0.2,0.43,0.6,8.76,Hybrid : Equity Oriented,Nil upto 5% of units and 1% for remaining units on or before 30D Nil after 30D
NJ ELSS Tax Saver Scheme-Reg(G),Viral Shah,EQ-ELSS,0,257.3,2.31,16-06-2023,NIFTY 500 - TRI,14.13,16.24,12.44,3.69,12.48,-4.42,1.22,0,0,0,0,33.4,6.33,123,25,44219,8.2,59.52,31.77,Healthcare,0,0,0,-0.08,0.24,0.46,1.12,16.44,Equity : Tax Saving (ELSS),Nil
NJ Flexi Cap Fund-Reg(G),Dhaval Patel,EQ-FLEX,0,2144.3,2.02,05-09-2023,NIFTY 500 - TRI,13.07,16.13,11.74,3,10.13,-7.38,-4.11,0,0,0,0,26.82,6.57,78,50,104625,48.32,33.92,12.88,Healthcare,0,0,0,-0.13,0.18,0.37,1.14,18.13,Equity : Flexi Cap,Nil upto 5% of units and 1% for remaining units on or before 30D Nil after 30D
Old Bridge Focused Equity Fund-Reg(G),Tarang Agrawal,EQ-FLEX,0,1465.1,2.15,24-01-2024,BSE 500 - TRI,11.89,12.9,10.41,3.76,13.58,-1.49,12.61,0,0,0,0,22.15,3.03,23,23,53203,38.87,19.52,38.21,Healthcare,0,0,0,0.32,0.15,0.29,1.04,16.28,Equity : Flexi Cap,1% on or before 365D Nil after 365D
Parag Parikh Arbitrage Fund-Reg(G),Rajeev Thakkar,HY-ARB,0,1427.3,0.64,02-11-2023,Nifty 50 Arbitrage - TRI,11.16,11.16,10.46,0.35,1.63,3.19,6.93,0,0,0,0,17.24,2.29,0,89,232815,51.3,11.78,3.69,Financials,0.39,0.36,6.48,0.03,0.28,0.15,0.13,0.45,Hybrid : Arbitrage,0.25% on or before 30D Nil after 30D
Parag Parikh Conservative Hybrid Fund-Reg(G),Rajeev Thakkar,HY-DT(CO),0,2550.3,0.64,26-05-2021,CRISIL Hybrid 85+15 - Conservative Index,15.06,15.07,13.54,1.24,4.96,4.86,9.94,13.63,12.18,0,0,13.75,3,0,19,201147,9.62,2.3,0.99,Energy,3.95,3.18,6.66,0.21,0.47,1.09,0.84,3.25,Hybrid : Debt Oriented (Conservative),Nil upto 10% of units For remaining units 1% on or before 365D and Nil after 365D
Parag Parikh Dynamic Asset Allocation Fund-Reg(G),Rajeev Thakkar,HY-DYN,0,1919.7,0.63,27-02-2024,CRISIL Hybrid 50+50 - Moderate Index,11.27,11.31,10.27,0.58,4.5,3.5,8.81,0,0,0,0,17.18,2.9,0,68,250240,28.08,4.71,3.19,Energy,4.05,3.21,6.65,0.24,0.36,0.88,0.18,2.97,Hybrid : Dynamic Asset Allocation,Nil upto 10% of units and 1% for remaining units on or before 1Y Nil after 1Y
Parag Parikh ELSS Tax Saver Fund-Reg(G),Rajeev Thakkar,EQ-ELSS,0,5084.7,1.71,24-07-2019,NIFTY 500 - TRI,31.26,32.02,27.12,2,9.52,1.79,12.73,21.62,19.83,25.76,0,18.61,2.24,16.42,31,264621,69.92,2.51,8.32,Financials,0,0,0,0.43,0.38,0.87,0.66,9.98,Equity : Tax Saving (ELSS),Nil
Parag Parikh Flexi Cap Fund-Reg(G),Rajeev Thakkar,EQ-FLEX,5,98541.3,1.27,28-05-2013,NIFTY 500 - TRI,82.16,83.31,72.2,1.63,7.76,1.55,11.97,22.96,20.98,26.02,17.29,17.37,3.13,30.55,85,340033,61.5,2.44,2.26,Financials,0,0,0,0.56,0.42,0.95,0.61,9.68,Equity : Flexi Cap,Nil upto 10% of units. For remaining units 2% on or before 365D 1% after 365D but on or before 730D Nil after 730D
Parag Parikh Liquid Fund-Reg(G),Raj Mehta,DT-LIQ,3,3059.1,0.2,11-05-2018,CRISIL Liquid Debt Index,1442.58,1442.58,1350.34,0.55,1.71,3.38,6.86,6.85,6.51,5.15,0,0,0,0,0,0,0,0,0,None,0.12,0.11,6.35,-0.04,-0.2,-0.06,1.05,0.21,Debt : Liquid,0.007% for Day 1 0.0065% on Day 2 0.0060% on Day 3 0.0055% on Day 4 0.0050% on Day 5 0.0045% on Day 6 NIL on or after 7D
PGIM India Arbitrage Fund-Reg(G),Chetan Chavan,HY-ARB,2,105.1,1.09,27-08-2014,Nifty 50 Arbitrage,18.31,18.31,17.14,0.41,1.88,3.33,7,7,6.39,5.18,5.53,21.83,2.61,142,22,210631,35.97,28.13,0.83,Energy,0.02,0.02,7.11,-0.05,-0.17,-0.13,0.59,0.55,Hybrid : Arbitrage,0.25% on or before 30D Nil after 30D
PGIM India Balanced Advantage Fund-Reg(G),Utsav Mehta,HY-DYN,0,967.5,2.19,04-02-2021,CRISIL Hybrid 50+50 - Moderate Index,15.17,15.49,13.73,1.68,9.83,0.94,7.79,11.96,11.37,0,0,30.23,4.63,47,52,318769,57.06,10.79,3.96,Financials,9.81,5.53,6.61,-0.12,0.17,0.37,0.68,9.09,Hybrid : Dynamic Asset Allocation,0.50% on or before 90D Nil after 90D
PGIM India Corp Bond Fund(G),Puneet Pal,DT-CORP,0,91.3,1.01,30-01-2003,CRISIL Composite Bond Index,43.37,43.38,39.52,1.18,4,5.32,9.59,7.84,7.26,6.31,6.63,0,0,0,0,0,0,0,0,None,4.99,3.72,6.94,-0.03,0.13,0.18,0.32,1.12,Debt : Corporate Bond,Nil
PGIM India CRISIL IBX Gilt Index - Apr 2028 Fund-Reg(G),Puneet Pal,DT-M&LD,0,27.2,0.41,22-02-2023,CRISIL IBX Gilt Index - April 2028,12.07,12.07,10.99,1.09,3.38,5.13,9.67,7.9,0,0,0,0,0,0,0,0,0,0,0,None,2.51,2.19,6.13,0.02,0.43,0.59,0.47,1.25,Debt : Medium to Long Duration,Nil
PGIM India Dynamic Bond Fund(G),Puneet Pal,DT-DYN,3,120.4,1.64,12-01-2012,CRISIL Dynamic Bond Index,2661.18,2666.96,2412.82,0.56,4.58,5.27,9.76,8.36,7.6,5.69,7.17,0,0,0,0,0,0,0,0,None,20.3,8.68,6.67,-0.33,0.16,0.39,1.32,1.93,Debt : Dynamic Bond,Nil
PGIM India ELSS Tax Saver Fund-Reg(G),Sharma Vivek,EQ-ELSS,4,764,2.25,11-12-2015,NIFTY 500 - TRI,34.25,36.17,30.55,1.07,11.55,-1.13,8.67,15.08,15.14,22.3,0,33.42,5.18,33,61,244929,71.45,14.25,11.14,Financials,0,0,0,-0.11,0.21,0.44,0.85,12.44,Equity : Tax Saving (ELSS),Nil
PGIM India Equity Savings Fund(G),Anandha Padmanabhan Anjeneyan,HY-EQ,1,70.6,1.32,05-02-2004,NIFTY 50 Equity Savings Index,48.88,48.9,45.68,0.47,3.54,2.65,6.84,7.82,7.22,9.39,7.09,27.38,3.31,29,39,426694,62.9,4.71,0.42,Financials,4.33,3.22,6.35,-0.03,0.09,0.2,0.38,2.21,Hybrid : Equity Oriented,Nil
PGIM India Flexi Cap Fund-Reg(G),Anandha Padmanabhan Anjeneyan,EQ-FLEX,5,6143.3,1.78,04-03-2015,NIFTY 500 - TRI,35.3,37.82,31.1,1.97,12.74,-1.49,8.6,15.23,14.22,22.37,13.34,33.77,5.14,39,58,221606,69.55,16.95,10.62,Financials,0,0,0,-0.24,0.18,0.37,0.93,13.4,Equity : Flexi Cap,0.50% on or before 90D Nil after 90D
PGIM India Gilt Fund(G),Puneet Pal,DT-GILT,2,117.2,1.49,27-10-2008,CRISIL Dynamic Gilt Index,30.65,30.73,27.76,0.54,4.86,5.37,9.81,8.51,7.87,5.74,7.1,0,0,0,0,0,0,0,0,None,21.9,9.29,6.65,-0.05,0.17,0.43,0.7,2.25,Debt : Gilt,Nil
PGIM India Healthcare Fund-Reg(G),Anandha Padmanabhan Anjeneyan,EQ-PHRM,0,107.5,2.38,06-12-2024,BSE Health Care - TRI,9.6,10.22,8.73,0.42,9.04,0,0,0,0,0,0,45.36,6.81,5,29,65452,46.34,17.16,31.56,Healthcare,0,0,0,0,0,0,0,0,Equity : Sectoral - Pharma,0.50% on or before 90D Nil after 90D
PGIM India Hybrid Equity Fund(G),Sharma Vivek,HY-EQ,3,210.8,2.33,05-02-2004,CRISIL Hybrid 35+65 - Aggressive Index,127.56,129.86,115.62,0.89,8.52,0.47,9.14,13.63,13.58,15.66,8.24,32.35,5.04,22,42,295952,52.18,10.25,6.09,Financials,9.85,5.72,6.45,-0.02,0.23,0.51,0.99,9.73,Hybrid : Equity Oriented,0.50% on or before 90D Nil after 90D
PGIM India Large and Mid Cap Fund(G),Vinay Paharia,EQ-L&M,0,649.4,2.32,12-02-2024,NIFTY LargeMidcap 250 - TRI,12.22,12.67,10.63,2.71,13.8,0.17,10.38,0,0,0,0,35.5,5.3,28,60,211267,64.32,27.99,4.06,Financials,0,0,0,0.22,0.17,0.33,0.94,14.67,Equity : Large & Mid Cap,0.50% on or before 90D Nil after 90D
PGIM India Large Cap Fund(G),Anandha Padmanabhan Anjeneyan,EQ-LC,1,593.4,2.38,30-01-2003,NIFTY 100 - TRI,333.4,359.62,296.66,0.49,11.53,-0.18,4.95,13.48,13.93,17.59,10.16,29.44,4.64,40,42,446224,89.57,7.23,0,Financials,0,0,0,-0.04,0.2,0.42,0.9,12.2,Equity : Large Cap,0.50% on or before 90D Nil after 90D
PGIM India Liquid Fund(G),Bhupesh Kalyani,DT-LIQ,3,471.9,0.22,04-09-2007,CRISIL Liquid Debt Index,338.48,338.48,315.68,0.56,1.85,3.6,7.25,7.22,6.9,5.46,6.28,0,0,0,0,0,0,0,0,None,0.13,0.12,6.48,-0.01,0.18,0.06,1.22,0.26,Debt : Liquid,0.007% for Day 1 0.0065% on Day 2 0.0060% on Day 3 0.0055% on Day 4 0.0050% on Day 5 0.0045% on Day 6 NIL on or after 7D
PGIM India Midcap Opp Fund-Reg(G),Sharma Vivek,EQ-MID,5,10601.9,1.71,02-12-2013,Nifty Midcap 150 - TRI,63.13,67.39,54.2,4.85,14.43,-2.03,8.47,18.27,16.57,29.35,15,46.25,7.16,42,73,70202,34.94,52.26,9.15,Financials,0,0,0,-0.48,0.21,0.41,0.85,14.72,Equity : Mid Cap,0.50% on or before 90D Nil after 90D
PGIM India Money Market Fund-Reg(G),Puneet Pal,DT-MM,0,183,0.46,06-03-2020,CRISIL Money Market Index,1323.9,1323.9,1228.15,0.71,2.44,4.1,7.78,7.36,7,5.43,0,0,0,0,0,0,0,0,0,None,0.77,0.72,6.71,0.01,0.21,0.11,0.6,0.45,Debt : Money Market,Nil
PGIM India Multi Cap Fund-Reg(G),Sharma Vivek,EQ-MLC,0,363.9,2.38,10-09-2024,Nifty500 Multicap 50:25:25 - TRI,9.49,10.21,8.31,3.96,13.57,-2.47,0,0,0,0,0,32.65,5.05,12,80,104276,45.91,27.42,22.33,Financials,0,0,0,0,0,0,0,0,Equity : Multi Cap,0.50% on or before 90D Nil after 90D
PGIM India Overnight Fund-Reg(G),Bhupesh Kalyani,DT-ON,0,40.5,0.15,27-08-2019,Nifty 1D Rate Index,1325.73,1325.73,1245.72,0.48,1.5,3.11,6.44,6.58,6.34,5.08,0,0,0,0,0,0,0,0,0,None,0,0,6.13,-0.01,-0.58,-0.14,0.85,0.18,Debt : Overnight,Nil
PGIM India Retirement Fund-Reg(G),Vinay Paharia,HY-SOL,0,80.6,2.32,15-04-2024,BSE 500 - TRI,11.84,12.31,10.2,3.24,15.49,-0.25,12.84,0,0,0,0,0,0,26,76,122764,50.08,20.76,24.8,Financials,0,0,0,0.47,0.16,0.3,1.04,16.28,Hybrid : Solution Oriented,Nil
PGIM India Small Cap Fund-Reg(G),Utsav Mehta,EQ-SML,0,1398.7,2.09,29-07-2021,Nifty Smallcap 250 - TRI,15.54,16.95,13.23,8,17.31,-5.19,10.78,19.53,15.45,0,0,42,5.52,63,60,18352,6.13,20.61,67.59,Healthcare,0,0,0,-0.46,0.16,0.29,0.79,16.08,Equity : Small Cap,0.50% on or before 90D Nil after 90D
PGIM India Ultra Short Duration Fund(G),Puneet Pal,DT-USD,4,198.1,0.92,04-07-2008,CRISIL Ultra Short Term Debt Index,33.94,33.94,31.71,0.6,2.02,3.61,7.05,6.84,6.51,5.32,7.13,0,0,0,0,0,0,0,0,None,0.48,0.45,6.86,-0.11,-0.09,-0.03,1.06,0.33,Debt : Ultra Short Duration,Nil
Quant Absolute Fund(G),Sandeep Tandon,HY-EQ,5,2053.7,2.02,20-03-2001,NIFTY 50 Hybrid Composite Debt 65:35 Index,415.47,449.31,363.7,3.57,13.88,0.07,-3.45,17.16,14.71,26.84,15.31,29.12,3.24,190,14,301383,64.07,2.8,0,Financials,0,0,0,0,0.19,0.39,0.86,12.96,Hybrid : Equity Oriented,1% on or before 15D Nil after 15D
Quant Active Fund(G),Sandeep Tandon,EQ-MLC,5,9549.3,1.73,20-03-2001,NIFTY 500 - TRI,624.29,731.25,542.54,4.43,14.3,-6.99,-10.56,18.08,16.35,29.51,17.66,21.4,2.77,164,52,78521,35.64,21.84,30.38,Energy,103,0,0,-0.42,0.18,0.33,1.06,16.87,Equity : Multi Cap,1% on or before 15D Nil after 15D
Quant Arbitrage Fund-Reg(G),Sanjeev Sharma,HY-ARB,0,0,0.89,04-04-2025,Nifty 50 Arbitrage - TRI,10.1,10.1,10,0.36,0,0,0,0,0,0,0,0,0,0,0,0,0,0,0,None,0,0,0,0,0,0,0,0,Hybrid : Arbitrage,0.25% on or before 1M Nil after 1M
Quant BFSI Fund-Reg(G),Sandeep Tandon,EQ-FIN,0,580,2.35,20-06-2023,Nifty Financial Services - TRI,16.57,17.86,13.77,6.22,19.17,3.97,-3.35,0,0,0,0,20.43,1.44,519,11,96320,39.46,2.61,24.86,Financials,0,0,0,1.14,0.3,0.59,0.56,18.62,Equity : Sectoral - Financial Services,1% on or before 15D Nil after 15D
Quant Business Cycle Fund-Reg(G),Sandeep Tandon,EQ-THEM,0,1274.9,2.09,30-05-2023,NIFTY 500 - TRI,16.09,19.42,13.83,5.34,15.79,-9.2,-4.77,26.64,0,0,0,22.35,2.39,294,23,65234,39.96,8.77,33.1,Healthcare,0,0,0,0.28,0.31,0.58,1.19,18.4,Equity : Thematic,1% on or before 15D Nil after 15D
Quant Commodities Fund-Reg(G),Sandeep Tandon,EQ-THEM,0,367.5,2.42,27-12-2023,NIFTY COMMODITIES - TRI,13.03,15.34,11.29,6.27,14.83,-9.13,-0.54,0,0,0,0,19.64,2.43,379,15,73519,45.7,4.87,36.2,Energy,0,0,0,0.77,0.19,0.35,1.02,20.99,Equity : Thematic,1% on or before 15D Nil after 15D
Quant Consumption Fund-Reg(G),Sandeep Tandon,EQ-CONS,0,283.4,2.42,24-01-2024,Nifty India Consumption - TRI,10.21,12.03,9.07,1.85,12.28,-7.27,-3.13,0,0,0,0,49.04,3.71,365,14,41875,14.5,25.75,41.84,FMCG,0,0,0,-1.04,-0.08,-0.15,0.86,15.7,Equity : Thematic - Consumption,1% on or before 15D Nil after 15D
Quant Dynamic Asset Allocation Fund-Reg(G),Sandeep Tandon,HY-DYN,0,1220.4,2.13,12-04-2023,NIFTY 50 Hybrid Composite Debt 50:50 Index,16.47,17.6,14.26,3.77,14.95,-0.36,0.13,27.43,0,0,0,29.83,2.76,290,10,213577,55.36,5.05,5.94,Financials,0,0,0,0.57,0.35,0.8,0.98,14.99,Hybrid : Dynamic Asset Allocation,1% on or before 15D Nil after 15D
Quant ELSS Tax Saver Fund(G),Sandeep Tandon,EQ-ELSS,5,10873.1,1.64,13-04-2000,NIFTY 500 - TRI,355.97,416.78,307.59,3.56,15.21,-5.07,-11.16,21.16,18.02,32.96,19.66,24.67,2.67,104,37,200792,79.15,7.06,6.53,Energy,0,0,0,-0.13,0.2,0.4,1.11,17.03,Equity : Tax Saving (ELSS),Nil
Quant ESG Equity Fund-Reg(G),Sandeep Tandon,EQ-THEM,0,284.4,2.41,05-11-2020,NIFTY100 ESG - TRI,33.05,37.75,28.1,6.02,17.34,-4.8,-2.24,23.18,20.34,0,0,30.52,2.73,392,14,131041,56.81,4.82,23.82,Financials,0,0,0,0.29,0.23,0.49,1.05,16.72,Equity : Thematic,1% on or before 15D Nil after 15D
Quant Flexi Cap Fund(G),Sandeep Tandon,EQ-FLEX,5,7016.4,1.78,23-09-2008,NIFTY 500 - TRI,96.38,111.94,83.86,1.99,14.23,-3.68,-7.73,22.68,20.72,32.69,18.66,25.49,3.06,251,34,153194,55,15.89,11.73,Energy,0,0,0,0.12,0.25,0.52,1.09,16.87,Equity : Flexi Cap,1% on or before 15D Nil after 15D
Quant Focused Fund(G),Sandeep Tandon,EQ-LC,0,1021.2,2.18,01-08-2008,NIFTY 500 - TRI,84.39,97.22,74.87,3.53,12.01,-4.75,-6.54,21.21,17.29,23.48,14.41,25.15,2.51,438,14,279084,71.53,3.86,3.93,Energy,0,0,0,-0.13,0.2,0.42,1.03,15.56,Equity : Large Cap,1% on or before 15D Nil after 15D
Quant Gilt Fund-Reg(G),Sanjeev Sharma,DT-GILT,0,142.2,1.41,21-12-2022,CRISIL Dynamic Gilt Index,11.96,11.97,10.96,0.69,3.85,4.82,8.95,7.36,0,0,0,0,0,0,0,0,0,0,0,None,12.99,6.97,6.37,-0.07,0.2,0.35,0.87,1.48,Debt : Gilt,Nil
Quant Healthcare Fund-Reg(G),Sandeep Tandon,EQ-PHRM,0,396,2.39,17-07-2023,Nifty India Consumption - TRI,15.41,17.63,13.08,5.79,17.56,-5.87,9.34,0,0,0,0,35.76,4.11,148,14,28446,26.52,6.74,51.98,Healthcare,0,0,0,0.45,0.29,0.6,0.99,18.86,Equity : Sectoral - Pharma,1% on or before 15D Nil after 15D
Quant Infrastructure Fund(G),Sandeep Tandon,EQ-INFRA,5,3172.9,1.91,26-08-2007,Nifty Infrastructure - TRI,37.14,44.31,32.08,6.25,15.41,-7.73,-14.11,26.63,21.95,39.86,18.26,22.24,2.77,224,27,90496,52.79,8.67,27.31,Energy,0,0,0,-0.3,0.23,0.46,1.18,20.17,Equity : Sectoral - Infrastructure,0.50% on or before 3M Nil after 3M
Quant Large & Mid Cap Fund(G),Sandeep Tandon,EQ-L&M,0,3644.8,1.88,11-12-2006,NIFTY LargeMidcap 250 - TRI,115.42,132.04,99.62,3.35,14.66,-4,-8.64,25.16,20.97,25.34,16.42,23.66,3.64,229,31,141044,43.8,37.73,5.88,Energy,0,0,0,-0.05,0.26,0.53,1.02,16.13,Equity : Large & Mid Cap,1% on or before 15D Nil after 15D
Quant Large Cap Fund-Reg(G),Sandeep Tandon,EQ-LC,0,2520,1.92,10-08-2022,NIFTY 100 - TRI,14.55,16.38,12.84,4.03,12.51,-4.68,-4.97,21.14,0,0,0,27.49,2.76,396,22,250633,74.36,3.24,3.46,Financials,0,0,0,-0.02,0.16,0.33,1.04,14.7,Equity : Large Cap,1% on or before 15D Nil after 15D
Quant Liquid Plan(G),Sanjeev Sharma,DT-LIQ,5,1678.9,0.52,29-09-2005,CRISIL Liquid Debt Index,41.12,41.12,38.43,0.55,1.7,3.47,7,6.95,6.62,5.6,6.42,0,0,0,0,0,0,0,0,None,0.08,0.08,6.41,-0.03,-0.07,-0.02,1.1,0.23,Debt : Liquid,0.007% for Day 1 0.0065% on Day 2 0.0060% on Day 3 0.0055% on Day 4 0.0050% on Day 5 0.0045% on Day 6 NIL on or after 7D
Quant Manufacturing Fund-Reg(G),Sandeep Tandon,EQ-THEM,0,842.8,2.25,14-08-2023,Nifty India Manufacturing - TRI,14.68,17.81,12.81,5.83,14.03,-9.57,-8.11,0,0,0,0,32.81,2.75,240,22,35537,31,9.04,45.87,Energy,0,0,0,-0.21,0.22,0.42,0.99,19.36,Equity : Thematic,1% on or before 15D Nil after 15D
Quant Mid Cap Fund(G),Sandeep Tandon,EQ-MID,5,8775.8,1.74,26-02-2001,Nifty Midcap 150 - TRI,218.29,253.48,186.32,3.37,16.08,-4.25,-10.98,26.41,22.47,32.93,16.54,20.35,3.53,189,28,92470,17.15,60.39,7.47,Energy,0,0,0,-0.13,0.27,0.55,0.91,16.8,Equity : Mid Cap,0.50% on or before 3M Nil after 3M
Quant Momentum Fund-Reg(G),Sandeep Tandon,EQ-THEM,0,1686.5,2.09,20-11-2023,NIFTY 500 - TRI,14.34,16.24,12.49,4.88,14.27,-3,-5.03,0,0,0,0,24.58,2.72,415,14,204495,56.64,10.66,6.98,Financials,0,0,0,0.49,0.26,0.57,1.1,18.9,Equity : Thematic,1% on or before 15D Nil after 15D
Quant Multi Asset Fund(G),Sandeep Tandon,HY-MULTI,5,3282,1.88,20-03-2001,BSE 200 - TRI,139.52,141.32,123,3.9,13.14,0.57,3.32,25.81,21.37,32.36,17.11,29.44,2.78,0,9,293547,35.49,6.66,1.86,Financials,1.42,0.91,5.84,0.77,0.31,0.71,4.6,12.54,Hybrid : Multi Asset Allocation,1% on or before 15D Nil after 15D
Quant Overnight Fund-Reg(G),Sanjeev Sharma,DT-ON,0,213.8,0.22,05-12-2022,CRISIL Liquid Overnight Index,11.78,11.78,11.06,0.48,1.45,3.05,6.46,6.82,0,0,0,0,0,0,0,0,0,0,0,None,0.01,0.01,5.74,0.03,0.26,0.05,1.38,0.16,Debt : Overnight,Nil
Quant PSU Fund-Reg(G),Sandeep Tandon,EQ-THEM,0,717.2,2.34,20-02-2024,NIFTY PSE - TRI,10.34,12.86,8.79,2.5,17.26,-5.93,-14.41,0,0,0,0,13.35,1.94,543,16,223844,57.51,13.01,3.1,Energy,0,0,0,-0.3,-0.01,-0.03,0.9,21.04,Equity : Thematic,1% on or before 15D Nil after 15D
Quant Quantamental Fund-Reg(G),Sandeep Tandon,EQ-THEM,0,1901.5,2.04,30-04-2021,NIFTY 200 - TRI,22.42,25.74,19.62,5.17,13.95,-3.66,-9.57,23.84,25.2,0,0,23.7,2.38,365,20,229212,59.66,8.58,7.77,Financials,0,0,0,0.48,0.31,0.67,1.03,16.15,Equity : Thematic,1% on or before 15D Nil after 15D
Quant Small Cap Fund(G),Sandeep Tandon,EQ-SML,5,26221.5,1.58,16-10-1996,Nifty Smallcap 250 - TRI,251.53,284.29,213.99,6.02,16.94,-8.58,-2.92,27.53,27.25,47.09,19.48,24.91,2.37,79,87,32122,22.09,0,67.57,Financials,3.17,0,0,0.33,0.32,0.63,0.88,17.79,Equity : Small Cap,1% on or before 1Y Nil after 1Y
Quant Teck Fund-Reg(G),Sandeep Tandon,EQ-TECH,0,377.5,2.4,11-09-2023,NIFTY IT - TRI,12.62,14.1,10.58,7.36,16.39,-9.45,4.94,0,0,0,0,21.05,2.77,395,13,20711,19.99,8.83,52.53,Media and Communications,0,0,0,0.23,0.12,0.23,0.65,20.13,Equity : Sectoral - Technology,1% on or before 15D Nil after 15D
Quant Value Fund-Reg(G),Sandeep Tandon,EQ-VAL,0,1734.3,2.01,30-11-2021,NIFTY 500 - TRI,19.26,22.21,16.72,5.32,14.79,-7.54,-8.49,28.91,25.12,0,0,23.17,2.26,283,26,87498,47.86,6.73,29.64,Financials,0,0,0,0.28,0.27,0.57,1.19,19.08,Equity : Value / Contra,1% on or before 15D Nil after 15D
Quantum Dynamic Bond Fund-Reg(G),Sneha Pandey,DT-DYN,0,116.2,0.96,19-05-2015,CRISIL Dynamic Bond Index,21.71,21.73,19.6,0.86,5.6,5.94,10.23,9.3,8.84,6.68,7.93,0,0,0,0,0,0,0,0,None,13.84,7.3,6.57,-0.29,0.3,0.58,1.52,2.21,Debt : Dynamic Bond,Nil
Quantum ELSS Tax Saver Fund-Reg(G),George Thomas,EQ-ELSS,2,215.7,1.99,23-12-2008,BSE 500 - TRI,123.11,130.04,111.7,2.23,8.9,-1.98,7.63,22.33,19.48,23.46,12.39,20.18,2.83,13.67,30,219615,60.52,14.92,12.44,Financials,0,0,0,0.29,0.31,0.73,0.83,12.03,Equity : Tax Saving (ELSS),Nil
Quantum ESG Best In Class Strategy Fund-Reg(G),Chirag Mehta,EQ-THEM,0,94.7,2.1,12-07-2019,NIFTY100 ESG - TRI,23.72,25.91,21.16,3.59,10.94,-2.84,8.94,16.32,15.28,20.5,0,34.67,5.12,15.56,59,97598,49.27,24.95,21.4,Financials,0,0,0,0.05,0.21,0.43,0.9,12.63,Equity : Thematic,Nil upto 10% of units and 1% for remaining units on or before 365D Nil after 365D
Quantum Ethical Fund-Reg(G),Chirag Mehta,EQ-THEM,0,51.3,2.1,20-12-2024,Nifty500 Shariah - TRI,9.8,10.11,8.69,5.39,10.76,0,0,0,0,0,0,35.39,6.1,0,46,59871,32.23,22.8,32.22,Automobile and Ancillaries,0,0,0,0,0,0,0,0,Equity : Thematic,Nil upto 10% of units and 1% for remaining units on or before 365D Nil after 365D
Quantum Liquid Fund-Reg(G),Sneha Pandey,DT-LIQ,2,558.3,0.25,07-04-2006,CRISIL Liquid Debt Index,34.85,34.85,32.63,0.53,1.66,3.33,6.82,6.89,6.59,5.2,5.74,0,0,0,0,0,0,0,0,None,0.13,0.12,6.25,-0.03,-0.17,-0.05,1.08,0.22,Debt : Liquid,0.007% for Day 1 0.0065% on Day 2 0.0060% on Day 3 0.0055% on Day 4 0.0050% on Day 5 0.0045% on Day 6 NIL on or after 7D
Quantum Multi Asset Allocation Fund-Reg(G),Chirag Mehta,HY-MULTI,0,33.9,1.96,07-03-2024,CRISIL Short Term Bond Index,11.45,11.49,10.29,1.6,7.63,4.96,10.43,0,0,0,0,22.03,3.13,124.42,40,254248,33.42,6.19,4.49,Financials,0,0,0,0.29,0.28,0.63,0.45,5.95,Hybrid : Multi Asset Allocation,1% on or before 90D Nil after 90D
Quantum Small Cap Fund-Reg(G),Chirag Mehta,EQ-SML,0,115,2.1,03-11-2023,BSE 250 Small Cap - TRI,12.43,12.79,10.39,11.8,19.44,-0.96,13.23,0,0,0,0,23.21,2.66,11.29,52,13604,9.46,5.86,69.85,Financials,0,0,0,-0.05,0.11,0.22,0.64,15.25,Equity : Small Cap,Nil upto 10% of units and 1% for remaining units on or before 365D Nil after 365D
Quantum Value Fund-Reg(G),George Thomas,EQ-VAL,2,1156.8,2,13-03-2006,BSE 500 - TRI,124.05,131.05,112.57,2.23,8.97,-1.98,7.82,22.63,19.62,23.62,12.35,20.19,2.83,14.92,30,221645,60.57,14.8,12.17,Financials,0,0,0,0.3,0.31,0.73,0.84,12.12,Equity : Value / Contra,Nil upto 10% of units on or before 730D For remaining units 2% on or before 365D and 1% after 365D but before 730D Nil after 730D
Samco Active Momentum Fund-Reg(G),Umeshkumar Mehta,EQ-THEM,0,860.1,2.25,05-07-2023,NIFTY 500 - TRI,13.95,15.94,12.66,1.4,0.73,-8.8,1.32,0,0,0,0,40.61,4.59,892,34,65649,31.8,30.84,25.25,Financials,0,0,0,0.19,0.22,0.5,0.86,16.47,Equity : Thematic,1% on or before 365D Nil after 365D
Samco Arbitrage Fund-Reg(G),Umeshkumar Mehta,HY-ARB,0,38.5,1.63,29-11-2024,Nifty 50 Arbitrage - TRI,10.25,10.25,10,0.2,1.18,2.4,0,0,0,0,0,23.26,4.51,0,12,492032,59.56,7.26,0,Financials,0,0,0,0,0,0,0,0,Hybrid : Arbitrage,0.25% on or before 7D Nil after 7D
Samco Dynamic Asset Allocation Fund-Reg(G),Umeshkumar Mehta,HY-DYN,0,478.3,2.41,28-12-2023,NIFTY 50 Hybrid Composite Debt 50:50 Index,10.34,11.64,9.92,2.71,1.59,-5.79,-4.74,0,0,0,0,32.65,4.42,901,58,92102,49.04,12.21,15.54,Financials,2.05,1.83,5.71,-0.71,-0.1,-0.18,0.75,11.89,Hybrid : Dynamic Asset Allocation,Nil upto 25% of units and 1% for remaining units on or before 12M Nil after 12M
Samco ELSS Tax Saver Fund-Reg(G),Nirali Bhansali,EQ-ELSS,0,110.1,2.37,22-12-2022,NIFTY 500 - TRI,13.45,15.43,10.82,10.44,23.2,-9.81,-5.53,12.17,0,0,0,30.25,5.78,181,37,39574,14.01,43.44,41.95,Financials,0,0,0,-0.61,0.1,0.15,1.1,18.08,Equity : Tax Saving (ELSS),Nil
Samco Flexi Cap Fund-Reg(G),Nirali Bhansali,EQ-FLEX,0,443.1,2.41,04-02-2022,NIFTY 500 - TRI,10.68,12.73,8.83,9.4,19.39,-12.77,-12.04,3.78,5.96,0,0,37.46,6.38,243,28,40457,15.43,38.4,43.91,Financials,0,0,0,-1.1,0,0,1.11,18.17,Equity : Flexi Cap,Nil upto 10% of units and 1% for remaining units on or before 12M Nil after 12M
Samco Large & Mid Cap Fund-Reg(G),Umeshkumar Mehta,EQ-L&M,0,0,0,00-01-1900,NIFTY LargeMidcap 250 - TRI,0,0,0,0,0,0,0,0,0,0,0,0,0,0,0,0,0,0,0,None,0,0,0,0,0,0,0,0,Equity : Large & Mid Cap,NIL upto 10% of units and 1% for remaining units on or before 12M Nil after 12M
Samco Large Cap Fund-Reg(G),Nirali Bhansali,EQ-LC,0,154.3,2.37,25-03-2025,NIFTY 100 - TRI,9.77,10.02,9.67,-0.71,0,0,0,0,0,0,0,31.6,4.53,0,25,267747,84.63,0,0,Financials,0,0,0,0,0,0,0,0,Equity : Large Cap,Nil upto 10% of units and 1% for remaining units on or before 12M Nil after 12M
Samco Multi Asset Allocation Fund-Reg(G),Umeshkumar Mehta,HY-MULTI,0,258.9,2.21,24-12-2024,NIFTY 50 - TRI,11.59,11.59,9.9,3.57,10.8,0,0,0,0,0,0,35.27,6.55,0,60,81480,17.5,17.69,6.74,Financials,0.26,0.25,5.2,0,0,0,0,0,Hybrid : Multi Asset Allocation,Nil upto 10% of units and 1% for remaining units on or before 12M Nil after 12M
Samco Multi Cap Fund-Reg(G),Umeshkumar Mehta,EQ-MLC,0,347.5,2.39,30-10-2024,Nifty500 Multicap 50:25:25 - TRI,9.52,10.1,8.75,5.69,8.23,-4.54,0,0,0,0,0,31.91,5.6,0,54,65141,26.15,18.23,25.59,Financials,0,0,0,0,0,0,0,0,Equity : Multi Cap,Nil upto 10% of units and 1% for remaining units on or before 12M Nil after 12M
Samco Overnight Fund-Reg(G),Dhawal Ghanshyam Dhanani,DT-ON,0,50.8,0.33,12-10-2022,CRISIL Liquid Overnight Index,1173.96,1173.96,1107.25,0.45,1.38,2.91,6.04,6.25,0,0,0,0,0,0,0,0,0,0,0,None,0.01,0.01,5,-0.03,-1.32,-0.15,0.98,0.1,Debt : Overnight,Nil
Samco Special Opportunities Fund-Reg(G),Umeshkumar Mehta,EQ-THEM,0,149.7,2.41,06-06-2024,NIFTY 500 - TRI,8.48,10.62,7.12,8.65,18.26,-13.2,0,0,0,0,0,31.7,3.37,0,38,21589,10.17,26.61,58.88,Financials,0,0,0,0,0,0,0,0,Equity : Thematic,1% on or before 365D Nil after 365D
SBI Arbitrage Opportunities Fund-Reg(G),Neeraj Kumar,HY-ARB,1,31895,0.9,03-11-2006,Nifty 50 Arbitrage,33.64,33.64,31.46,0.43,1.81,3.4,7.15,7.41,6.97,5.58,5.72,19.16,2.7,1327,195,216747,50.1,13.56,2.93,Financials,0.61,0.55,6.87,0,0.12,0.09,0.62,0.56,Hybrid : Arbitrage,0.25% on or before 1M Nil after 1M
SBI Automotive Opportunities Fund-Reg(G),Tanmaya Desai,EQ-AUTO,0,5317.5,1.85,05-06-2024,NIFTY AUTO - TRI,9.54,11.35,7.99,6.93,14.78,-2.83,0,0,0,0,0,27.87,4.44,62,26,89164,53.58,16.96,22.61,Automobile and Ancillaries,0,0,0,-0.23,-0.18,-0.3,0.96,18.92,Equity : Sectoral - Auto,1% on or before 1Y Nil after 1Y
SBI Balanced Advantage Fund-Reg(G),Dinesh Balachandran,HY-DYN,0,34894.6,1.57,31-08-2021,NIFTY 50 Hybrid Composite Debt 50:50 Index,15.28,15.32,14.01,1.28,7.78,2.7,7.06,15.58,14.64,0,0,18.12,2.55,457,91,274086,55.28,9.69,3.01,Energy,7.11,5.11,7.07,0.42,0.38,0.96,1.03,5.91,Hybrid : Dynamic Asset Allocation,Nil upto 10% of units and 1% for remaining units on or before 1Y Nil after 1Y
SBI Banking & Financial Services Fund-Reg(G),Milind Agrawal,EQ-FIN,3,7649.8,1.79,26-02-2015,Nifty Financial Services - TRI,41.13,41.36,34.35,1.76,15.01,5.08,13.45,23.01,21.18,23.78,15.65,16.25,2.41,291,22,342911,73.42,16.19,6.49,Financials,0,0,0,0.34,0.31,0.68,0.87,13.7,Equity : Sectoral - Financial Services,0.50% on or before 30D Nil after 30D
SBI Banking and PSU Fund-Reg(G),Ardhendu Bhattacharya,DT-B&PSU,3,4073.7,0.79,09-10-2009,NIFTY Banking and PSU Debt Index,3132.01,3132.23,2849.76,1.2,4.09,5.45,9.72,7.99,7.46,6.03,7.17,0,0,0,0,0,0,0,0,None,6.85,4.53,6.98,-0.02,0.18,0.25,0.32,1.12,Debt : Banking & PSU,Nil
SBI BlueChip Fund-Reg(G),Saurabh Pant,EQ-LC,4,51010.2,1.5,20-01-2006,BSE 100 - TRI,90.88,96.03,80.97,1.79,11.54,0.13,7.25,16.15,16.46,21.38,12.47,25.07,3.87,64,39,377385,82.41,9.35,1.5,Financials,0,0,0,0.11,0.26,0.58,0.88,11.77,Equity : Large Cap,1% on or before 1Y Nil after 1Y
SBI BSE PSU Bank Index Fund-Reg(G),Viral Chhadva,EQ-INDX,0,13.8,0.75,25-03-2025,BSE PSU Bank - TRI,11.53,11.57,9.79,9.22,0,0,0,0,0,0,0,6.58,1.03,2,12,145804,65.86,33.98,0.51,Financials,0,0,0,0,0,0,0,0,Equity : Index Funds,0.25% on or before 15D Nil after 15D
SBI BSE Sensex Index Fund-Reg(G),Raviprakash Sharma,EQ-INDX,0,285,0.42,26-05-2023,BSE SENSEX - TRI,13.15,13.9,11.83,0.49,10.62,0.03,6.18,14.49,0,0,0,22.51,3.47,6,30,698909,99.42,0.59,0,Financials,0,0,0,0.03,0.21,0.46,1.01,11.82,Equity : Index Funds,0.20% on or before 15D Nil after 15D
SBI Conservative Hybrid Fund-Reg(G),Saurabh Pant,HY-DT(CO),4,9643,1.54,23-03-2001,NIFTY 50 Hybrid Composite Debt 15:85 Index,72.14,72.17,66.03,1.32,5.75,2.83,8.11,11.01,10.88,12.12,9.09,25.75,3.34,0,39,126381,12.08,2.2,8.27,Financials,6.75,4.58,7.45,0.19,0.34,0.81,0.67,3.55,Hybrid : Debt Oriented (Conservative),Nil for 10% of investment and 1% for remaining Investment on or before 1Y Nil after 1Y
SBI Consumption Opp Fund-Reg(G),Ashit Desai,EQ-CONS,3,3028.2,1.98,01-01-2013,Nifty India Consumption - TRI,304.35,355.77,276.54,0.94,9.57,-7.92,5.95,17.13,18.52,26.61,15.36,46.01,7.61,36,48,62780,39.52,27.99,28.85,FMCG,0,0,0,0.06,0.26,0.47,0.83,13.61,Equity : Thematic - Consumption,0.10% on or before 30D Nil after 30D
SBI Contra Fund-Reg(G),Dinesh Balachandran,EQ-VAL,5,44068.6,1.5,05-07-1999,BSE 500 - TRI,375.89,406.2,340.52,1.91,10.39,-2.66,3.48,23.9,23.73,34.13,15.85,19.41,2.59,223,79,185044,49.63,14.56,10.48,Financials,0,0,0,0.58,0.39,0.9,0.85,12.21,Equity : Value / Contra,1% on or before 1Y Nil after 1Y
SBI Corp Bond Fund-Reg(G),Rajeev Radhakrishnan,DT-CORP,3,25097.7,0.77,01-02-2019,NIFTY Corporate Bond Index,15.58,15.59,14.15,1.19,4.1,5.54,9.97,8.23,7.66,6.24,0,0,0,0,0,0,0,0,0,None,6.32,4.47,7.07,0,0.23,0.31,0.33,1.13,Debt : Corporate Bond,Nil
SBI CPSE Bond Plus SDL Sep 2026 50:50 Index Fund-Reg(G),Ranjana Gupta,DT-MD,0,8919,0.34,19-01-2022,Nifty CPSE Bond Plus SDL Sep 2026 50:50 Index,12.21,12.21,11.25,0.88,2.72,4.35,8.48,7.48,7.52,0,0,0,0,0,0,0,0,0,0,None,1.17,1.06,6.56,-0.03,0.16,0.21,0.4,1.32,Debt : Medium Duration,0.15% on or before 30D Nil after 30D
SBI Credit Risk Fund-Reg(G),Lokesh Mallya,DT-CR,4,2244.8,1.55,14-07-2004,NIFTY Credit Risk Bond Index,45.54,45.54,41.6,0.82,3.17,4.78,9.34,8.02,8.09,7.36,7.46,0,0,0,1,0,0,0,0,None,2.97,2.17,8,0.04,0.3,0.42,0.29,1.24,Debt : Credit Risk,Nil for 8% of investment and 3% for remaining investment on or before 12M Nil for 8% of investment and 1.5% for remaining investment after 12M but before 24M Nil for 8% of investment and 0.75% for remaining investment after 24M but before 36M Nil after 36M
SBI CRISIL IBX Gilt Index - Apr 2029 Fund-Reg(G),Ranjana Gupta,DT-M&LD,0,2210.6,0.43,04-10-2022,CRISIL IBX Gilt Index - April 2029,12.57,12.57,11.33,1.34,4.27,5.85,10.84,8.58,0,0,0,0,0,0,0,0,0,0,0,None,3.96,3.41,6.19,0.02,0.41,0.74,0.68,1.72,Debt : Medium to Long Duration,0.15% on or before 30D Nil after 30D
SBI CRISIL IBX Gilt Index - June 2036 Fund-Reg(G),Ranjana Gupta,DT-LD,0,2590.8,0.5,04-10-2022,CRISIL IBX Gilt Index - June 2036,12.97,13,11.53,0.98,5.38,6.77,11.89,9.45,0,0,0,0,0,0,0,0,0,0,0,None,10.95,7.31,6.54,0.03,0.42,0.9,1.09,2.69,Debt : Long Duration,0.15% on or before 30D Nil after 30D
SBI CRISIL IBX SDL Index - Sep 2027 Fund-Reg(G),Ranjana Gupta,DT-M&LD,0,1124,0.38,04-10-2022,CRISIL IBX SDL Index - September 2027,12.33,12.33,11.24,1.13,3.35,5.22,9.59,8.11,0,0,0,0,0,0,0,0,0,0,0,None,2.25,2.02,6.37,0.02,0.38,0.55,0.43,1.25,Debt : Medium to Long Duration,0.15% on or before 30D Nil after 30D
SBI Dividend Yield Fund-Reg(G),Rohit Shimpi,EQ-DIV,0,8957.6,1.78,14-03-2023,NIFTY 500 - TRI,14.82,16.28,13.31,3.03,10.01,-4.46,0.73,17.77,0,0,0,19.5,3.37,6,43,226636,65.63,18.74,6.93,Financials,0,0,0,-0.15,0.31,0.6,0.85,11.76,Equity : Thematic - Dividend Yield,Nil upto 10% of units and 1% for remaining units on or before 1Y Nil after 1Y
SBI Dynamic Bond Fund-Reg(G),Rajeev Radhakrishnan,DT-DYN,3,3559.8,1.41,13-01-2004,CRISIL Dynamic Bond Index,36.12,36.2,32.71,0.64,4.89,5.46,9.86,8.36,8.6,6.12,7.71,0,0,0,0,0,0,0,0,None,19.06,9.07,6.95,-0.27,0.27,0.6,1.4,2.11,Debt : Dynamic Bond,Nil for 10% of investment and 0.25% for remaining Investment on or before 1M Nil after 1M
SBI Energy Opportunities Fund-Reg(G),Raj Gandhi,EQ-POWER,0,10305.1,1.74,26-02-2024,NIFTY ENERGY - TRI,10.58,12.05,8.64,3.38,21.43,-1.18,-6.46,0,0,0,0,17.68,2.06,60,35,87202,46.09,24.47,22.81,Energy,0,0,0,0.94,0,-0.01,0.99,19.09,Equity : Sectoral - Energy / Power,1% on or before 1Y Nil after 1Y
SBI Equity Hybrid Fund-Reg(G),R. Srinivasan,HY-EQ,4,74035.7,1.4,06-01-1996,CRISIL Hybrid 35+65 - Aggressive Index,296.74,297.7,260.65,2.44,11.37,5.29,11.57,18.11,14.88,18.06,12.05,25.33,3.97,70,42,288713,56.62,10.9,2.4,Financials,8.57,5.61,7.03,0.03,0.26,0.57,0.96,9.14,Hybrid : Equity Oriented,Nil for 10% of investments and 1% for remaining investment on or before 12M Nil after 12M
SBI Equity Minimum Variance Fund-Reg(G),Raviprakash Sharma,EQ-THEM,2,216.8,0.75,19-03-2019,NIFTY 50 - TRI,23.37,26.69,21.23,0.32,9.31,-1.41,3.34,15.36,15.61,19.68,0,26.96,4.44,43,50,327887,97.8,2.23,0,FMCG,0,0,0,0.1,0.24,0.47,0.88,12.1,Equity : Thematic,0.50% on or before 15D Nil after 15D
SBI Equity Savings Fund-Reg(G),Neeraj Kumar,HY-EQ,3,5443.4,1.43,27-05-2015,NIFTY 50 Equity Savings Index,23.68,23.71,21.74,2.01,7.79,1.61,8.2,13.17,11.72,13.11,8.99,20.76,2.89,0,87,165124,43.02,7.63,15.53,Financials,3.29,2.49,7.34,0.28,0.26,0.56,0.6,5.51,Hybrid : Equity Oriented,0.10% on or before 15D Nil after 15D
SBI ESG Exclusionary Strategy Fund-Reg(G),Rohit Shimpi,EQ-THEM,2,5555.8,1.94,01-01-1991,NIFTY100 ESG - TRI,235.79,250.49,209.72,2.38,11.05,-1.61,4.71,17.06,16.01,20.39,12.24,25.56,4.02,15,40,302014,77.98,14.62,3.44,Financials,0,0,0,0.15,0.24,0.53,0.89,12.58,Equity : Thematic,1% on or before 1Y Nil after 1Y
SBI Flexicap Fund-Reg(G),Dinesh Balachandran,EQ-FLEX,3,21660.9,1.67,16-09-2005,BSE 500 - TRI,105.15,115.3,96.46,0.6,8.81,-3.83,2.63,14.26,13.8,20.07,12.52,26.02,3.52,92,57,274130,66.64,11.84,10.73,Financials,0,0,0,-0.11,0.2,0.42,0.83,11.76,Equity : Flexi Cap,0.10% on or before 30D Nil after 30D
SBI Floating Rate Debt Fund-Reg(G),Ardhendu Bhattacharya,DT-FL,2,1228.7,0.41,27-10-2020,Nifty Short Duration Debt Index,13.29,13.29,12.22,0.96,2.82,4.51,8.77,8.46,7.76,0,0,0,0,0,0,0,0,0,0,None,4.88,1.18,6.87,0.06,0.42,0.33,0.97,0.73,Debt : Floater,0.10% on or before 3D Nil after 3D
SBI Focused Equity Fund-Reg(G),R. Srinivasan,EQ-MLC,3,36040.8,1.57,11-10-2004,BSE 500 - TRI,342.81,348.06,306.64,3.28,11.53,2.92,8.9,19.47,16.86,20.62,14.45,29.46,4.37,45,25,72067,47.57,21.87,7.62,Financials,0,0,0,0.15,0.26,0.58,0.69,10.68,Equity : Multi Cap,1% on or before 1Y Nil after 1Y
SBI Healthcare Opp Fund-Reg(G),Tanmaya Desai,EQ-PHRM,2,3670.6,1.94,14-07-1999,BSE Health Care - TRI,416.14,443.29,345.82,-0.56,8.29,-3,22.57,32.17,26.96,23.78,11.8,45.92,6.09,25,29,60108,43.23,17.44,31.76,Healthcare,0,0,0,0.35,0.42,0.98,0.86,13.11,Equity : Sectoral - Pharma,0.50% on or before 15D Nil after 15D
SBI Infrastructure Fund-Reg(G),Bhavin Vithlani,EQ-INFRA,2,4871.9,1.9,06-07-2007,Nifty Infrastructure - TRI,49.52,55.47,42.43,3.74,16.11,-4.37,-1.38,28.54,26.79,30.65,15.77,23.85,3.43,24,35,97283,48.36,15.43,28.92,Energy,0,0,0,0.38,0.38,0.76,0.87,14.66,Equity : Sectoral - Infrastructure,0.50% on or before 30D Nil after 30D
SBI Innovative Opportunities Fund-Reg(G),Prasad Padala,EQ-THEM,0,6982.2,1.79,20-08-2024,NIFTY 500 - TRI,9.39,10.35,8.14,6.4,8.52,-5.93,0,0,0,0,0,38.69,4.94,86,38,34560,24.42,23.98,44.62,Technology,0,0,0,0,0,0,0,0,Equity : Thematic,1% on or before 1Y Nil after 1Y
SBI Large & Midcap Fund-Reg(G),Saurabh Pant,EQ-L&M,4,30133.3,1.6,28-02-1993,NIFTY LargeMidcap 250 - TRI,598.54,630.36,538.7,2.92,11.06,-1.29,7.72,19.88,19.86,25.76,14.43,24.32,3.58,63,76,130036,43.89,36.25,14.16,Financials,0,0,0,0.07,0.31,0.7,0.83,12.28,Equity : Large & Mid Cap,0.10% on or before 30D Nil after 30D
SBI Liquid Fund-Reg(G),Rajeev Radhakrishnan,DT-LIQ,4,65172.4,0.31,11-03-2007,Nifty Liquid Fund Index,4064.23,4064.23,3794.19,0.56,1.81,3.53,7.14,7.16,6.84,5.42,6.19,0,0,0,0,0,0,0,0,None,0.13,0.12,6.54,0,0.13,0.04,0.28,0.25,Debt : Liquid,0.007% for Day 1 0.0065% on Day 2 0.0060% on Day 3 0.0055% on Day 4 0.0050% on Day 5 0.0045% on Day 6 NIL on or after 7D
SBI Long Duration Fund-Reg(G),Tejas Soman,DT-LD,0,2976.3,0.67,21-12-2022,CRISIL Long Duration Debt Index,12.56,12.61,11.36,0.04,5.18,5.15,9.91,8.86,0,0,0,0,0,0,0,0,0,0,0,None,29.16,11.86,6.87,-0.06,0.28,0.65,1.38,3.8,Debt : Long Duration,Nil
SBI Long Term Equity Fund-Reg(G),Dinesh Balachandran,EQ-ELSS,3,28506.1,1.59,31-03-1993,BSE 500 - TRI,431.41,459.1,385.05,3.04,11.48,-1.62,5.77,30.13,26.92,28.58,14.21,21.41,3,19,62,195418,60.62,21.17,9.08,Financials,0,0,0,0.75,0.43,1.02,0.91,13.13,Equity : Tax Saving (ELSS),Nil
SBI Magnum Childrens Benefit Fund-Investment Plan-Reg(G),R. Srinivasan,HY-SOL,0,3358.1,1.9,29-09-2020,CRISIL Hybrid 35+65 - Aggressive Index,40.44,43.79,34.48,3.79,9.55,-1.75,15.88,25.33,21.12,0,0,0,0,0,26,16739,13.65,9.03,44.26,Financials,0.01,0.01,5.94,0.44,0.31,0.62,1.17,13.89,Hybrid : Solution Oriented,3% on or before 1Y 2% after 1Y but on or before 2Y 1% after 2Y but on or before 3Y Nil after 3Y
SBI Magnum Childrens Benefit Fund-Savings Plan,Rajeev Radhakrishnan,HY-SOL,0,127.1,1.22,28-01-2002,NIFTY 50 Hybrid Composite Debt 15:85 Index,109.51,109.51,96.23,1.37,5.63,1.41,13.18,15.14,13.27,14.63,11.68,0,0,0,22,17111,3.08,3.89,14.98,Textile,9.89,5.73,6.91,0.37,0.41,0.91,0.24,4.56,Hybrid : Solution Oriented,3% on or before 1Y 2% after 1Y but on or before 2Y 1% after 2Y but on or before 3Y Nil after 3Y
SBI Magnum Comma Fund-Reg(G),Dinesh Balachandran,EQ-THEM,5,635.4,2.51,08-08-2005,NIFTY COMMODITIES - TRI,101.67,111.69,87.01,4.69,16.02,-2.44,0.41,24.07,15.62,24.86,14.91,18.23,1.92,31,28,90032,55.39,13.99,29.8,Energy,0,0,0,0.08,0.17,0.32,0.82,16.53,Equity : Thematic,0.50% on or before 30D Nil after 30D
SBI Magnum Constant Maturity Fund-Reg(G),Tejas Soman,DT-GL10Y,0,1944.1,0.63,25-12-2000,Nifty 10 yr Benchmark G-Sec,64.47,64.55,57.68,0.96,5.07,6.32,11.3,8.85,9.28,6.08,8.32,0,0,0,0,0,0,0,0,None,9.74,6.92,6.49,-0.01,0.28,0.58,0.91,2.65,Debt : Gilt (10 Yr Constant Duration),Nil
SBI Magnum Gilt Fund-Reg(G),Rajeev Radhakrishnan,DT-GILT,3,12572.7,0.94,23-12-2000,Nifty All Duration G-Sec Index,67.01,67.23,60.55,0.33,5.25,5.68,10.16,8.75,9,6.58,8.22,0,0,0,0,0,0,0,0,None,25.17,10.59,6.79,0.05,0.31,0.69,0.69,2.28,Debt : Gilt,Nil
SBI Magnum Global Fund-Reg(G),Tanmaya Desai,EQ-MNC,0,6117.5,1.89,30-09-1994,NIFTY MNC - TRI,365.86,385.03,324.37,4.32,10.3,-3.52,3.92,9.62,12.35,17.15,10.57,40.8,6.26,55,32,51715,33.28,30.59,32.69,FMCG,0,0,0,-0.04,0.17,0.36,0.67,11.79,Equity : Thematic - MNC,1% on or before 12M Nil after 12M
SBI Magnum Income Fund-Reg(G),Lokesh Mallya,DT-M&LD,4,1983,1.47,25-11-1998,CRISIL Medium to Long Term Debt Index,71.23,71.32,64.71,0.84,4.26,5.3,9.69,8.09,8.32,6.65,7.7,0,0,0,0,0,0,0,0,None,11.6,6.71,7.1,0,0.28,0.54,0.6,1.7,Debt : Medium to Long Duration,Nil for 10% of investment and 1% for remaining Investment on or before 1Y Nil after 1Y
SBI Magnum Low Duration Fund-Reg(G),Sudhir Agarwal,DT-LOWD,3,14729.4,0.93,26-07-2007,CRISIL Low Duration Debt Index,3485.73,3485.73,3229.15,0.77,2.56,4.14,7.91,7.35,6.94,5.64,6.7,0,0,0,0,0,0,0,0,None,1.13,0.92,6.94,-0.14,0.15,0.09,1.41,0.51,Debt : Low Duration,Nil
SBI Magnum Medium Duration Fund-Reg(G),Lokesh Mallya,DT-MD,5,6579.6,1.22,05-11-2003,NIFTY Medium Duration Debt Index,51.33,51.33,46.75,0.94,3.72,5.17,9.61,8.15,8.08,6.87,8.02,0,0,0,0,0,0,0,0,None,5.34,3.8,7.26,0.02,0.32,0.44,0.43,1.22,Debt : Medium Duration,1% on or before 3M Nil after 3M
SBI Magnum Midcap Fund-Reg(G),Bhavin Vithlani,EQ-MID,4,21512.1,1.67,29-03-2005,Nifty Midcap 150 - TRI,233.92,251.01,205.35,3.87,12.6,-2.17,5.85,20.73,20.85,30.99,14.73,37.14,5.18,59,58,52354,16.47,65.14,13.08,Financials,0,0,0,-0.13,0.28,0.62,0.8,14,Equity : Mid Cap,1% on or before 1Y Nil after 1Y
SBI Magnum Ultra Short Duration Fund-Reg(G),Sudhir Agarwal,DT-USD,4,16433.7,0.55,19-05-1999,CRISIL Ultra Short Term Debt Index,5953.09,5953.09,5530.78,0.67,2.19,3.87,7.62,7.37,7,5.67,6.61,0,0,0,0,0,0,0,0,None,0.56,0.44,6.77,-0.08,0.27,0.11,1.16,0.37,Debt : Ultra Short Duration,Nil
SBI Multi Asset Allocation Fund-Reg(G),Mansi Sajeja,HY-MULTI,0,8395,1.45,30-11-2005,BSE 500 - TRI,58.29,58.29,52.28,2.89,9.03,4.11,9.25,18.41,16.81,15.23,10.98,21.05,2.56,0,53,88685,20.27,7.17,14.98,Financials,6.56,4.05,7.61,0.34,0.37,0.91,0.47,7.21,Hybrid : Multi Asset Allocation,Nil for 10% of investment and 1% for remaining Investment on or before 12M Nil after 12M
SBI Multicap Fund-Reg(G),R. Srinivasan,EQ-MLC,0,20078,1.68,08-03-2022,Nifty500 Multicap 50:25:25 - TRI,16.63,17.29,14.63,1.51,12.05,-0.76,12.17,22.71,18.89,0,0,26.97,4.04,47,48,82533,36.77,30.51,24.75,Financials,0,0,0,0.07,0.29,0.62,0.81,12.7,Equity : Multi Cap,Nil upto 10% of units and 1% for remaining units on or before 1Y Nil after 1Y
SBI Nifty 500 Index Fund-Reg(G),Viral Chhadva,EQ-INDX,0,838.7,0.88,30-09-2024,NIFTY 500 - TRI,9.4,9.79,8.19,3.3,14.11,-1.4,0,0,0,0,0,23.91,3.46,5,501,222743,72.79,17.43,9.65,Financials,0,0,0,0,0,0,0,0,Equity : Index Funds,0.25% on or before 15D Nil after 15D
SBI Nifty Bank Index Fund-Reg(G),Harsh Sethi,EQ-INDX,0,112.2,0.72,06-02-2025,NIFTY BANK - TRI,11.04,11.09,9.49,0.98,15.52,0,0,0,0,0,0,14.88,2.02,5,12,517650,84.09,16.23,0,Financials,0,0,0,0,0,0,0,0,Equity : Index Funds,0.25% on or before 15D Nil after 15D
SBI Nifty Index Fund-Reg(G),Raviprakash Sharma,EQ-INDX,3,9571.2,0.44,17-01-2002,NIFTY 50 - TRI,216.86,230.13,194.17,1.01,11.11,0.6,6.14,15.89,14.73,20.36,11.85,22.53,3.38,16,50,563965,99,0.95,0,Financials,0,0,0,-0.04,0.22,0.49,1,12.48,Equity : Index Funds,0.20% on or before 15D Nil after 15D
SBI Nifty India Consumption Index Fund-Reg(G),Harsh Sethi,EQ-INDX,0,346,0.88,30-10-2024,Nifty India Consumption - TRI,9.88,10.1,8.79,1.02,11.44,-1.45,0,0,0,0,0,37.42,7.89,8,30,270314,97.36,2.68,0,FMCG,0,0,0,0,0,0,0,0,Equity : Index Funds,0.25% on or before 15D Nil after 15D
SBI Nifty IT Index Fund-Reg(G),Harsh Sethi,EQ-INDX,0,40.3,0.83,21-02-2025,NIFTY IT - TRI,9.16,10,8.02,2.94,-1.8,0,0,0,0,0,0,26.86,6.78,3,10,359699,90.32,17.96,0,Technology,0,0,0,0,0,0,0,0,Equity : Index Funds,0.25% on or before 15D Nil after 15D
SBI Nifty Midcap 150 Index Fund-Reg(G),Harsh Sethi,EQ-INDX,0,767.5,0.88,03-10-2022,Nifty Midcap 150 - TRI,18.25,19.32,15.21,7.21,18.87,-0.85,5.95,28.94,0,0,0,29.86,4.03,26,150,57969,11.24,83.71,5,Financials,0,0,0,-0.06,0.33,0.64,1,15.77,Equity : Index Funds,0.25% on or before 30D Nil after 30D
SBI Nifty Next 50 Index Fund-Reg(G),Raviprakash Sharma,EQ-INDX,0,1629.7,0.76,19-05-2021,NIFTY NEXT 50 - TRI,18.04,21.01,15.41,3.45,15.53,-7.28,-5.68,25.37,20.23,0,0,22.22,3.5,67,51,121425,90.28,8.8,0,Financials,0,0,0,-0.06,0.21,0.39,1,18.81,Equity : Index Funds,0.25% on or before 30D Nil after 30D
SBI Nifty Smallcap 250 Index Fund-Reg(G),Harsh Sethi,EQ-INDX,0,1272.4,0.88,03-10-2022,Nifty Smallcap 250 - TRI,18.3,20.07,14.78,10.5,23.11,-6.07,5.73,29.39,0,0,0,26.93,3.11,44,250,17324,0,7.91,92.14,Financials,0,0,0,-0.07,0.27,0.49,1,19.02,Equity : Index Funds,0.25% on or before 30D Nil after 30D
SBI Nifty200 Quality 30 Index Fund-Reg(G),Viral Chhadva,EQ-INDX,0,0,0,00-01-1900,NIFTY200 Quality 30 - TRI,0,0,0,0,0,0,0,0,0,0,0,0,0,0,0,0,0,0,0,None,0,0,0,0,0,0,0,0,Equity : Index Funds,0.25% on or before 15D Nil after 15D
SBI Nifty50 Equal Weight Index Fund-Reg(G),Viral Chhadva,EQ-INDX,0,993.5,1.02,31-01-2024,NIFTY50 Equal Weight - TRI,11.32,12.42,10.15,1.79,10.82,0.91,4.52,0,0,0,0,24.27,3.32,37,50,282478,95.48,4.62,0,Financials,0,0,0,-0.08,0.08,0.15,1,12.66,Equity : Index Funds,0.25% on or before 15D Nil after 15D
SBI Overnight Fund-Reg(G),Ranjana Gupta,DT-ON,4,15182.1,0.14,24-09-2002,CRISIL Liquid Overnight Index,4142.05,4142.05,3893.92,0.48,1.49,3.09,6.39,6.53,6.3,5.03,5.52,0,0,0,0,0,0,0,0,None,0,0,6,-0.02,-0.66,-0.16,0.94,0.17,Debt : Overnight,Nil
SBI PSU Fund-Reg(G),Rohit Shimpi,EQ-THEM,1,5035.1,1.87,07-07-2010,BSE PSU - TRI,31.88,35.15,26.51,3.29,19.54,-1.84,-7.13,40.77,34.7,31.87,12.65,11.17,1.79,27,25,168404,71.8,21.65,2.85,Energy,0,0,0,0.04,0.36,0.85,0.95,20.99,Equity : Thematic,0.50% on or before 30D Nil after 30D
SBI Quant Fund-Reg(G),Sukanya Ghosh,EQ-THEM,0,3698.5,1.91,26-12-2024,NIFTY 200 - TRI,9.46,10.23,8.67,1.45,7.45,0,0,0,0,0,0,20.78,3.91,114,44,223193,74.52,23.49,0,Financials,0,0,0,0,0,0,0,0,Equity : Thematic,0.50% on or before 6M Nil after 6M
SBI Retirement Benefit Fund-Aggressive Hybrid Plan-Reg(G),Rohit Shimpi,HY-SOL,0,1506.9,2.1,10-02-2021,CRISIL Hybrid 35+65 - Aggressive Index,18.52,19.61,16.7,2.87,10.28,-2.07,2.83,14.16,14.99,0,0,0,0,0,47,190540,51.27,14.31,13.62,Financials,2.69,0.4,5.78,0.03,0.25,0.56,1.06,10.28,Hybrid : Solution Oriented,Nil
SBI Retirement Benefit Fund-Aggressive Plan-Reg(G),Rohit Shimpi,HY-SOL,0,2753.4,1.94,10-02-2021,BSE 500 - TRI,19.77,21.42,17.48,3.29,12.16,-3.41,1.16,15.21,16.77,0,0,0,0,0,47,200820,64.92,16.88,16.09,Financials,0.55,0.37,6.13,0.11,0.26,0.55,0.86,12.6,Hybrid : Solution Oriented,Nil
SBI Retirement Benefit Fund-Conservative Hybrid Plan-Reg(G),Rohit Shimpi,HY-SOL,0,284.2,1.67,10-02-2021,CRISIL Hybrid 65+35 - Conservative Index,15.57,15.61,14.38,1.96,7.53,2.05,6.72,11.33,12.01,0,0,0,0,0,47,192512,24.68,6.75,7.27,Financials,14.64,7.73,6.83,0.21,0.28,0.65,1.09,5.56,Hybrid : Solution Oriented,Nil
SBI Retirement Benefit Fund-Conservative Plan-Reg(G),Rohit Shimpi,HY-SOL,0,179.5,1.38,10-02-2021,CRISIL Hybrid 85+15 - Conservative Index,14.37,14.4,13.11,1.51,6.22,3.91,8.59,9.89,10.38,0,0,0,0,0,47,192990,12.54,3.44,3.63,Financials,15.12,8.13,6.92,0.03,0.32,0.77,1.02,3.39,Hybrid : Solution Oriented,Nil
SBI Savings Fund-Reg(G),Rajeev Radhakrishnan,DT-MM,2,30117.6,0.67,14-07-2004,CRISIL Money Market Index,41.35,41.35,38.38,0.72,2.41,4.08,7.71,7.34,6.95,5.61,6.5,0,0,0,0,0,0,0,0,None,0.73,0.69,6.85,0.01,0.19,0.09,0.61,0.43,Debt : Money Market,NIL
SBI Short Term Debt Fund-Reg(G),Mansi Sajeja,DT-SD,3,14733.2,0.85,26-07-2007,CRISIL Short Duration Debt Index,32.2,32.2,29.37,1.1,3.65,5.22,9.47,7.99,7.51,6.1,7.09,0,0,0,0,0,0,0,0,None,3.6,2.88,7.03,0.03,0.23,0.27,1.44,0.98,Debt : Short Duration,Nil
SBI Small Cap Fund-Reg(G),R. Srinivasan,EQ-SML,2,31790.3,1.58,09-09-2009,BSE 250 Small Cap - TRI,169.11,188.83,145.99,6.35,15.86,-6.37,2.53,19.53,18.87,29.31,18.97,30.1,3.82,81,63,11938,0,6.49,73.24,Financials,0,0,0,-0.04,0.24,0.45,0.77,15.07,Equity : Small Cap,1% on or before 1Y Nil after 1Y
SBI Technology Opp Fund-Reg(G),Vivek Gedda,EQ-TECH,0,4224.9,1.91,07-01-2013,BSE TECk Index - TRI,210.76,233.07,172.87,6.11,5.17,-5.52,21.99,20.56,15.92,26.8,16.61,37.65,6.21,32,32,131158,47.49,14.81,23.95,Technology,0,0,0,0.46,0.19,0.42,0.97,17.15,Equity : Sectoral - Technology,0.50% on or before 15D Nil after 15D
Shriram Aggressive Hybrid Fund-Reg(G),Deepak Ramaraju,HY-EQ,0,47.2,2.41,06-12-2013,CRISIL Hybrid 35+65 - Aggressive Index,30.92,33.9,28.21,1.38,9.02,-2.93,-4.06,14.26,11.99,14.45,8.81,27.33,3.76,381.9,39,223445,45.72,17.15,3.49,Financials,3.95,3.2,6.77,-0.26,0.16,0.29,1.11,10.82,Hybrid : Equity Oriented,NIL for 12% of units and 1% for remaining units on or before 90D Nil after 90D
Shriram Balanced Advantage Fund-Reg(G),Deepak Ramaraju,HY-DYN,0,60.8,2.38,05-07-2019,NIFTY 50 Hybrid Composite Debt 50:50 Index,16.7,18.27,15.66,0.68,6.01,-3.34,-6.05,10.67,9.31,10.74,0,26.87,3.85,367.2,32,378822,58.35,9.34,0,Financials,3.46,2.86,6.8,-0.26,0.1,0.17,0.66,9.67,Hybrid : Dynamic Asset Allocation,NIL for 12% of units and 1% for remaining units on or before 90D Nil after 90D
Shriram ELSS Tax Saver Fund-Reg(G),Deepak Ramaraju,EQ-ELSS,0,48.1,2.34,25-01-2019,NIFTY 500 - TRI,20.64,24.37,18.53,2.32,10.46,-9.96,-10.02,13.79,12.48,15.73,0,31.29,4.31,475.3,66,117684,53.5,27.4,18.19,Financials,0,0,0,-0.46,0.13,0.23,1.01,15.06,Equity : Tax Saving (ELSS),Nil
Shriram Flexi Cap Fund-Reg(G),Deepak Ramaraju,EQ-FLEX,0,134,2.4,28-09-2018,NIFTY 500 - TRI,19.76,23.65,17.8,1.66,10.12,-10.59,-11.58,13.97,13.04,16.3,0,31.44,4.38,581.7,65,123382,53.96,27.13,16.53,Financials,0,0,0,-0.43,0.14,0.24,1.03,15.55,Equity : Flexi Cap,NIL for 12% of units and 1% for remaining units on or before 90D Nil after 90D
Shriram Liquid Fund-Reg(G),Deepak Ramaraju,DT-LIQ,0,177.2,0.26,14-11-2024,Nifty Liquid Fund Index,1037.91,1037.91,1000,0.53,1.62,3.32,0,0,0,0,0,0,0,0,0,0,0,0,0,None,0.07,0.07,6.29,0,0,0,0,0,Debt : Liquid,0.007% for Day 1 0.0065% on Day 2 0.0060% on Day 3 0.0055% on Day 4 0.0050% on Day 5 0.0045% on Day 6 NIL on or after 7D
Shriram Multi Asset Allocation Fund-Reg(G),Deepak Ramaraju,HY-MULTI,0,146.6,2.35,08-09-2023,NIFTY 50 - TRI,11.9,13.14,10.99,0.96,7.6,-3.1,-6.43,0,0,0,0,27.08,3.93,407.4,34,311895,53.15,13.92,0.91,Financials,2.48,2.11,6.93,-0.21,0.12,0.21,0.79,11.78,Hybrid : Multi Asset Allocation,NIL for 12% of units and 1% for remaining units on or before 90D Nil after 90D
Shriram Multi Sector Rotation Fund-Reg(G),Deepak Ramaraju,EQ-THEM,0,194.6,2.35,09-12-2024,NIFTY 500 - TRI,7.87,10.06,7.45,0.26,4.65,0,0,0,0,0,0,29.9,4.41,214.4,29,120351,48.88,31.07,15.36,Financials,0,0,0,0,0,0,0,0,Equity : Thematic,1% on or before 3M Nil after 3M
Shriram Overnight Fund-Reg(G),Deepak Ramaraju,DT-ON,0,199.6,0.16,26-08-2022,CRISIL Liquid Overnight Index,11.89,11.89,11.19,0.47,1.45,3.01,6.29,6.47,0,0,0,0,0,0,0,0,0,0,0,None,0.01,0.01,5.93,-0.01,-0.69,-0.09,0.99,0.1,Debt : Overnight,Nil
Sundaram Aggressive Hybrid Fund(G),S. Bharath,HY-EQ,4,5924.4,1.81,14-01-2000,CRISIL Hybrid 35+65 - Aggressive Index,159.31,166.24,143.74,1.23,10.63,-0.37,7.55,16.66,14.53,18.29,12.11,24,3.69,72.6,60,293362,56.04,8.92,5.93,Financials,5.92,4.33,6.26,-0.01,0.25,0.52,1.04,9.75,Hybrid : Equity Oriented,Nil upto 25% of units within 1Y 1% in excess of limit within 1Y Nil after 1Y
Sundaram Arbitrage Fund(G),Rohit Seksaria,HY-ARB,0,292.3,1,21-04-2016,Nifty 50 Arbitrage - TRI,14.38,14.38,13.48,0.38,1.66,3.22,6.89,6.97,6.44,4.69,0,19.03,2.88,81.3,38,388745,61.55,1.87,1.65,Financials,0.66,0,5.98,-0.01,-0.14,-0.11,-0.01,0.55,Hybrid : Arbitrage,Nil upto 25% of units and 0.25% for remaining units on or before 15D Nil after 15D
Sundaram Balanced Advantage Fund(G),S. Bharath,HY-DYN,1,1536.9,2.08,16-12-2010,NIFTY 50 Hybrid Composite Debt 50:50 Index,34.8,35.67,31.81,1.11,8.32,0.21,7.12,13.53,12.33,11.4,7.67,21.12,3.26,75.8,67,313832,57.82,8.38,4.72,Financials,6.83,4.34,6.56,0.03,0.23,0.5,0.59,7.78,Hybrid : Dynamic Asset Allocation,Nil upto 25% of units and 1% for remaining units on or before 1Y Nil after 1Y
Sundaram Banking & PSU Fund(G),Sandeep Agarwal,DT-B&PSU,2,471.4,0.41,30-12-2004,NIFTY Banking and PSU Debt Index,43.19,43.19,39.3,1.02,3.86,5.23,9.68,8.17,7.67,5.82,6.8,0,0,0,0,0,0,0,0,None,4.27,3.02,6.72,0.04,0.23,0.31,1.68,1.14,Debt : Banking & PSU,Nil
Sundaram Business Cycle Fund-Reg(G),Ratish Varier,EQ-THEM,0,1678.4,2.04,25-06-2024,NIFTY 500 - TRI,10.74,11.1,9.44,3.59,12.47,-1.36,0,0,0,0,0,35.41,4.47,28.7,45,74142,38.82,10.11,34.19,Financials,0,0,0,0,0,0,0,0,Equity : Thematic,1% on or before 365D Nil after 365D
Sundaram Conservative Hybrid Fund(G),Dwijendra Srivastava,HY-DT(CO),0,27.3,2.15,08-03-2010,CRISIL Hybrid 85+15 - Conservative Index,29.72,29.82,27.42,0.07,5.01,2.86,7.21,8.68,8.55,9.26,7.09,22.79,3.52,0,23,496262,17.12,2.41,0,Financials,14.64,6.35,6.45,-0.12,0.18,0.44,1.06,3.5,Hybrid : Debt Oriented (Conservative),Nil
Sundaram Consumption Fund(G),Ratish Varier,EQ-CONS,2,1532.4,2.19,12-05-2006,Nifty India Consumption - TRI,95.92,107.41,85.73,1.96,11.14,-3.15,12.49,20.62,20.43,21.46,14.05,40.01,7.39,26.2,32,171849,75.39,7.17,12.72,FMCG,0,0,0,0.14,0.3,0.59,0.9,13.96,Equity : Thematic - Consumption,0.50% on or before 30D Nil after 30D
Sundaram Corp Bond Fund(G),Dwijendra Srivastava,DT-CORP,4,718.9,0.55,30-12-2004,NIFTY Corporate Bond Index,40.31,40.31,36.64,1.09,4.01,5.28,9.82,8.17,7.45,6.4,7.48,0,0,0,0,0,0,0,0,None,4.67,3.2,6.77,0,0.21,0.26,0.26,1.02,Debt : Corporate Bond,Nil
Sundaram Diversified Equity(G),S. Bharath,EQ-ELSS,2,1465,2.2,02-05-2005,NIFTY 500 - TRI,216.03,229.5,192.49,1.68,11.72,-0.92,5.49,16.18,15.52,21.62,11.44,24.11,3.42,33.1,62,265816,71.84,13.93,9.95,Financials,0,0,0,-0.08,0.23,0.49,0.88,12.47,Equity : Tax Saving (ELSS),Nil
Sundaram Dividend Yield Fund(G),Ashish Agarwal,EQ-DIV,0,881,2.3,15-10-2004,NIFTY 500 - TRI,132.9,147.83,119.29,0.95,10.83,-5.07,-0.79,20.42,17.59,22.11,14.08,19.33,2.96,61.4,54,304743,76.59,7.89,7.18,Financials,0,0,0,0.06,0.26,0.54,0.89,12.84,Equity : Thematic - Dividend Yield,Nil upto 24% of units and 1% for remaining units on or before 365D Nil after 365D
Sundaram ELSS Tax Saver Fund-Reg(G),S. Bharath,EQ-ELSS,4,1327.6,2.23,31-03-1996,NIFTY 500 - TRI,499.17,527.46,442.61,1.95,12.22,-0.44,5.55,19.09,17.17,23,13.43,23.97,3.41,35.6,67,188937,68.17,13.42,10.64,Financials,0,0,0,0.04,0.26,0.55,0.87,12.27,Equity : Tax Saving (ELSS),Nil
Sundaram Equity Savings Fund(G),Clyton Richard Fernandes,HY-EQ,3,1003.5,2.19,23-05-2002,NIFTY 50 Equity Savings Index,69.99,69.99,63.59,1.63,6.21,2.83,8.7,13.91,12.25,14.31,9.48,23.99,3.48,72.2,61,370042,58.95,5.07,5.62,Financials,3.58,2.7,6.5,0.28,0.3,0.71,0.8,5.41,Hybrid : Equity Oriented,0.50% on or before 7D
Sundaram Fin Serv Opp Fund(G),Rohit Seksaria,EQ-FIN,4,1524.2,2.11,10-06-2008,Nifty Financial Services - TRI,103.35,104.32,88.85,1.49,16.14,5.93,7.56,21.4,23.03,25.24,13.58,13.86,1.82,73.7,21,186494,63.44,8.41,20.5,Financials,0,0,0,0.43,0.32,0.77,0.91,14.38,Equity : Sectoral - Financial Services,0.50% on or before 30D Nil after 30D
Sundaram Flexi Cap Fund-Reg(G),S. Bharath,EQ-FLEX,0,2012.4,2.03,06-09-2022,NIFTY 500 - TRI,14.45,15.26,12.79,2.18,12.44,-1.11,8.13,17.45,0,0,0,24.59,3.5,31.4,65,247028,70.49,13.41,11.91,Financials,0,0,0,-0.05,0.22,0.45,0.87,11.79,Equity : Flexi Cap,Nil upto 25% of units and 1% for remaining units on or before 365D Nil after 365D
Sundaram Focused Fund(G),Ashwin Jain,EQ-FLEX,4,1057.6,2.27,11-11-2005,NIFTY 500 - TRI,155.91,172.22,141.91,1.95,7.39,-5.22,1.82,16.61,15.69,20.32,12.89,24.07,3.76,75.6,24,233112,75.55,6.75,9.07,Financials,0,0,0,-0.12,0.21,0.45,0.91,13.1,Equity : Flexi Cap,0.25% before 7D Nil after 7D
Sundaram Infra Advantage Fund(G),Ashish Aggarwal,EQ-INFRA,3,901.4,2.42,29-09-2005,Nifty Infrastructure - TRI,93.83,100.14,77.29,6.24,20.29,-2.3,-3.45,28.47,24.84,30.44,14.01,25.83,3.6,35.1,56,146250,59.98,15.21,19.61,Energy,0,0,0,0.06,0.3,0.59,0.97,16.21,Equity : Sectoral - Infrastructure,0.50% on or before 30D Nil after 30D
Sundaram Large and Mid Cap Fund(G),S. Bharath,EQ-L&M,2,6549.5,1.8,27-02-2007,NIFTY LargeMidcap 250 - TRI,82.75,89.63,72.36,2.01,13.44,-4.44,3.39,19.75,18.08,22.95,13.86,26.79,3.79,38.5,71,170854,54.24,31.6,9.62,Financials,0,0,0,-0.18,0.24,0.49,0.96,14.07,Equity : Large & Mid Cap,Nil upto 25% of units and 1% for remaining units on or before 365D Nil after 365D
Sundaram Large Cap Fund-Reg(G),Ashwin Jain,EQ-LC,0,3377.1,1.91,08-10-2020,NIFTY 100 - TRI,20.83,22.59,19,0.39,8.8,-2.02,3.07,15.29,14.33,0,0,22.99,3.49,35.3,32,379043,84.57,5.03,2.16,Financials,0,0,0,-0.03,0.21,0.45,0.9,12.05,Equity : Large Cap,Nil upto 25% of units and 1% for remaining units on or before 1Y Nil after 1Y
Sundaram Liquid Fund(G),Dwijendra Srivastava,DT-LIQ,1,6288.2,0.32,30-08-2004,Nifty Liquid Fund Index,2293.48,2293.48,2140.43,0.55,1.82,3.55,7.17,7.19,6.88,5.41,5.21,0,0,0,0,0,0,0,0,None,0.11,0.11,6.54,0.01,0.17,0.05,0.27,0.25,Debt : Liquid,0.007% for Day 1 0.0065% on Day 2 0.0060% on Day 3 0.0055% on Day 4 0.0050% on Day 5 0.0045% on Day 6 NIL on or after 7D
Sundaram Low Duration Fund(G),Sandeep Agarwal,DT-LOWD,2,398.4,1.15,14-09-2004,NIFTY Low Duration Debt Index,3451.81,3451.85,3199.36,0.72,2.44,4.01,7.89,7.21,6.74,6.63,4.46,0,0,0,0,0,0,0,0,None,1.04,0.92,6.98,-0.01,0.06,0.03,0.7,0.49,Debt : Low Duration,Nil
Sundaram Medium Duration Fund(G),Dwijendra Srivastava,DT-MD,0,43.1,2.13,18-12-1997,NIFTY Medium Duration Debt Index,69.33,69.33,64.08,0.81,3.36,4.43,7.96,6.29,6.28,4.42,5.65,0,0,0,0,0,0,0,0,None,5.03,3.87,6.54,-0.15,-0.08,-0.15,0.53,1.5,Debt : Medium Duration,1% on or before 12M Nil after 12M
Sundaram Mid Cap Fund-Reg(G),S. Bharath,EQ-MID,1,11690.1,1.76,19-07-2002,Nifty Midcap 150 - TRI,1357.27,1442.27,1139.78,6.93,17.99,-2.26,10.63,31.55,27.65,29.8,14.84,28.1,3.97,42.7,73,55153,13.73,62.65,14.7,Financials,0,0,0,0.12,0.36,0.72,0.95,15.95,Equity : Mid Cap,Nil upto 25% of units and 1% for remaining units on or before 365D Nil after 365D
Sundaram Money Market Fund-Reg(G),Sandeep Agarwal,DT-MM,0,1355.7,0.29,26-09-2018,Nifty Money Market Index,14.95,14.95,13.84,0.72,2.45,4.2,7.98,7.57,7.14,5.69,0,0,0,0,0,0,0,0,0,None,0.69,0.69,6.72,0.03,0.32,0.15,0.54,0.42,Debt : Money Market,Nil
Sundaram Multi Asset Allocation Fund-Reg(G),Rohit Seksaria,HY-MULTI,0,2593.5,1.86,25-01-2024,NIFTY 500 - TRI,12.07,12.11,10.69,1.51,10.06,5.66,10.4,0,0,0,0,21.11,3.27,0,64,334154,59.48,3.66,2.91,Financials,3.99,3.2,6.18,0.45,0.29,0.6,0.51,8.25,Hybrid : Multi Asset Allocation,Nil upto 30% of units and 1% for remaining units on or before 365D Nil after 365D
Sundaram Multi Cap Fund(G),Ratish Varier,EQ-MLC,4,2662,2.01,25-10-2000,Nifty500 Multicap 50:25:25 - TRI,371.79,398.6,323.21,4.28,14.21,-2.17,4.63,22.75,19.03,25.25,14.46,25.28,3.84,58.1,68,103339,43.88,24.5,25.19,Financials,0,0,0,-0.04,0.27,0.55,0.91,13.72,Equity : Multi Cap,Nil upto 25% of units and 1% for remaining units on or before 365D Nil after 365D
Sundaram Nifty 100 Equal Weight Fund(G),Rohit Seksaria,EQ-INDX,0,103.2,1.08,27-07-1999,Nifty100 Equal Weight - TRI,170.15,189.04,148.67,2.95,13.38,-1.8,-0.18,21.79,18.65,22.71,11.4,23.32,3.36,28.3,101,180347,88.08,9.07,0,Financials,0,0,0,-0.07,0.24,0.5,0.98,14.68,Equity : Index Funds,Nil
Sundaram Overnight Fund-Reg(G),Sandeep Agarwal,DT-ON,4,801.2,0.16,20-03-2019,Nifty 1D Rate Index,1362.39,1362.39,1280.69,0.48,1.5,3.1,6.4,6.54,6.31,5.01,0,0,0,0,0,0,0,0,0,None,0.01,0,5.97,-0.01,-0.63,-0.16,0.85,0.18,Debt : Overnight,Nil
Sundaram Services Fund-Reg(G),Rohit Seksaria,EQ-THEM,4,3998.3,1.9,21-09-2018,Nifty Services Sector - TRI,34.35,34.92,28.45,3.43,15.59,2.53,17.39,23.24,20.5,26.73,0,27.09,3.24,76.9,49,120425,51.77,13.42,25.67,Financials,0,0,0,0.49,0.29,0.65,0.88,13.2,Equity : Thematic,Nil upto 25% of units and 1% for remaining units on or before 365D Nil after 365D
Sundaram Short Duration Fund(G),Dwijendra Srivastava,DT-SD,2,214.2,0.89,13-05-2003,Nifty Short Duration Debt Index,44.38,44.38,40.5,0.98,3.46,4.94,9.37,7.92,7.48,7.52,6,0,0,0,0,0,0,0,0,None,3.4,2.67,6.85,0,0.22,0.28,0.31,1.01,Debt : Short Duration,Nil
Sundaram Small Cap Fund(G),Rohit Seksaria,EQ-SML,3,3058.3,1.96,15-02-2005,Nifty Smallcap 250 - TRI,253.73,272.96,207.08,8.65,22.01,-4.35,7.61,24.14,23.66,33.25,13.83,28.32,3.18,63.6,68,13889,5.65,5.68,78.76,Financials,0,0,0,0.14,0.29,0.54,0.81,15.96,Equity : Small Cap,Nil upto 25% of units and 1% for remaining units on or before 365D Nil after 365D
Sundaram Ultra Short Duration Fund(G),Sandeep Agarwal,DT-USD,1,2550.5,1.48,28-12-2007,NIFTY Ultra Short Duration Debt Index,2676.96,2676.96,2510.12,0.58,1.94,3.41,6.64,6.39,6.05,4.73,5.25,0,0,0,0,0,0,0,0,None,0.54,0.53,6.82,-0.06,-0.45,-0.21,0.48,0.36,Debt : Ultra Short Duration,Nil
Tata Arbitrage Fund-Reg(G),Sailesh Jain,HY-ARB,5,13629.5,1.08,18-12-2018,Nifty 50 Arbitrage,14.3,14.3,13.38,0.41,1.82,3.38,7.12,7.31,6.74,5.46,0,20.87,2.82,499.93,157,156706,45.67,13.69,4.38,Financials,0.65,0.62,7.1,-0.02,0.01,0,0.62,0.55,Hybrid : Arbitrage,0.25% on or before 30D
Tata Balanced Adv Fund-Reg(G),Rahul Singh (Tata),HY-DYN,4,10154.3,1.72,28-01-2019,CRISIL Hybrid 50+50 - Moderate Index,20.21,20.71,18.87,1.35,6.84,0.29,3.57,12.5,12.04,14.17,0,23.35,3.24,26.09,70,284036,54.27,8.22,3.93,Financials,4.96,2.6,6.77,0.1,0.24,0.56,0.5,6.57,Hybrid : Dynamic Asset Allocation,Nil upto 12% of original cost of investments and 1% for more than 12% on or before 90D Nil after 90D
Tata Banking & Financial Services Fund-Reg(G),Amey Sathe,EQ-FIN,2,2751.8,1.94,28-12-2015,Nifty Financial Services - TRI,42.23,42.52,35.24,1.06,15.68,6.42,15.95,18.99,21.8,21.92,0,18.69,2.37,21.93,33,196079,58.3,14.65,22.51,Financials,0,0,0,0.33,0.3,0.7,0.92,14.66,Equity : Sectoral - Financial Services,0.25% on or before 30D
Tata BSE Quality Index Fund-Reg(G),Kapil Menon,EQ-INDX,0,48.3,1.09,03-04-2025,BSE Quality Index - TRI,10.99,11.09,9.6,5.36,0,0,0,0,0,0,0,40.05,12.81,0,30,160442,71.35,25.51,2.92,FMCG,0,0,0,0,0,0,0,0,Equity : Index Funds,0.25% on or before 15D Nil after 15D
Tata BSE Select Business Groups Index Fund-Reg(G),Kapil Menon,EQ-INDX,0,189.1,1.1,12-12-2024,BSE Select Business Groups Index - TRI,9.66,10,8.36,2.85,12.7,0,0,0,0,0,0,28.45,3.32,11.14,30,433321,96.48,3.63,0,Energy,0,0,0,0,0,0,0,0,Equity : Index Funds,0.25% on or before 15D
Tata BSE Sensex Index Fund-Reg(G),Kapil Menon,EQ-INDX,1,386.7,0.59,25-02-2003,BSE SENSEX - TRI,202.8,214.46,182.43,0.53,10.61,-0.02,6.05,14.31,13.82,19.22,11.75,22.51,3.47,17.4,30,698908,99.38,0.59,0,Financials,0,0,0,-0.01,0.2,0.46,1,12.28,Equity : Index Funds,0.25% on or before 7D Nil after 7D
Tata Business Cycle Fund-Reg(G),Rahul Singh (Tata),EQ-THEM,0,2835.2,1.94,04-08-2021,NIFTY 500 - TRI,18.36,20.68,16.44,1.93,11.42,-5.5,-2,22.9,22.09,0,0,25.24,3.14,55.98,67,132179,58.8,15.64,21.26,Financials,0,0,0,0.28,0.32,0.65,0.99,14.12,Equity : Thematic,Nil upto 12% of investment and 1% for remaining investments on or before 90D Nil after 90D
Tata Corp Bond Fund-Reg(G),Abhishek Sonthalia,DT-CORP,0,4023.7,0.87,01-12-2021,CRISIL Corporate Bond Index,12.44,12.44,11.31,0.99,3.95,5.29,9.81,8.27,7.75,0,0,0,0,0,0,0,0,0,0,None,5.76,3.89,7.14,0,0.25,0.34,0.35,1.15,Debt : Corporate Bond,Nil
Tata CRISIL IBX Gilt Index - April 2026 Index Fund-Reg(G),Amit Somani,DT-MD,0,950,0.36,30-09-2022,CRISIL IBX Gilt Index - April 2026,12.11,12.11,11.23,0.71,2.26,3.88,7.8,7.08,0,0,0,0,0,0,0,0,0,0,0,None,0.91,0.86,6.07,-0.01,0.28,0.3,0.31,0.93,Debt : Medium Duration,Nil
Tata Digital India Fund-Reg(G),Meeta Shetty,EQ-TECH,0,11037.4,1.71,28-12-2015,NIFTY IT - TRI,47.02,56.85,40.66,4.6,2.42,-13.95,14.66,19.53,13.48,27.45,0,30,6.11,12.41,37,199056,71.96,10.32,15.05,Technology,0,0,0,0.23,0.14,0.28,0.86,18.51,Equity : Sectoral - Technology,0.25% on or before 30D
Tata Dividend Yield Fund-Reg(G),Sailesh Jain,EQ-DIV,0,929.5,2.22,20-05-2021,NIFTY 500 - TRI,17.6,19.09,15.09,4.07,15.98,-3.22,-2.57,19.93,18.8,0,0,22.11,3.17,26.46,66,123553,51.76,25.96,19.7,Financials,0,0,0,-0.03,0.24,0.47,1.02,14.67,Equity : Thematic - Dividend Yield,Nil upto 12% of investments and 1% for remaining units on or before 365D Nil after 365D
Tata ELSS Tax Saver Fund-Reg(G),Tejas Gutka,EQ-ELSS,2,4404.8,1.84,13-10-2014,NIFTY 500 - TRI,43.67,47.21,38.29,4.08,13.66,-3.23,7.25,20.31,18.06,22.56,13.94,20.88,3.13,15.26,57,147775,60.98,12.65,21.19,Financials,0,0,0,0,0.25,0.53,0.99,14.11,Equity : Tax Saving (ELSS),Nil
Tata Equity P/E Fund(G),Sonam Udasi,EQ-VAL,1,8228.4,1.8,29-06-2004,NIFTY 500 - TRI,339.89,381.75,300.63,3.25,12.57,-5.26,-0.86,23.36,21.67,23.67,14.22,13.09,2.56,67.02,37,124021,56.89,17.59,18.64,Financials,0,0,0,0.25,0.3,0.62,1,14.33,Equity : Value / Contra,Nil upto 12% on investment and 1% for rest investment on or before 12M Nil after 12M
Tata Equity Savings Fund-Reg(G),Sailesh Jain,HY-EQ,2,261.7,1.14,27-04-2000,NIFTY 50 Equity Savings Index,54.61,54.69,50.13,0.75,4.26,2.65,7.31,11.66,10.16,10.88,7.22,22.73,3.26,26.99,39,426942,58.91,6.9,0.23,Financials,4.64,3.49,6.38,0.08,0.27,0.71,0.29,3.81,Hybrid : Equity Oriented,0.25% on or before 7D Nil after 7D
Tata Ethical Fund-Reg(G),Abhinav Sharma,EQ-THEM,4,3334.3,1.93,24-05-1996,Nifty500 Shariah - TRI,378.07,436.49,342.09,2.63,9.64,-8,-0.82,12.7,12.67,20.2,11.26,29.89,4.09,31.19,66,89627,40.31,33.24,18.4,Technology,0,0,0,-0.01,0.17,0.32,0.85,12.82,Equity : Thematic,0.50% on or before 90D Nil after 90D
Tata Flexi Cap Fund-Reg(G),Amey Sathe,EQ-FLEX,2,3125.5,1.94,06-09-2018,NIFTY 500 - TRI,23.83,24.72,21,2.34,13.1,1.21,10.19,20.42,16.82,19.44,0,26.72,3.25,39.81,53,159841,59.68,13.14,20.85,Financials,0,0,0,0.07,0.26,0.58,0.82,12.08,Equity : Flexi Cap,Nil upto 12% of original cost of investments and 1% for more than 12% on or before 12M Nil after 12M
Tata Floating Rate Fund-Reg(G),Akhil Mittal,DT-FL,0,114.1,0.73,07-07-2021,CRISIL Short Duration Debt Index,12.79,12.8,11.7,0.95,3.68,5.05,9.25,8.09,7.49,0,0,0,0,0,0,0,0,0,0,None,5.51,2.67,7.29,0.03,0.27,0.27,0.17,0.86,Debt : Floater,NIL
Tata Focused Equity Fund-Reg(G),Meeta Shetty,EQ-MLC,0,1762.7,2.07,05-12-2019,NIFTY 500 - TRI,22.55,25.52,20.37,1.6,8.76,-6.87,2.3,18.54,16.94,22.59,0,24.77,3.49,40.11,30,166694,64.45,10.42,17.91,Financials,0,0,0,-0.06,0.23,0.47,0.98,14.03,Equity : Multi Cap,Nil upto 12% of original cost of invesment and 1% for more than 12% original cost of investment on or before 365D Nil after 365D
Tata Gilt Securities Fund-Reg(G),Akhil Mittal,DT-GILT,1,1159.1,1.39,04-09-1999,CRISIL Dynamic Gilt Index,79.32,79.43,71.74,0.74,5.73,5.89,10.27,8.24,8.47,5.57,6.73,0,0,0,0,0,0,0,0,None,15.46,7.9,6.53,-0.01,0.22,0.47,0.7,2.4,Debt : Gilt,Nil
Tata Housing Opportunities Fund-Reg(G),Tejas Gutka,EQ-THEM,0,519.5,2.39,02-09-2022,Nifty Housing - TRI,14.93,17.09,12.86,6.36,14.73,-7.02,-2.89,16.11,0,0,0,27.78,3.49,7.33,31,83786,46.18,18.6,30.53,Construction,0,0,0,0.3,0.18,0.32,0.77,15.38,Equity : Thematic,1% on or before 30D Nil after 30D
Tata Hybrid Equity Fund-Reg(G),Satish Chandra Mishra,HY-EQ,3,4012,1.94,08-10-1995,CRISIL Hybrid 35+65 - Aggressive Index,429.73,456.22,390.14,1.3,9.8,-1.63,3.63,13.29,13.65,17.67,9.73,23.67,3.43,33.36,42,331078,57.12,8.63,7.6,Financials,7.07,4.36,6.99,-0.07,0.23,0.5,1.06,9.87,Hybrid : Equity Oriented,Nil upto 12% of investments and 1% for remaining investments on or before 365D Nil after 365D
Tata India Consumer Fund-Reg(G),Sonam Udasi,EQ-CONS,2,2324.9,2.02,28-12-2015,Nifty India Consumption - TRI,43.21,49.14,38.76,2.67,10.89,-5.91,11.9,20.76,20.94,21.95,0,44.77,8.68,49.25,37,73592,48.16,20.4,22.89,FMCG,0,0,0,0.08,0.27,0.52,0.94,15.06,Equity : Thematic - Consumption,0.25% on or before 30D
Tata India Innovation Fund-Reg(G),Meeta Shetty,EQ-THEM,0,1656.4,2.05,28-11-2024,NIFTY 500 - TRI,9.5,10.25,8.36,4.47,10.91,-5.7,0,0,0,0,0,36.35,4.96,4.67,53,88560,42.15,17.76,34.83,Technology,0,0,0,0,0,0,0,0,Equity : Thematic,1% on or before 90D
Tata India Pharma & Healthcare Fund-Reg(G),Meeta Shetty,EQ-PHRM,1,1222.7,2.15,28-12-2015,NIFTY PHARMA - TRI,29.35,32.01,25.44,0.06,9.55,-4.88,16.59,30.49,23.4,20.95,0,40.64,5.29,13.77,39,55214,41.99,21.78,29.63,Healthcare,0,0,0,0.29,0.32,0.69,0.91,14.46,Equity : Sectoral - Pharma,0.25% on or before 30D
Tata Infrastructure Fund-Reg(G),Abhinav Sharma,EQ-INFRA,3,2055.8,2.11,31-12-2004,BSE India Infrastructure Index - TRI,171.58,204.97,143.08,8.18,18.94,-9.44,-12,24.35,24.41,31.19,14.65,29.61,3.47,17.52,64,42471,31.83,22.19,40.51,Construction,0,0,0,2.31,0.28,0.52,0.75,18.08,Equity : Sectoral - Infrastructure,0.25% on or before 30D
Tata Large & Mid Cap Fund-Reg(G),Chandraprakash Padiyar,EQ-L&M,2,8294.1,1.78,25-02-1993,NIFTY LargeMidcap 250 - TRI,518.01,562.21,455.45,2.39,12.76,-2.92,4.01,16.97,18.66,22.92,13.2,24.55,3.25,10.28,54,130658,44.58,34.79,14.59,Financials,0,0,0,-0.03,0.28,0.59,0.86,12.88,Equity : Large & Mid Cap,Nil upto 12% of investment and 1% for remaining investments on or before 90D Nil after 90D
Tata Large Cap Fund-Reg(G),Abhinav Sharma,EQ-LC,3,2539,2.04,07-05-1998,NIFTY 100 - TRI,492.4,528.23,442.43,1.6,10.76,-1.38,1.31,17.68,16.54,21.59,11.63,24.3,3.42,35.35,49,329856,83.2,7.88,3.3,Financials,0,0,0,0.08,0.24,0.53,0.95,12.7,Equity : Large Cap,Nil upto 12% of investments and 1% for remaining investments on or before 365D Nil after 365D
Tata Liquid Fund-Reg(G),Amit Somani,DT-LIQ,4,18156.2,0.32,01-09-2004,CRISIL Liquid Debt Index,4094.61,4094.61,3819.59,0.55,1.83,3.58,7.22,7.21,6.87,5.43,6.25,0,0,0,0,0,0,0,0,None,0.1,0.1,6.54,-0.01,0.15,0.05,1.23,0.26,Debt : Liquid,0.007% for Day 1 0.0065% on Day 2 0.0060% on Day 3 0.0055% on Day 4 0.0050% on Day 5 0.0045% on Day 6 NIL on or after 7D
Tata Mid Cap Growth Fund-Reg(G),Satish Chandra Mishra,EQ-MID,3,4505.4,1.88,01-07-1994,Nifty Midcap 150 - TRI,418.44,460.19,360.71,4.86,15.29,-4.32,-0.11,24.79,22.89,27.36,14.93,27.05,3.69,30.87,65,48390,10.72,63.99,16.53,Financials,0,0,0,-0.07,0.31,0.63,0.88,14.97,Equity : Mid Cap,Nil upto 12% of investments and 1% for remaining investments on or before 365D Nil after 365D
Tata Money Market Fund-Reg(G),Amit Somani,DT-MM,4,31975.3,0.42,22-05-2003,CRISIL Money Market Index,4709.7,4709.7,4356.24,0.72,2.48,4.25,8.1,7.78,7.41,6.09,6.04,0,0,0,0,0,0,0,0,None,0.74,0.74,6.81,0.05,0.48,0.22,0.61,0.44,Debt : Money Market,Nil
Tata Multi Asset Opp Fund-Reg(G),Rahul Singh (Tata),HY-MULTI,0,3679.4,1.84,04-03-2020,BSE 200,23.04,23.12,20.8,2.65,10.78,2.24,6.23,16.7,15.25,18.41,0,23.42,3.14,17.23,69,196278,45.32,8.87,12.73,Financials,3.44,2.45,6.74,0.2,0.3,0.69,0.59,8.12,Hybrid : Multi Asset Allocation,Nil upto 12% of investments and 1% for remaining investments on or before 365D Nil after 365D
Tata Multicap Fund-Reg(G),Meeta Shetty,EQ-MLC,0,2937.9,1.91,02-02-2023,Nifty500 Multicap 50:25:25 - TRI,13.89,15.59,12.03,4.7,14.56,-6.4,-0.56,14.37,0,0,0,20.04,3.02,46.51,65,101405,49.49,25.37,23.2,Financials,0,0,0,-0.62,0.19,0.33,0.96,14.24,Equity : Multi Cap,Nil upto 12% of investment and 1% for remaining investment on or before 365D Nil after 365D
Tata NIFTY 50 Index Fund-Reg(G),Kapil Menon,EQ-INDX,3,1199.5,0.51,25-02-2003,NIFTY 50 - TRI,152.61,162.13,136.69,1,11.07,0.54,5.97,15.73,14.63,20.2,11.87,22.53,3.38,11.77,50,563968,99.05,0.95,0,Financials,0,0,0,-0.05,0.21,0.48,1,12.45,Equity : Index Funds,0.25% on or before 7D Nil after 7D
Tata Nifty Auto Index Fund-Reg(G),Kapil Menon,EQ-AUTO,0,79.4,1.05,26-04-2024,NIFTY AUTO - TRI,10.47,12.45,8.89,4.37,12.96,-2.59,-3.36,0,0,0,0,22.5,4.13,16.03,15,188612,77.94,22.03,0,Automobile and Ancillaries,0,0,0,-0.09,0,0,0.99,20.33,Equity : Sectoral - Auto,0.25% on or before 15D Nil after 15D
Tata Nifty Capital Markets Index Fund-Reg(G),Kapil Menon,EQ-INDX,0,175.1,1.08,24-10-2024,Nifty Capital Markets Index - TRI,11.96,11.96,7.94,18.1,45.22,14.61,0,0,0,0,0,39.04,10.28,21.82,15,41494,0,52.08,47.89,Financials,0,0,0,0,0,0,0,0,Equity : Index Funds,0.25% on or before 15D
Tata Nifty Financial Services Index Fund-Reg(G),Kapil Menon,EQ-INDX,0,84.3,1,26-04-2024,Nifty Financial Services - TRI,12.17,12.35,10.15,0.42,14.1,7.26,14.92,0,0,0,0,18.25,2.72,99.57,20,662321,87.48,3.7,0,Financials,0,0,0,-0.14,0.27,0.57,0.99,14.67,Equity : Index Funds,0.25% on or before 15D Nil after 15D
Tata Nifty G-Sec Dec 2026 Index Fund-Reg(G),Amit Somani,DT-MD,0,92.8,0.45,16-01-2023,Nifty G-sec Dec 2026 Index,11.9,11.9,10.96,0.89,2.72,4.37,8.5,7.38,0,0,0,0,0,0,0,0,0,0,0,None,1.54,1.4,6.11,-0.02,0.27,0.34,0.37,1.06,Debt : Medium Duration,Nil
Tata Nifty G-Sec Dec 2029 Index Fund-Reg(G),Amit Somani,DT-M&LD,0,185.3,0.46,13-01-2023,Nifty G-Sec Dec 2029 Index,12.27,12.28,11.05,1.37,4.39,5.99,10.97,8.63,0,0,0,0,0,0,0,0,0,0,0,None,4.08,3.47,6.2,0.01,0.39,0.73,0.69,1.73,Debt : Medium to Long Duration,Nil
Tata Nifty India Tourism Index Fund-Reg(G),Kapil Menon,EQ-INDX,0,321.9,1.06,24-07-2024,Nifty India Tourism Index - TRI,10.32,10.64,9.04,-0.54,12.14,0.88,0,0,0,0,0,61.81,12.47,50.42,14,63325,38.63,37.93,23.56,Travel,0,0,0,0,0,0,0,0,Equity : Index Funds,0.25% on or before 15D
Tata Nifty Midcap 150 Index Fund-Reg(G),Kapil Menon,EQ-INDX,0,0,0,00-01-1900,Nifty Midcap 150 - TRI,0,0,0,0,0,0,0,0,0,0,0,0,0,0,0,0,0,0,0,None,0,0,0,0,0,0,0,0,Equity : Index Funds,0.25% on or before 15D Nil after 15D
Tata Nifty Midcap 150 Momentum 50 Index Fund-Reg(G),Kapil Menon,EQ-INDX,0,825.2,1.03,20-10-2022,Nifty Midcap150 Momentum 50 - TRI,17.92,19.93,14.72,6.92,19.67,-6.55,-2.92,31.13,0,0,0,36.85,5.57,94.15,50,69718,27.14,72.08,0.89,Financials,0,0,0,-0.17,0.27,0.47,1,19,Equity : Index Funds,0.25% on or before 90D Nil after 90D
Tata Nifty MidSmall Healthcare Index Fund-Reg(G),Kapil Menon,EQ-INDX,0,134.7,1.11,26-04-2024,Nifty MidSmall Healthcare - TRI,12.1,13.19,10.05,1.96,10.13,-3.93,21.98,0,0,0,0,42.7,5.44,18.64,30,47751,29.12,45.73,25.13,Healthcare,0,0,0,-0.11,0.25,0.46,0.99,17.14,Equity : Index Funds,0.25% on or before 15D Nil after 15D
Tata Nifty Realty Index Fund-Reg(G),Kapil Menon,EQ-INDX,0,51.4,1.05,26-04-2024,NIFTY REALTY - TRI,9.94,11.82,7.92,11.36,21.24,-7.39,-10.06,0,0,0,0,25.77,4.32,99.63,10,71222,36.91,48.73,14.39,Construction,0,0,0,-0.13,-0.07,-0.11,0.99,29.62,Equity : Index Funds,0.25% on or before 15D Nil after 15D
Tata Nifty SDL Plus AAA PSU Bond Dec 2027 60:40 Index Fund-Reg(G),Amit Somani,DT-M&LD,0,869.2,0.47,30-03-2022,Nifty SDL Plus AAA PSU Bond Dec 2027 60: 40 Index - TRI,12.4,12.4,11.3,1.14,3.53,5.23,9.56,7.99,8.08,0,0,0,0,0,0,0,0,0,0,None,2.47,2.15,6.54,-0.02,0.22,0.35,0.53,1.64,Debt : Medium to Long Duration,Nil
Tata Nifty200 Alpha 30 Index Fund-Reg(G),Kapil Menon,EQ-INDX,0,199.5,1.1,05-09-2024,Nifty200 Alpha 30 - TRI,8.41,10.01,7.04,5.63,17.48,-9.25,0,0,0,0,0,33.82,5.39,145.2,30,120307,62.86,37.18,0,Financials,0,0,0,0,0,0,0,0,Equity : Index Funds,0.25% on or before 15D
Tata Nifty500 Multicap India Manufacturing 50:30:20 Index Fund-Reg(G),Kapil Menon,EQ-INDX,0,118,1.11,26-04-2024,Nifty500 Multicap India Manufacturing 50:30:20 - TRI,10.87,12,9.42,3.3,13.57,-2.95,2.03,0,0,0,0,28.13,3.64,35.58,75,123541,53.9,29.2,16.92,Automobile and Ancillaries,0,0,0,-0.1,0.05,0.1,1,16.71,Equity : Index Funds,0.25% on or before 15D Nil after 15D
Tata Nifty500 Multicap Infrastructure 50:30:20 Index Fund-Reg(G),Kapil Menon,EQ-INDX,0,78.3,1.05,26-04-2024,Nifty500 Multicap Infrastructure 50:30:20 - TRI,10.59,11.51,8.89,3.77,17.77,-1.79,-0.77,0,0,0,0,26.53,3.35,52.55,75,149697,55.83,26.12,18.04,Energy,0,0,0,-0.07,0.01,0.02,1,18.42,Equity : Index Funds,0.25% on or before 15D Nil after 15D
Tata Overnight Fund-Reg(G),Amit Somani,DT-ON,4,2723.6,0.18,27-03-2019,CRISIL Liquid Overnight Index,1352.17,1352.17,1270.94,0.48,1.5,3.1,6.41,6.55,6.31,5.03,0,0,0,0,0,0,0,0,0,None,0.01,0.01,6.1,-0.02,-0.63,-0.16,0.93,0.18,Debt : Overnight,Nil
Tata Quant Fund-Reg(G),Sailesh Jain,EQ-THEM,0,61.7,2.42,22-01-2020,BSE 200 - TRI,14.13,16.96,13.47,-0.17,-6.56,-15.28,6.11,17.03,12.21,14.31,0,27.59,3.18,331.98,30,132107,50.66,36.6,6.66,Financials,0,0,0,-0.03,0.17,0.32,0.91,14.49,Equity : Thematic,Nil upto 12% of original cost of invesment and 1% for more than 12% original cost of investment on or before 365D Nil after 365D
Tata Resources & Energy Fund-Reg(G),Satish Chandra Mishra,EQ-POWER,0,1080.4,2.16,28-12-2015,NIFTY COMMODITIES - TRI,43.82,47.14,37.41,2.52,15.7,-1.55,-1.48,22.09,17.8,25.31,0,21.79,2.49,27.96,44,84283,52.71,11.8,27.3,Energy,0,0,0,0.15,0.2,0.38,0.85,16,Equity : Sectoral - Energy / Power,0.25% on or before 30D
Tata Retirement Sav Fund - Cons Plan(G),Sonam Udasi,HY-SOL,2,177.5,2.19,04-11-2011,CRISIL Short Term Debt Hybrid 75+25 Index,31.64,31.64,29.22,2.09,6.82,1.97,6.98,10.19,9.31,8.58,7.75,0,0,0,49,112057,15.22,6.72,7.24,Financials,6.36,4.13,6.45,-0.11,0.17,0.35,1.12,4.47,Hybrid : Solution Oriented,Nil on or after age of 60Y 1% before 61 months from the Date of allotment
Tata Retirement Sav Fund - Mod Plan(G),Sonam Udasi,HY-SOL,3,2067.2,2.04,04-11-2011,CRISIL Hybrid 25+75 - Aggressive Index,64.25,66.35,56,4.94,14.14,-1.13,8.84,18.84,16.62,17.5,11.82,0,0,43.56,48,110457,42,19.55,18.17,Financials,0,0,0,0.19,0.25,0.49,0.79,11.63,Hybrid : Solution Oriented,Nil on or after age of 60Y 1% before 61 months from the Date of allotment
Tata Retirement Sav Fund - Prog Plan(G),Sonam Udasi,HY-SOL,4,1978.1,2.04,04-11-2011,NIFTY 500 - TRI,65.4,69.25,55.85,6.03,16.37,-2.47,7.58,20.96,17.98,18.98,13.06,0,0,55.65,53,103124,49.19,22.74,23.55,Financials,0,0,0,0.02,0.24,0.46,0.93,13.76,Hybrid : Solution Oriented,Nil on or after age of 60Y 1% before 61 months from the Date of allotment
Tata Small Cap Fund-Reg(G),Chandraprakash Padiyar,EQ-SML,3,9417.8,1.71,12-11-2018,Nifty Smallcap 250 - TRI,39.28,44.66,33.39,9.07,17.39,-9,8.67,22.97,24.26,34.27,0,32.23,3.12,10.58,61,7960,0,11.38,79.4,Chemicals,0,0,0,0.21,0.3,0.53,0.79,16.21,Equity : Small Cap,Nil upto 12% of original cost of investments and 1% for more than 12% on or before 12M Nil after 12M
Tata ST Bond Fund-Reg(G),Murthy Nagarajan,DT-SD,3,3269.2,1.2,08-08-2002,CRISIL Short Duration Debt Index,48.02,48.02,44.05,0.86,3.39,4.85,8.85,7.5,7.16,5.85,6.15,0,0,0,0,0,0,0,0,None,3.9,2.89,6.79,-0.04,0.13,0.17,0.33,1.04,Debt : Short Duration,Nil
Tata Treasury Advantage Fund-Reg(G),Akhil Mittal,DT-LOWD,3,3126.5,0.59,06-09-2005,CRISIL Low Duration Debt Index,3921.14,3921.14,3629.04,0.76,2.5,4.2,8.01,7.44,7.02,5.92,6.27,0,0,0,0,0,0,0,0,None,1.03,0.85,6.81,-0.12,0.2,0.12,1.3,0.5,Debt : Low Duration,Nil
Tata Ultra Short Term Fund-Reg(G),Akhil Mittal,DT-USD,3,4683.5,1.12,22-01-2019,CRISIL Ultra Short Term Debt Index,14.12,14.12,13.17,0.61,2.03,3.69,7.22,6.92,6.53,5.22,0,0,0,0,0,0,0,0,0,None,0.51,0.46,6.98,-0.11,-0.08,-0.03,1.12,0.36,Debt : Ultra Short Duration,Nil
Tata Young Citizen Fund,Amey Sathe,HY-SOL,4,354.2,2.6,14-10-1995,NIFTY 500 - TRI,61.16,65.84,53.58,3.3,13.78,-1.59,7.17,16.91,16.28,21.39,11.22,0,0,42.39,49,103769,54.15,10.11,32.05,Financials,1.86,1.55,5.57,-0.03,0.24,0.49,0.89,12.77,Hybrid : Solution Oriented,Compulsory Lock-in Option 5Y or till the child attains age of majority (whichever is earlier). 1% - If redeemed before child attains 18Y of age
Taurus Banking & Fin Serv Fund-Reg(G),Anuj Kapil,EQ-FIN,0,11.7,2.43,22-05-2012,BSE BANKEX - TRI,53.79,54.11,45.97,1.78,16.95,4.63,7.78,15.56,18.58,21.28,11.92,15.22,2.07,28,18,427300,83.27,6.69,7.53,Financials,0,0,0,0.18,0.24,0.53,0.94,14.73,Equity : Sectoral - Financial Services,1% on or before 365D Nil after 365D
Taurus ELSS Tax Saver Fund-Reg(G),Anuj Kapil,EQ-ELSS,0,76,2.44,31-03-1996,BSE 500 - TRI,183.45,191.32,162.79,3.53,9.42,-2.76,8.36,20.66,19.49,21.46,12.87,18.9,2.98,65,31,168181,60.28,11.64,12.66,Financials,0,0,0,0.32,0.31,0.67,0.77,11.69,Equity : Tax Saving (ELSS),Nil
Taurus Ethical Fund-Reg(G),Anuj Kapil,EQ-MLC,0,285.4,2.39,20-03-2009,BSE 500 Shariah - TRI,125.15,141.6,111.62,3.45,9.91,-7.24,1.24,21.02,15.99,19.8,11.7,23.13,3.53,116,51,136268,48.19,23.83,14.05,Energy,0,0,0,0.31,0.21,0.44,0.96,14.31,Equity : Multi Cap,1% on or before 365D Nil after 365D
Taurus Flexi Cap Fund-Reg(G),Anuj Kapil,EQ-FLEX,1,346.5,2.64,29-01-1994,BSE 500 - TRI,223.55,245.78,199.07,3.46,11.72,-4.59,-0.02,19.65,16.3,19.59,9.05,18.43,2.73,65,56,139316,61.98,9.4,19.02,Financials,0,0,2.9,-0.11,0.2,0.4,1.01,14.84,Equity : Flexi Cap,1% on or before 365D Nil after 365D
Taurus Infrastructure Fund-Reg(G),Anuj Kapil,EQ-INFRA,0,8.8,2.48,05-03-2007,Nifty Infrastructure - TRI,66.59,75,55.92,6.26,18.35,-5.51,-3.23,26.31,21.89,24.98,13.66,28.67,2.74,65,36,86672,55.74,10.13,30.52,Energy,0,0,0,-0.08,0.26,0.51,0.96,16.61,Equity : Sectoral - Infrastructure,1% on or before 365D Nil after 365D
Taurus Large Cap Fund-Reg(G),Anuj Kapil,EQ-LC,0,48.4,2.59,28-02-1995,BSE 100 - TRI,153.82,166.6,137.15,1.56,11.97,-2.89,1.58,19.08,16.74,19.12,9.24,18.5,2.62,79,36,320901,85,1,6.85,Financials,0,0,0,-0.04,0.2,0.4,1.08,15.3,Equity : Large Cap,1% on or before 365D Nil after 365D
Taurus Mid Cap Fund-Reg(G),Anuj Kapil,EQ-MID,0,119.7,2.56,05-09-1994,Nifty Midcap 150 - TRI,120.83,131.7,99.98,7.31,19.39,-3.43,-1.15,20.94,20.76,24.49,14.63,23.03,2.65,86,49,33486,6.12,61.19,23.13,Financials,0,0,0,-0.37,0.25,0.5,0.96,16.51,Equity : Mid Cap,1% on or before 365D Nil after 365D
Taurus Nifty 50 Index Fund-Reg(G),Anuj Kapil,EQ-INDX,0,5.6,1.07,10-06-2010,NIFTY 50 - TRI,46.75,49.7,41.91,1.03,10.98,0.39,5.44,14.95,14.1,19.92,11.59,22.5,3.38,5,50,564606,99.13,0.95,0,Financials,0,0,0,-0.09,0.2,0.45,0.99,12.36,Equity : Index Funds,1% on or before 365D Nil after 365D
Templeton India Equity Income Fund(G),Rajasa Kakulavarapu,EQ-DIV,0,2338.2,2.09,18-05-2006,NIFTY 500 - TRI,135.82,151.35,126.66,0.77,6.81,-4.15,-0.48,22.22,17.84,28.15,14.67,16.95,2.66,12.93,44,185599,52.62,10.73,11.36,Energy,0,0,0,0.27,0.29,0.63,0.75,12.24,Equity : Thematic - Dividend Yield,1% on or before 1Y
Templeton India Value Fund(G),Ajay Argal,EQ-VAL,4,2195.2,2.05,05-09-2003,NIFTY 500 - TRI,701.72,771.65,629.7,1.06,11.18,-2.82,-0.14,21.46,21.58,30.02,14.38,18.49,2.49,33.87,49,178412,65.58,6.6,19.88,Financials,0,0,0,0.31,0.32,0.75,0.93,13.36,Equity : Value / Contra,1% on or before 1Y
TRUSTMF Banking & PSU Fund-Reg(G),Jalpan Shah,DT-B&PSU,2,131.6,0.71,01-02-2021,CRISIL Banking and PSU Debt Index,1271.55,1271.55,1164.52,1.04,3.48,4.86,8.99,7.85,7.17,0,0,0,0,0,0,0,0,0,0,None,2.79,2.35,6.75,-0.11,0.13,0.14,0.89,0.97,Debt : Banking & PSU,Nil
TRUSTMF Corporate Bond Fund-Reg(G),Jalpan Shah,DT-CORP,0,44.8,0.65,20-01-2023,CRISIL Corporate Bond Index,1195.32,1195.32,1093.4,1.22,3.61,4.73,9.07,7.71,0,0,0,0,0,0,0,0,0,0,0,None,4.81,3.88,6.79,0,0.32,0.39,0.37,1.04,Debt : Corporate Bond,Nil
TRUSTMF Flexi Cap Fund-Reg(G),Mihir Vora,EQ-FLEX,0,1029.8,2.13,26-04-2024,NIFTY 500 - TRI,11.29,12.31,9.93,4.94,11.72,-5.38,6.03,0,0,0,0,28.9,4.61,249,59,142860,53.43,20.04,18.25,Financials,0,0,0,0.1,0.09,0.16,1.03,17.56,Equity : Flexi Cap,1% on or before 180D Nil after 180D
TRUSTMF Liquid Fund-Reg(G),Jalpan Shah,DT-LIQ,0,762.3,0.25,23-04-2021,CRISIL Liquid Debt Index,1263.65,1263.65,1180.27,0.55,1.78,3.5,7.09,7.1,6.8,0,0,0,0,0,0,0,0,0,0,None,0.14,0.13,6.41,-0.01,0.14,0.04,1.15,0.23,Debt : Liquid,0.007% for Day 1 0.0065% on Day 2 0.0060% on Day 3 0.0055% on Day 4 0.0050% on Day 5 0.0045% on Day 6 NIL on or after 7D
TRUSTMF Money Market Fund-Reg(G),Jalpan Shah,DT-MM,0,99.4,0.46,17-08-2022,CRISIL Money Market Index,1215.72,1215.72,1128.25,0.68,2.25,3.96,7.74,7.37,0,0,0,0,0,0,0,0,0,0,0,None,0.65,0.61,6.58,0.03,0.49,0.18,0.5,0.35,Debt : Money Market,Nil
TRUSTMF Overnight Fund-Reg(G),Jalpan Shah,DT-ON,0,113.6,0.12,18-01-2022,CRISIL Liquid Overnight Index,1219,1219,1145.67,0.48,1.47,3.07,6.42,6.57,6.34,0,0,0,0,0,0,0,0,0,0,None,0.01,0.01,5.94,-0.01,-0.52,-0.12,1.07,0.18,Debt : Overnight,Nil
TRUSTMF Short Duration Fund-Reg(G),Jalpan Shah,DT-SD,0,105.2,0.73,06-08-2021,CRISIL Short Duration Debt Index,1253.74,1253.74,1145.93,1.09,3.65,5.12,9.2,7.64,7.27,0,0,0,0,0,0,0,0,0,0,None,3.44,2.78,6.7,-0.03,0.15,0.19,0.33,1.05,Debt : Short Duration,Nil
TRUSTMF Small Cap Fund-Reg(G),Mihir Vora,EQ-SML,0,850.5,2.21,04-11-2024,Nifty Smallcap 250 - TRI,10.07,10.95,8.3,10.44,21.08,-3.55,0,0,0,0,0,38.3,5.42,0,62,20663,7.03,20.69,66.02,Financials,0,0,0,0,0,0,0,0,Equity : Small Cap,1% on or before 180D Nil after 180D
Unifi Dynamic Asset Allocation Fund-Reg(G),Saravanan V N,HY-DYN,0,602.1,1.52,13-03-2025,CRISIL Hybrid 50+50 - Moderate Index,10.2,10.21,10,0.6,0,0,0,0,0,0,0,21.29,2.7,0,51,267011,30.65,5.65,0.91,Financials,2.52,2,8.46,0,0,0,0,0,Hybrid : Dynamic Asset Allocation,NIL upto 20% of units and 1.5% for remaining units on or before 12M Nil after 12M
Unifi Flexi Cap Fund-Reg(G),Saravanan V N,EQ-FLEX,0,0,0,00-01-1900,NIFTY 500 - TRI,0,0,0,0,0,0,0,0,0,0,0,0,0,0,0,0,0,0,0,None,0,0,0,0,0,0,0,0,Equity : Flexi Cap,NIL
Union Active Momentum Fund-Reg(G),Gaurav Chopra,EQ-THEM,0,420.6,2.44,19-12-2024,NIFTY 500 - TRI,8.65,10.35,7.58,4.24,13.16,0,0,0,0,0,0,33.54,4.54,0,45,68841,29.98,36.2,27.69,Financials,0,0,0,0,0,0,0,0,Equity : Thematic,1% on or before 1Y Nil after 1Y
Union Aggressive Hybrid Fund-Reg(G),Sanjay Bembalkar,HY-EQ,0,634.9,2.37,18-12-2020,CRISIL Hybrid 35+65 - Aggressive Index,17.79,18.32,15.75,2.78,12.49,0.34,7,16.5,14.58,0,0,27.28,4.09,65,64,226120,54.94,10.19,9.54,Financials,5.45,3.84,6.64,-0.07,0.23,0.47,1.09,10.3,Hybrid : Equity Oriented,1% on or before 15D Nil after 15D
Union Arbitrage Fund-Reg(G),Vishal Thakker,HY-ARB,0,301.7,1.07,20-02-2019,Nifty 50 Arbitrage,13.97,13.97,13.1,0.35,1.56,3.16,6.87,7.25,6.64,5.26,0,26.35,3.41,1315,104,166991,49.36,22.05,3.53,Financials,0.17,0.16,6.38,-0.03,-0.03,-0.03,0.65,0.57,Hybrid : Arbitrage,0.25% on or before 1M Nil after 1M
Union Balanced Advantage Fund-Reg(G),Sanjay Bembalkar,HY-DYN,4,1377.8,2.15,29-12-2017,NIFTY 50 Hybrid Composite Debt 50:50 Index,19.91,20.2,18.35,1.38,7.94,0.66,4.09,11.87,10.85,12.73,0,26.47,3.89,460,85,269088,55.82,8.04,4.02,Financials,4.38,2.99,6.34,0,0.19,0.41,0.52,6.89,Hybrid : Dynamic Asset Allocation,1% on or before 15D Nil after 15D
Union Business Cycle Fund-Reg(G),Harshad Patwardhan,EQ-THEM,0,563.9,2.36,05-03-2024,NIFTY 500 - TRI,10.93,12.07,9.61,3.52,12.75,-3.72,-2.33,0,0,0,0,29.62,4.45,206,51,261586,75.34,14.2,6.98,Financials,0,0,0,-0.38,0.03,0.06,1.03,15.74,Equity : Thematic,1% on or before 1Y Nil after 1Y
Union Childrens Fund-Reg(G),Gaurav Chopra,HY-SOL,0,64.5,2.42,19-12-2023,BSE 500 - TRI,12.12,12.84,10.54,4.86,14.61,-1.47,7.95,0,0,0,0,0,0,87,66,109318,52.05,15.16,26.39,Financials,0,0,0,0.16,0.15,0.26,1,14.22,Hybrid : Solution Oriented,Nil
Union Corporate Bond Fund-Reg(G),Parijat Agrawal,DT-CORP,2,364.2,0.7,25-05-2018,CRISIL Corporate Bond Index,15.35,15.35,13.92,1.24,4.22,5.53,10.03,8.24,7.5,6.19,0,0,0,0,0,0,0,0,0,None,4.86,3.72,6.8,-0.02,0.17,0.25,0.36,1.22,Debt : Corporate Bond,NIL
Union Dynamic Bond Fund(G),Parijat Agrawal,DT-DYN,3,87,1.54,13-02-2012,CRISIL Dynamic Bond Index,23.66,23.72,21.41,0.43,5.22,5.67,10,8.15,7.76,5.44,6.26,0,0,0,0,0,0,0,0,None,17.65,8.71,6.55,-0.38,0.16,0.37,1.53,2.31,Debt : Dynamic Bond,NIL
Union ELSS Tax Saver Fund(G),Vinod Malviya,EQ-ELSS,4,871.9,2.28,23-12-2011,BSE 500 - TRI,63.25,68.05,55.36,4.03,13.62,-2.94,5.28,18.94,17.36,23.15,11.74,26.62,3.82,90,71,176681,64.81,15.54,14.28,Financials,0,0,0,0.04,0.24,0.48,0.92,13.14,Equity : Tax Saving (ELSS),Nil
Union Equity Savings Fund-Reg(G),Sanjay Bembalkar,HY-EQ,2,137.2,1.99,09-08-2018,Crisil Equity Savings Index,16.64,16.65,15.61,0.79,4.86,1.28,4.86,9.48,8.69,9.18,0,24.64,4.04,759,84,226550,59.45,7.41,3.73,Financials,1.48,1.06,6.18,0.03,0.15,0.36,0.69,4.22,Hybrid : Equity Oriented,1% on or before 15D Nil after 15D
Union Flexi Cap Fund-Reg(G),Sanjay Bembalkar,EQ-FLEX,4,2227.5,2.03,10-06-2011,BSE 500 - TRI,50.17,53.01,43.63,3.31,14.43,-1.81,4.76,19.26,17.25,22.66,11.99,28.2,4.15,118,70,192334,67.62,14.85,13.52,Financials,0,0,0,0.04,0.24,0.47,0.92,13.2,Equity : Flexi Cap,1% on or before 15D Nil after 15D
Union Focused Fund-Reg(G),Pratik Dharmshi,EQ-MLC,0,400.2,2.49,05-08-2019,BSE 500 - TRI,24.7,26.51,21.91,2.72,11.99,-4.29,1.11,15.48,14.41,20.08,0,30.51,4.18,145,29,207057,75.92,8.06,11.48,Financials,0,0,0,-0.13,0.19,0.36,0.86,12.7,Equity : Multi Cap,1% on or before 15D Nil after 15D
Union Gilt Fund-Reg(G),Parijat Agrawal,DT-GILT,0,134,1.12,08-08-2022,CRISIL Dynamic Gilt Index,12.4,12.45,11.26,0.24,5.17,5.3,9.63,8.32,0,0,0,0,0,0,0,0,0,0,0,None,24.29,10.53,6.61,-0.05,0.19,0.46,0.88,2.53,Debt : Gilt,Nil
Union Innovation & Opp Fund-Reg(G),Gaurav Chopra,EQ-THEM,0,884,2.24,06-09-2023,NIFTY 500 - TRI,13.49,15.21,11.52,6.51,14.22,-8.96,12.31,0,0,0,0,58.2,6.09,61,45,35058,27.56,32.56,34.61,Capital Goods,0,0,0,-0.04,0.19,0.31,1.1,18.86,Equity : Thematic,1% on or before 1Y Nil after 1Y
Union Large & Midcap Fund-Reg(G),Vinod Malviya,EQ-L&M,0,823.9,2.29,06-12-2019,NIFTY LargeMidcap 250 - TRI,25.01,26.81,21.67,5.03,14.48,-2.78,3.11,19.63,17.48,23.02,0,30.49,4.36,172,71,149076,56.83,32.46,7.83,Financials,0,0,0,-0.24,0.23,0.44,0.96,14.28,Equity : Large & Mid Cap,1% on or before 15D Nil after 15D
Union Largecap Fund-Reg(G),Sanjay Bembalkar,EQ-LC,3,442.2,2.49,11-05-2017,BSE 100 - TRI,23.1,24.85,20.71,1.37,10.64,-1.92,0.09,15.95,14.49,19.26,0,24.49,3.55,138,44,435650,90.03,7.7,0,Financials,0,0,0,-0.11,0.2,0.41,0.95,12.52,Equity : Large Cap,1% on or before 15D Nil after 15D
Union Liquid Fund(G),Devesh Thacker,DT-LIQ,4,4683.8,0.17,15-06-2011,CRISIL Liquid Debt Index,2501.7,2501.7,2333.28,0.56,1.82,3.58,7.24,7.25,6.93,5.48,5.82,0,0,0,0,0,0,0,0,None,0.13,0.12,6.48,-0.01,0.22,0.07,1.2,0.25,Debt : Liquid,0.007% for Day 1 0.0065% on Day 2 0.0060% on Day 3 0.0055% on Day 4 0.0050% on Day 5 0.0045% on Day 6 NIL on or after 7D
Union Medium Duration Fund-Reg(G),Parijat Agrawal,DT-MD,2,80.4,0.86,14-09-2020,CRISIL Medium Duration Debt Index,12.42,12.43,11.8,0.92,1.94,3.63,7.74,7.27,5.5,0,0,0,0,0,0,0,0,0,0,None,4.71,3.68,6.8,2.22,3.38,6.08,0.52,1.11,Debt : Medium Duration,1% on or before 15D Nil after 15D
Union Midcap Fund-Reg(G),Gaurav Chopra,EQ-MID,0,1346.6,2.11,23-03-2020,BSE 150 MidCap - TRI,46.5,49.72,38.92,7.68,18.07,-1.96,6.31,24.78,21.59,30.11,0,35.05,4.81,185,71,51539,23.24,58.09,15.25,Financials,0,0,0,-0.23,0.26,0.51,0.96,16.3,Equity : Mid Cap,1% on or before 15D Nil after 15D
Union Money Market Fund-Reg(G),Parijat Agrawal,DT-MM,0,175.6,0.89,26-08-2021,CRISIL Money Market Index,1228.55,1228.55,1146.66,0.62,2.16,3.73,7.13,6.72,6.34,0,0,0,0,0,0,0,0,0,0,None,0.57,0.54,6.6,-0.04,-0.22,-0.11,0.51,0.38,Debt : Money Market,NIL
Union Multi Asset Allocation Fund-Reg(G),Sanjay Bembalkar,HY-MULTI,0,798.2,2.14,10-09-2024,NIFTY 50 - TRI,10.5,10.51,9.44,2.15,10.56,4.49,0,0,0,0,0,25.72,4,0,74,231882,51.79,9.26,6.6,Financials,6.63,4.44,6.58,0,0,0,0,0,Hybrid : Multi Asset Allocation,1% on or before 15D Nil after 15D
Union Multicap Fund-Reg(G),Harshad Patwardhan,EQ-MID,0,1065,2.21,19-12-2022,Nifty500 Multicap 50:25:25 - TRI,15.38,16.77,13.37,5.07,14.66,-3.65,4.5,21.51,0,0,0,31.71,4.73,131,76,105192,50.96,19.67,25.6,Financials,0,0,0,-0.06,0.27,0.5,0.95,14.23,Equity : Mid Cap,1% on or before 15D Nil after 15D
Union Overnight Fund-Reg(G),Tarun Singh,DT-ON,3,228.1,0.17,27-03-2019,CRISIL Liquid Overnight Index,1349.85,1349.85,1269.09,0.48,1.49,3.08,6.38,6.54,6.31,5.02,0,0,0,0,0,0,0,0,0,None,0.01,0.01,6.15,-0.02,-0.64,-0.16,0.94,0.17,Debt : Overnight,Nil
Union Retirement Fund-Reg(G),Pratik Dharmshi,HY-SOL,0,160.7,2.37,22-09-2022,BSE 500 - TRI,15.22,16.27,13.31,3.41,13.72,-2.19,4.77,20.65,0,0,0,0,0,60,76,169995,65.12,13.7,14.65,Financials,0,0,0,0.1,0.26,0.5,0.92,12.5,Hybrid : Solution Oriented,Nil
Union Short Duration Fund-Reg(G),Anindya Sarkar,DT-SD,0,722,0.73,31-01-2025,CRISIL Short Duration Debt Index,10.4,10.4,10,1.14,3.56,0,0,0,0,0,0,0,0,0,0,0,0,0,0,None,3.44,2.78,6.88,0,0,0,0,0,Debt : Short Duration,NIL
Union Small Cap Fund-Reg(G),Pratik Dharmshi,EQ-SML,4,1468.4,2.13,10-06-2014,BSE 250 Small Cap - TRI,47.02,53.08,39.05,8.84,19.87,-9.2,4.53,21.9,19.95,31.21,13.98,38.98,5.31,114,69,17644,6.71,22.59,64.34,Financials,0,0,0,-0.13,0.21,0.37,0.88,17.98,Equity : Small Cap,1% on or before 15D Nil after 15D
Union Value Fund-Reg(G),Vinod Malviya,EQ-VAL,3,302.4,2.44,05-12-2018,BSE 500 - TRI,27.51,29.27,23.91,4.01,14.89,-2.21,3.93,23.01,20.24,24.26,0,20.32,2.81,91,58,130652,56.14,17.06,21.78,Financials,0,0,0,0.28,0.3,0.65,0.93,13.43,Equity : Value / Contra,1% on or before 15D Nil after 15D
UTI Aggressive Hybrid Fund-Reg(G),V. Srivatsa,HY-EQ,4,6254,1.88,02-01-1995,CRISIL Hybrid 35+65 - Aggressive Index,399.6,414.68,358.79,2.12,9.54,-0.46,9.05,20.18,18.47,22.17,12.13,17.24,2.83,34,64,158094,43.7,13.26,10.94,Financials,10.69,6.9,6.68,0.28,0.35,0.78,1.04,9.83,Hybrid : Equity Oriented,Nil for 10% of units and 1% for remaining units on or before 12M Nil after 12M
UTI Arbitrage Fund-Reg(G),Sharwan Kumar Goyal,HY-ARB,4,7307.7,0.75,29-06-2006,Nifty 50 Arbitrage,34.88,34.88,32.58,0.38,1.82,3.45,7.28,7.49,6.82,5.53,5.83,20.6,2.68,1193,162,232236,50.84,15.75,3.97,Financials,0.62,0.62,6.68,-0.01,0.05,0.04,0.67,0.59,Hybrid : Arbitrage,0.25% on or before 15D Nil after 15D
UTI Balanced Advantage Fund-Reg(G),Sachin Trivedi,HY-DYN,0,2959,1.96,10-08-2023,NIFTY 50 Hybrid Composite Debt 50:50 Index,12.47,12.57,11.34,0.71,7.34,1.91,8.55,0,0,0,0,24.55,3.76,238,62,400141,59.62,4.77,3.3,Financials,3.49,2.8,6.66,0.12,0.28,0.61,0.55,6.9,Hybrid : Dynamic Asset Allocation,Nil upto 10% of units and 1% for remaining units on or before 12M Nil after 12M
UTI Banking & PSU Fund-Reg(G),Anurag Mittal,DT-B&PSU,2,799.6,0.53,03-02-2014,NIFTY Banking and PSU Debt Index,21.95,21.95,20.07,1.1,3.49,4.99,9.17,7.65,7.67,7.22,6.92,0,0,0,0,0,0,0,0,None,2.23,1.95,6.44,-0.02,0.18,0.29,0.44,1.58,Debt : Banking & PSU,Nil
UTI Banking and Financial Services Fund-Reg(G),Preethi R S,EQ-FIN,1,1294.7,2.18,30-07-2005,Nifty Financial Services - TRI,186.25,188.02,156.72,2.13,15.61,6.3,13.78,19.07,19.97,23.85,10.87,17.55,2.62,55,33,236602,70.17,9.23,18.56,Financials,0,0,0,0.17,0.27,0.63,0.95,14.65,Equity : Sectoral - Financial Services,1% on or before 30D Nil after 30D
UTI BSE Housing Index Fund-Reg(G),Sharwan Kumar Goyal,EQ-INDX,0,24.4,0.99,07-06-2023,BSE Housing - TRI,14.16,16.16,12.49,3.35,10.89,-8.61,-5.1,0,0,0,0,40.1,4.26,53.16,24,82631,45.27,54.52,0,Construction,0,0,0,0.09,0.2,0.37,1.19,18.34,Equity : Index Funds,Nil
UTI BSE Low Volatility Index Fund-Reg(G),Sharwan Kumar Goyal,EQ-INDX,0,563.9,0.91,03-03-2022,BSE Low Volatility Index - TRI,16.27,18.02,14.71,1.04,9.5,0.06,2.78,17.97,16.98,0,0,35.4,5.58,59.06,30,225008,77.37,19.61,2.93,Financials,0,0,0,1.49,0.28,0.57,1,12,Equity : Index Funds,Nil
UTI BSE Sensex Index Fund-Reg(G),Sharwan Kumar Goyal,EQ-INDX,0,200.9,0.3,31-01-2022,BSE SENSEX - TRI,14.42,15.21,12.96,0.55,10.72,0.15,6.39,14.67,14.17,0,0,22.51,3.47,14,30,707560,99.26,0.57,0,Financials,0,0,0,0.02,0.21,0.47,1,12.32,Equity : Index Funds,NIL
UTI Childrens Equity Fund(G),Vishal Chopda,HY-SOL,5,1129.4,2.25,08-03-2004,NIFTY 500 - TRI,83.38,91.34,73.95,2.8,11.6,-2.7,5.4,17,15.05,20.15,11.88,0,0,30,53,230805,69.34,18.81,8.41,Financials,0,0,5.98,-0.17,0.2,0.41,0.93,13.4,Hybrid : Solution Oriented,Nil
UTI Childrens Hybrid Fund,Vishal Chopda,HY-SOL,2,4610.1,1.74,12-07-1993,CRISIL Short Term Debt Hybrid 60+40 Index,40.39,40.54,36.88,1.67,7.62,2.55,8.64,11.95,11.06,12.85,8.74,0,0,37,55,229034,27.99,7.67,3.41,Financials,10.73,6.79,6.73,-0.05,0.22,0.5,1,5.95,Hybrid : Solution Oriented,Nil
UTI Conservative Hybrid Fund-Reg(G),Amit Premchandani,HY-DT(CO),3,1683.8,1.81,16-12-2003,NIFTY 50 Hybrid Composite Debt 15:85 Index,69.37,69.47,62.56,1.19,5.9,3.31,10.02,11.78,10.97,12,8.37,21.28,2.93,32,59,175530,15.6,4.52,3.49,Financials,9.87,6.39,6.75,0.15,0.31,0.75,0.9,3.98,Hybrid : Debt Oriented (Conservative),NIL upto 10% of units and 1% for remaining units on or before 12M NIL after 12M
UTI Corporate Bond Fund-Reg(G),Anurag Mittal,DT-CORP,4,5474.6,0.58,08-08-2018,NIFTY Corporate Bond Index,16.47,16.47,14.96,1.12,4.03,5.45,9.81,8.31,7.71,6.51,0,0,0,0,0,0,0,0,0,None,4.9,3.64,6.6,0,0.25,0.34,0.34,1.1,Debt : Corporate Bond,Nil
UTI Credit Risk Fund-Reg(G),Sunil Patil,DT-CR,1,284.6,1.68,19-11-2012,CRISIL Credit Risk Debt Index,17.07,17.07,15.65,0.91,2.93,4.43,8.92,7.72,7.29,7.5,3.07,0,0,0,0,0,0,0,0,None,3.03,2.23,7.45,-0.01,0.19,0.2,0.25,0.88,Debt : Credit Risk,Nil upto 10% of units and 1% for remaining units on or before 12M Nil after 12M
UTI CRISIL SDL Maturity April 2033 Index Fund-Reg(G),Sunil Patil,DT-LD,0,351.5,0.41,21-12-2022,CRISIL IBX SDL Index - April 2033,12.48,12.52,11.18,1.18,5.18,6.32,11.7,9.18,0,0,0,0,0,0,0,0,0,0,0,None,7.41,5.5,6.64,0.01,0.34,0.74,0.86,2.37,Debt : Long Duration,Nil
UTI CRISIL SDL Maturity June 2027 Index Fund-Reg(G),Sunil Patil,DT-M&LD,0,77.4,0.4,11-01-2023,CRISIL IBX SDL Index - June 2027,12.03,12.03,11,1.07,3.1,4.9,9.24,7.94,0,0,0,0,0,0,0,0,0,0,0,None,1.77,1.62,6.05,0.01,0.35,0.46,0.38,1.13,Debt : Medium to Long Duration,Nil
UTI Dividend Yield Fund-Reg(G),Amit Premchandani,EQ-DIV,0,4010.1,1.99,03-05-2005,NIFTY 500 - TRI,172.54,189.77,154.91,2.34,10.73,-4.47,7.11,25.35,20.55,24.28,13.5,20.03,3.26,25,52,181268,66.06,12.3,18.57,Financials,0,0,0,0.27,0.3,0.66,0.89,13.32,Equity : Thematic - Dividend Yield,1% before 1Y Nil on or after 1Y
UTI Dynamic Bond Fund-Reg(G),Pankaj Pathak,DT-DYN,2,477.4,1.53,23-06-2010,CRISIL Dynamic Bond Index,31.23,31.24,28.34,0.93,4.4,5.33,9.66,8.3,7.56,8.89,7,0,0,0,0,0,0,0,0,None,8.18,5.39,6.56,-0.26,0.16,0.36,1.1,1.9,Debt : Dynamic Bond,NIL
UTI ELSS Tax Saver Fund-Reg(G),Vishal Chopda,EQ-ELSS,4,3776.6,1.9,01-08-2005,NIFTY 500 - TRI,203.14,222.01,179.98,2.84,11.7,-2.54,5.77,17.81,15.8,20.9,12.03,30.5,4.4,26,53,230752,69.56,18.84,8.43,Financials,0,0,0,-0.13,0.21,0.44,0.93,13.44,Equity : Tax Saving (ELSS),Nil
UTI Equity Savings Fund-Reg(G),V. Srivatsa,HY-EQ,2,686.9,1.64,30-08-2018,Crisil Equity Savings Index,18.11,18.22,16.88,0.5,4.44,2.63,6.68,11.78,11.61,12.77,0,20.01,2.9,503,45,365341,62.36,4.58,0,Financials,4.72,3.54,6.06,0.25,0.35,0.83,0.79,4.28,Hybrid : Equity Oriented,1% on or before 30D Nil after 30D
UTI Flexi Cap Fund-Reg(G),Ajay Tyagi,EQ-FLEX,4,25433.6,1.69,01-08-2005,NIFTY 500 - TRI,317.33,338.73,282.94,1.58,9.63,-2.56,12.47,14.25,12.33,18.72,11.94,39.56,5.91,10,59,166007,63.94,22.03,10.14,Financials,0,0,0,-0.33,0.14,0.3,0.88,13.4,Equity : Flexi Cap,Nil upto 10% of units and 1% for remaining units on or before 1Y Nil after 1Y
UTI Floater Fund-Reg(G),Pankaj Pathak,DT-FL,3,1031.1,0.8,30-10-2018,CRISIL Short Duration Debt Index,1496.39,1496.39,1384.55,0.9,2.86,4.42,8.02,7.38,6.92,5.67,0,0,0,0,0,0,0,0,0,None,2.2,1.77,6.48,-0.01,0.12,0.09,0.13,0.58,Debt : Floater,Nil
UTI Focused Fund-Reg(G),Vishal Chopda,EQ-FLEX,0,2602.1,1.98,25-08-2021,NIFTY 500 - TRI,15.23,16.96,13.6,2.25,10.71,-2.18,4.37,17.94,17.4,0,0,31.21,4.59,24,29,258703,72.01,22.1,3.56,Financials,0,0,0,0.06,0.26,0.53,0.9,13.22,Equity : Flexi Cap,1% upto 1Y Nil on or after 1Y
UTI Gilt Fund with 10 year Constant Duration-Reg(G),Jaydeep Bhowal,DT-GL10Y,0,175.6,0.7,01-08-2022,Crisil 10 Yr Gilt Index,12.74,12.76,11.42,1.01,4.95,6.23,11.05,8.71,0,0,0,0,0,0,0,0,0,0,0,None,9.61,6.86,6.39,-0.01,0.27,0.57,0.96,2.53,Debt : Gilt (10 Yr Constant Duration),Nil
UTI Gilt Fund-Reg(G),Pankaj Pathak,DT-GILT,2,670.1,0.93,21-01-2002,CRISIL Dynamic Gilt Index,63.68,63.85,57.66,0.52,5.07,5.62,9.89,8.64,8.26,5.77,7.67,0,0,0,0,0,0,0,0,None,21.01,9.4,6.64,0,0.23,0.52,0.64,2.11,Debt : Gilt,Nil
UTI Healthcare Fund-Reg(G),Kamal Gada,EQ-PHRM,3,1062.2,2.25,01-08-2005,BSE Health Care - TRI,277.31,295.3,226.41,2.9,11.66,-4.84,24.01,34.2,24.87,21.42,11.41,37.72,5.54,25,42,44015,36.19,22.01,39.12,Healthcare,0,0,0,-0.02,0.33,0.7,0.95,14.44,Equity : Sectoral - Pharma,1% on or before 30D Nil after 30D
UTI India Consumer Fund-Reg(G),Vishal Chopda,EQ-CONS,2,686,2.44,30-07-2007,Nifty India Consumption - TRI,56.09,65.38,49.96,1.84,10.88,-4.92,5.27,17.04,15.7,17.95,10.68,44.96,7.71,33,41,154643,70.7,16.87,10.5,FMCG,0,0,0,-0.29,0.2,0.38,0.95,14.17,Equity : Thematic - Consumption,1% on or before 30D Nil after 30D
UTI Infrastructure Fund-Reg(G),Sachin Trivedi,EQ-INFRA,2,2199.7,2.19,19-04-2004,Nifty Infrastructure - TRI,140.35,153.85,120.91,3.6,14.9,-1.87,-4.26,25.92,24.61,26.75,12.17,23.38,3.2,13,54,150313,65.24,12.88,16.07,Energy,0,0,0,0.16,0.33,0.69,0.92,15.16,Equity : Sectoral - Infrastructure,1% on or before 30D Nil after 30D
UTI Innovation Fund-Reg(G),Ankit Agarwal,EQ-THEM,0,812.4,2.3,13-10-2023,NIFTY 500 - TRI,11.34,13.24,9.69,7.22,13.79,-9.17,8.27,0,0,0,0,66.35,5.59,11,24,27628,16.37,27.68,51.95,Technology,0,0,0,-1.07,0.03,0.05,1.07,19.63,Equity : Thematic,1% on or before 12M Nil after 12M
UTI Large & Mid Cap Fund-Reg(G),V. Srivatsa,EQ-L&M,4,4543.6,1.89,20-05-2009,NIFTY LargeMidcap 250 - TRI,175.2,187.87,154.31,3.37,13.08,-2.33,9.49,27.52,24.01,28.26,13.37,18.18,2.86,36,69,114465,44.74,37.58,13.36,Financials,0,0,0,0.29,0.36,0.79,0.91,13.47,Equity : Large & Mid Cap,1% before 1Y Nil on or after 1Y
UTI Large Cap Fund-Reg(G),Karthikraj Lakshmanan,EQ-LC,4,12719.7,1.76,03-08-2005,BSE 100 - TRI,268.7,289.76,243.65,0.77,9.52,-0.19,6.43,16.12,14.09,19.46,11.39,24.31,3.78,37,56,396103,86.5,8.62,0.64,Financials,0,0,0,-0.08,0.2,0.43,0.9,11.99,Equity : Large Cap,Nil upto 10% of units and 1% for remaining units on or before 1Y Nil after 1Y
UTI Liquid Fund-Reg(G),Amit Sharma,DT-LIQ,3,23623.2,0.24,10-12-2003,Nifty Liquid Fund Index,4265.05,4265.05,3978.21,0.55,1.83,3.58,7.23,7.23,6.91,5.48,6.26,0,0,0,0,0,0,0,0,None,0.1,0.1,6.29,0.01,0.21,0.06,0.28,0.25,Debt : Liquid,0.007% for Day 1 0.0065% on Day 2 0.0060% on Day 3 0.0055% on Day 4 0.0050% on Day 5 0.0045% on Day 6 NIL after 7D
UTI Long Duration Fund-Reg(G),Sunil Patil,DT-LD,0,163.9,1.5,17-03-2023,NIFTY Long Duration Debt Index,12.14,12.21,11.11,-0.23,5.05,4.66,8.73,8.14,0,0,0,0,0,0,0,0,0,0,0,None,36.73,12.86,6.94,-0.11,0.25,0.64,1.31,3.58,Debt : Long Duration,NIL
UTI Low Duration Fund-Reg(G),Anurag Mittal,DT-LOWD,4,3140.9,0.45,23-04-2007,NIFTY Low Duration Debt Index,3539.04,3539.04,3265.19,0.79,2.63,4.32,8.34,7.72,7.29,7.14,6.26,0,0,0,0,0,0,0,0,None,0.98,0.89,6.71,0.04,0.36,0.2,0.73,0.5,Debt : Low Duration,Nil
UTI Medium Duration Fund-Reg(G),Sunil Patil,DT-MD,0,40.7,1.49,31-03-2015,NIFTY Medium Duration Debt Index,18.34,18.34,16.77,0.95,3.57,4.95,9.14,7.64,7.39,5.7,6.11,0,0,0,0,0,0,0,0,None,4.85,3.67,6.8,-0.04,0.16,0.25,0.45,1.28,Debt : Medium Duration,Nil upto 10% of units and 1% for remaining units on or before 12M Nil after 12M
UTI Medium to Long Duration Fund-Reg(G),Sunil Patil,DT-M&LD,1,333.9,1.61,17-06-1998,CRISIL Medium to Long Term Debt Index,74.09,74.16,67.09,0.81,4.54,5.42,9.97,7.89,7.99,8.67,5.83,0,0,0,0,0,0,0,0,None,9.51,6.15,6.74,-0.03,0.19,0.42,0.69,2.23,Debt : Medium to Long Duration,NIL
UTI Mid Cap Fund-Reg(G),Ankit Agarwal,EQ-MID,4,11643,1.77,30-07-2005,Nifty Midcap 150 - TRI,297.59,324.49,250.02,7.59,17.72,-4.69,6.76,22.28,20.44,27.28,13.96,30.83,4.52,37,90,48543,12.19,62.25,22.8,Financials,0,0,0,-0.33,0.25,0.49,0.93,15.77,Equity : Mid Cap,1% on or before 1Y Nil after 1Y
UTI MNC Fund-Reg(G),Karthikraj Lakshmanan,EQ-MNC,0,2792.7,2.05,14-10-1998,NIFTY MNC - TRI,378.95,430.65,336.52,4.47,11.73,-5.23,2,14.86,14.19,15.54,9.66,33.17,6.04,34,49,63313,42.71,24.74,26.39,Automobile and Ancillaries,0,0,0,-0.09,0.2,0.39,0.87,12.68,Equity : Thematic - MNC,1% on or before 1Y Nil after 1Y
UTI Money Market Fund-Reg(G),Amit Sharma,DT-MM,3,18384.6,0.23,09-07-2009,CRISIL Money Market Index,3075.86,3075.86,2843.02,0.73,2.51,4.29,8.18,7.83,7.45,6.09,6.82,0,0,0,0,0,0,0,0,None,0.66,0.66,6.51,0.05,0.52,0.23,0.57,0.43,Debt : Money Market,Nil
UTI Multi Asset Allocation Fund-Reg(G),Sharwan Kumar Goyal,HY-MULTI,0,5659.4,1.75,17-12-2008,CRISIL Composite Bond Index,73.18,74.75,66.74,1.62,8.45,1.29,7.49,21.89,20.2,17.47,9.92,28.48,5.56,245,93,277727,53.58,12.08,1.08,Financials,3.91,2.8,6.35,0.53,0.43,1,0.6,8.73,Hybrid : Multi Asset Allocation,1% on or before 30D Nil after 30D
UTI Multi Cap Fund-Reg(G),Karthikraj Lakshmanan,EQ-MLC,0,1042.3,0,16-05-2025,Nifty500 Multicap 50:25:25 - TRI,10.04,10.05,9.96,0,0,0,0,0,0,0,0,0,0,0,0,90281,31.08,25.07,19.83,Financials,0,0,0,0,0,0,0,0,Equity : Multi Cap,1% on or before 90D Nil after 90D
UTI Nifty 50 Index Fund-Reg(G),Sharwan Kumar Goyal,EQ-INDX,5,23249.4,0.25,04-03-2000,NIFTY 50 - TRI,168.63,178.65,150.9,1.03,11.17,0.72,6.36,16.09,14.95,20.68,12.35,22.53,3.38,7,50,571463,98.92,0.98,0,Financials,0,0,0,-0.03,0.22,0.5,1,12.49,Equity : Index Funds,Nil
UTI Nifty 500 Value 50 Index Fund-Reg(G),Sharwan Kumar Goyal,EQ-INDX,0,531.2,1.03,10-05-2023,NIFTY500 Value 50 - TRI,18.84,21.22,16.37,2.39,13.9,-4.98,-7.67,36.44,0,0,0,10.86,1.41,48.37,50,127650,70.52,18.63,10.84,Energy,0,0,0,-0.07,0.42,0.9,1,19.53,Equity : Index Funds,Nil
UTI Nifty Alpha Low-Volatility 30 Index Fund-Reg(G),Sharwan Kumar Goyal,EQ-INDX,0,81.2,1.03,28-11-2024,NIFTY Alpha Low-Volatility 30 - TRI,9.56,10.3,8.58,0.84,10.37,-6.68,0,0,0,0,0,33.8,5.83,45.85,31,172562,83.6,14.82,0,Healthcare,0,0,0,0,0,0,0,0,Equity : Index Funds,Nil
UTI Nifty India Manufacturing Index Fund-Reg(G),Sharwan Kumar Goyal,EQ-THEM,0,20.1,1.04,13-02-2025,Nifty India Manufacturing - TRI,10.94,11.03,9.38,4.48,14.94,0,0,0,0,0,0,27.85,3.94,11.66,77,143750,69.59,27.03,2.6,Automobile and Ancillaries,0,0,0,0,0,0,0,0,Equity : Thematic,Nil
UTI Nifty Midcap 150 Index Fund-Reg(G),Sharwan Kumar Goyal,EQ-INDX,0,52.8,1.04,28-11-2024,Nifty Midcap 150 - TRI,10.18,10.49,8.49,7.19,18.78,-0.98,0,0,0,0,0,29.85,4.03,19.3,150,60093,10.64,83.99,4.84,Financials,0,0,0,0,0,0,0,0,Equity : Index Funds,Nil
UTI Nifty Midcap 150 Quality 50 Index Fund-Reg(G),Sharwan Kumar Goyal,EQ-INDX,0,264.8,0.88,11-04-2022,NIFTY Midcap150 Quality 50 - TRI,14.27,15.2,11.92,6.42,17.74,-2.54,5.06,20.44,16.01,0,0,36.92,8.19,47.77,50,57957,10.93,79.35,9.7,Technology,0,0,0,-0.06,0.19,0.4,1,15.12,Equity : Index Funds,Nil
UTI Nifty Midsmallcap 400 Momentum Quality 100 Index Fund-Reg(G),Sharwan Kumar Goyal,EQ-INDX,0,54.1,1.03,13-02-2025,Nifty MidSmallcap400 Momentum Quality 100 - TRI,11.44,11.44,9.33,8.88,21.43,0,0,0,0,0,0,32.74,6.59,10.61,100,54425,15.78,62.75,21.56,Financials,0,0,0,0,0,0,0,0,Equity : Index Funds,Nil
UTI Nifty Next 50 Index Fund-Reg(G),Sharwan Kumar Goyal,EQ-INDX,4,5287.6,0.8,28-06-2018,NIFTY NEXT 50 - TRI,23.76,27.64,20.29,3.47,15.55,-7.22,-5.63,25.43,20.29,21.76,0,22.22,3.5,67,51,126667,89.98,9.16,0,Financials,0,0,0,-0.06,0.21,0.39,1,18.86,Equity : Index Funds,Nil
UTI Nifty Private Bank Index Fund-Reg(G),Sharwan Kumar Goyal,EQ-INDX,0,223.8,1.03,20-09-2024,Nifty Private Bank - TRI,10.08,10.26,8.74,-0.28,13,6.37,0,0,0,0,0,17.89,2.1,31.32,10,418640,79.43,17.88,2.57,Financials,0,0,0,0,0,0,0,0,Equity : Index Funds,Nil
UTI Nifty SDL Plus AAA PSU Bond Apr 2026 75:25 Index Fund-Reg(G),Sunil Patil,DT-MD,0,175.3,0.41,10-02-2023,Nifty SDL Plus AAA PSU Bond Apr 2026 75:25 Index,11.84,11.84,10.95,0.75,2.34,4.05,8.1,7.29,0,0,0,0,0,0,0,0,0,0,0,None,0.76,0.72,6.06,0.02,0.44,0.34,0.22,0.69,Debt : Medium Duration,Nil
UTI Nifty SDL Plus AAA PSU Bond Apr 2028 75:25 Index Fund-Reg(G),Sunil Patil,DT-M&LD,0,34.5,0.4,03-03-2023,Nifty SDL Plus AAA PSU Bond Apr 2028 75:25 Index,12.1,12.1,10.97,1.16,3.71,5.5,10.15,8.32,0,0,0,0,0,0,0,0,0,0,0,None,2.78,2.44,6.23,0.03,0.46,0.64,0.48,1.29,Debt : Medium to Long Duration,Nil
UTI Nifty200 Momentum 30 Index Fund-Reg(G),Sharwan Kumar Goyal,EQ-INDX,0,8058.6,0.92,10-03-2021,Nifty200 Momentum 30 - TRI,20.85,25.81,17.64,4.26,13.23,-12.63,-14.34,22.51,20.57,0,0,39.84,6.56,116,31,154049,72.72,26.25,0,Technology,0,0,0,-0.04,0.21,0.39,1,19.49,Equity : Index Funds,Nil
UTI Nifty200 Quality 30 Index Fund-Reg(G),Sharwan Kumar Goyal,EQ-INDX,0,616.2,1.04,20-09-2024,NIFTY200 Quality 30 - TRI,8.86,10.12,7.82,4.08,12.16,-4.82,0,0,0,0,0,27.55,7.68,18.37,30,182016,65.93,32.53,1.39,FMCG,0,0,0,0,0,0,0,0,Equity : Index Funds,Nil
UTI NIFTY50 Equal Weight Index Fund-Reg(G),Sharwan Kumar Goyal,EQ-INDX,0,101.8,1.04,07-06-2023,NIFTY50 Equal Weight - TRI,13.99,15.35,12.55,1.79,10.81,0.91,4.44,0,0,0,0,24.27,3.32,39.32,50,288437,95.19,4.69,0,Financials,0,0,0,-0.1,0.28,0.56,1,12.57,Equity : Index Funds,Nil
UTI Overnight Fund-Reg(G),Jaydeep Bhowal,DT-ON,4,3639.4,0.11,09-12-2003,CRISIL Liquid Overnight Index,3493.61,3493.61,3282.55,0.48,1.5,3.11,6.45,6.6,6.36,5.08,5.69,0,0,0,0,0,0,0,0,None,0.01,0.01,5.82,-0.02,-0.55,-0.13,0.96,0.17,Debt : Overnight,Nil
UTI Quant Fund-Reg(G),Sharwan Kumar Goyal,EQ-THEM,0,1617.8,2.03,21-01-2025,BSE 200 - TRI,10.45,10.45,9.07,4.51,14.11,0,0,0,0,0,0,30.34,8.04,6,73,193040,63.41,25.29,3.82,Technology,0,0,0,0,0,0,0,0,Equity : Thematic,1% on or before 90D Nil after 90D
UTI Retirement Fund,V. Srivatsa,HY-SOL,2,4724.7,1.66,27-12-1994,CRISIL Short Term Debt Hybrid 60+40 Index,49.6,49.79,44.63,1.62,7.47,2.27,9.6,14.67,13.68,15.13,9.58,0,0,40,64,160717,24.53,7.69,6.27,Financials,10.55,6.73,6.71,0.16,0.35,0.82,1,5.8,Hybrid : Solution Oriented,1% upto 1Y Nil on or after 1Y
UTI Short Duration Fund-Reg(G),Anurag Mittal,DT-SD,4,2822.3,0.84,18-09-2007,CRISIL Short Duration Debt Index,31.78,31.78,29.07,0.99,3.43,4.91,9.13,8.03,7.54,7.37,6.43,0,0,0,0,0,0,0,0,None,3.65,2.7,6.69,0.01,0.26,0.29,0.27,0.92,Debt : Short Duration,Nil
UTI Small Cap Fund-Reg(G),Ankit Agarwal,EQ-SML,0,4529,1.9,22-12-2020,Nifty Smallcap 250 - TRI,25.4,27.66,21.43,7.91,17.85,-6.41,13.75,23.42,21.23,0,0,29.96,4.01,46,87,14613,0.9,12.43,82.99,Financials,0,0,0,-0.05,0.24,0.46,0.83,16.69,Equity : Small Cap,1% on or before 1Y Nil after 1Y
UTI Transportation & Logistics Fund-Reg(G),Sachin Trivedi,EQ-AUTO,0,3447.3,1.96,16-04-2004,Nifty Transportation & Logistics - TRI,254.06,292.85,218.6,5.14,14.65,-1.55,-2.85,23.69,23.59,28.04,11.27,27.4,4.81,19,38,129982,66.82,14.78,15.07,Automobile and Ancillaries,0,0,0,0.11,0.32,0.66,0.92,16.13,Equity : Sectoral - Auto,1% on or before 30D Nil after 30D
UTI ULIP(G),Sunil Patil,HY-DT(BA),0,5467.5,1.64,01-10-1971,NIFTY 50 Hybrid Composite Debt 50:50 Index,41.84,41.95,37.26,1.1,6.93,2.84,12.14,11.24,10.16,11.84,8.02,39.05,5.83,9,65,177234,26.16,8.43,3.78,Financials,10.39,6.66,6.72,-0.03,0.18,0.42,0.42,5.92,Hybrid : Debt Oriented (Balanced),2% on or before maturityNil after maturity
UTI Ultra Short Duration Fund-Reg(G),Anurag Mittal,DT-USD,3,4350.9,0.94,29-08-2003,NIFTY Ultra Short Duration Debt Index,4222.63,4222.63,3933.15,0.62,2.08,3.7,7.34,7.12,6.73,6.06,6.31,0,0,0,0,0,0,0,0,None,0.46,0.45,6.73,0,0.08,0.04,0.51,0.36,Debt : Ultra Short Duration,Nil
UTI Value Fund-Reg(G),Amit Premchandani,EQ-VAL,3,9752.3,1.82,20-07-2005,NIFTY 500 - TRI,164.12,177.8,146.63,2.13,10.54,-3.5,9.24,24.11,20.66,24.4,12.88,21.26,2.93,27,58,174017,64.7,18.85,14.54,Financials,0,0,0,0.25,0.31,0.69,0.93,13.3,Equity : Value / Contra,Nil upto 10% of units and 1% for remaining units on or before 1Y Nil after 1Y
WOC Arbitrage Fund-Reg(G),Ramesh Mantri,HY-ARB,0,417.9,1.12,09-09-2024,Nifty 50 Arbitrage - TRI,10.51,10.51,10,0.41,1.74,3.48,0,0,0,0,0,23.23,3.13,0,112,185955,48.1,16.99,4.07,Financials,0.2,0.19,6.37,0,0,0,0,0,Hybrid : Arbitrage,NIL upto 10% of units and 0.25% for remaining units on or before 7D NIL after 7D
WOC Balanced Advantage Fund-Reg(G),Ramesh Mantri,HY-DYN,0,1478.2,2.07,10-02-2023,CRISIL Hybrid 50+50 - Moderate Index,14.1,14.15,12.47,1.87,9.49,1.79,10.76,16.08,0,0,0,25.81,3.84,382,88,141734,49.16,5.57,8.87,Financials,5.55,3.92,6.67,0.29,0.39,0.8,0.59,7.35,Hybrid : Dynamic Asset Allocation,NIL upto 10% of units and 1% for remaining units on or before 30D NIL after 30D
WOC Balanced Hybrid Fund-Reg(G),Ramesh Mantri,HY-DYN,0,176.4,2.14,27-10-2023,CRISIL Hybrid 50+50 - Moderate Index,12.68,12.78,11.4,1.95,8.65,0.86,9.01,0,0,0,0,28.19,4.22,132,90,173308,37.25,5.78,9.74,Financials,6.27,4.43,6.6,0.14,0.3,0.59,0.59,7.96,Hybrid : Dynamic Asset Allocation,NIL upto 10% of units and 1% for remaining units on or before 30D NIL after 30D
WOC Banking & Financial Services Fund-Reg(G),Trupti Agrawal,EQ-FIN,0,393.5,2.38,06-02-2024,Nifty Financial Services - TRI,12.19,12.27,10,2.24,16.07,6.35,16.27,0,0,0,0,18.92,2.83,238,36,293424,67.73,9.62,11.93,Financials,0,0,0,-0.36,0.21,0.46,0.97,14.35,Equity : Sectoral - Financial Services,1% on or before 1M Nil after 1M
WOC Digital Bharat Fund-Reg(G),Ramesh Mantri,EQ-TECH,0,308.9,2.37,11-10-2024,BSE TECk Index - TRI,10.1,10.93,8.32,7.25,14.25,-2.45,0,0,0,0,0,44.26,6.47,0,34,48870,39.82,18.26,27.34,Technology,0,0,0,0,0,0,0,0,Equity : Sectoral - Technology,1% on or before 1M Nil after 1M
WOC ELSS Tax Saver Fund-Reg(G),Ramesh Mantri,EQ-ELSS,0,359.8,2.33,14-10-2022,BSE 500 - TRI,17.11,17.85,14.57,4.49,14.39,-2.2,13.46,26.67,0,0,0,28.74,4.17,41,137,88217,53.43,11.5,30.01,Financials,0,0,0,0.38,0.31,0.62,0.97,13.51,Equity : Tax Saving (ELSS),Nil
WOC Equity Savings Fund-Reg(G),Ramesh Mantri,HY-EQ,0,52.6,2.05,12-03-2025,NIFTY 50 Equity Savings Index - TRI,10.48,10.48,9.99,0.99,0,0,0,0,0,0,0,25.5,3.6,0,99,213869,51.37,10.36,5.09,Financials,8.38,5.64,6.33,0,0,0,0,0,Hybrid : Equity Oriented,NIL upto 10% of units and 0.25% for remaining units on or before 7D NIL after 7D
WOC ESG Best-In-Class Strategy Fund-Reg(G),Ramesh Mantri,EQ-THEM,0,62.2,2.35,30-10-2024,NIFTY100 ESG - TRI,10.3,10.5,9.08,2.58,12.64,-0.03,0,0,0,0,0,31.29,4.96,0,60,154415,62.93,13.41,12.92,Financials,0,0,0,0,0,0,0,0,Equity : Thematic,1% on or before 1M Nil after 1M
WOC Flexi Cap Fund-Reg(G),Ramesh Mantri,EQ-FLEX,0,4683.6,1.83,02-08-2022,BSE 500 - TRI,16.91,17.55,14.65,3.66,13.83,-1.89,11.4,23.8,0,0,0,27.57,4.09,189,114,127956,58.99,9.15,19.27,Financials,0,0,0,0.33,0.29,0.58,0.94,12.91,Equity : Flexi Cap,1% on or before 1M Nil after 1M
WOC Large & Mid Cap Fund-Reg(G),Ramesh Mantri,EQ-L&M,0,1594.3,2.05,22-12-2023,BSE 250 LargeMidCap Index - TRI,12.76,13.23,11.04,4.25,14.67,-1.4,9.54,0,0,0,0,27.55,4.18,202,107,158114,54.55,29.18,4.44,Financials,0,0,0,0.38,0.21,0.37,1.07,14.75,Equity : Large & Mid Cap,1% on or before 1M Nil after 1M
WOC Large Cap Fund-Reg(G),Ramesh Mantri,EQ-LC,0,871.8,2.23,01-12-2022,BSE 100 - TRI,14.49,15.26,12.84,1.8,12.1,-1.28,7.83,20.91,0,0,0,24.98,3.8,190,65,263396,79.86,5.86,3.47,Financials,0,0,0,0.16,0.25,0.52,1.03,12.78,Equity : Large Cap,1% on or before 1M Nil after 1M
WOC Liquid Fund-Reg(G),Piyush Baranwal,DT-LIQ,0,452.4,0.31,17-01-2019,CRISIL Liquid Debt Index,1398.58,1398.58,1305.86,0.56,1.79,3.53,7.12,7.11,6.75,5.23,0,0,0,0,0,0,0,0,0,None,0.11,0.1,6.44,-0.02,0.07,0.02,1.28,0.26,Debt : Liquid,0.007% for Day 1 0.0065% on Day 2 0.0060% on Day 3 0.0055% on Day 4 0.0050% on Day 5 0.0045% on Day 6 NIL on or after 7D
WOC Mid Cap Fund-Reg(G),Ramesh Mantri,EQ-MID,0,2916.3,1.9,07-09-2022,BSE 150 MidCap - TRI,18.64,19.57,15.68,7.08,16.47,-2.67,14.63,30.86,0,0,0,31.21,4.5,232,108,47085,15.45,54.23,14.62,Financials,0,0,0,0.21,0.33,0.64,0.94,15.71,Equity : Mid Cap,1% on or before 1M Nil after 1M
WOC Multi Asset Allocation Fund-Reg(G),Ramesh Mantri,HY-MULTI,0,1923.5,1.76,19-05-2023,CRISIL Short Term Bond Index,13.93,13.95,11.88,2.13,7.74,7.19,16.19,17.37,0,0,0,26.03,3.64,419,90,71678,25.37,2.77,4.99,Financials,5,3.62,6.5,0.55,0.64,1.45,0.27,4.56,Hybrid : Multi Asset Allocation,NIL upto 10% of units and 1% for remaining units on or before 30D NIL after 30D
WOC Multi Cap Fund-Reg(G),Ramesh Mantri,EQ-MLC,0,1728.6,2.03,22-09-2023,Nifty500 Multicap 50:25:25 - TRI,14.59,15.15,12.38,5.48,15.5,-1.93,13.47,0,0,0,0,27.79,4.03,176,163,73433,38.77,23.09,25.8,Financials,0,0,0,0.35,0.32,0.6,0.95,15.37,Equity : Multi Cap,1% on or before 1M Nil after 1M
WOC Pharma and Healthcare Fund-Reg(G),Ramesh Mantri,EQ-PHRM,0,320.4,2.38,06-02-2024,BSE Health Care - TRI,13.01,13.88,10.2,1.23,10.25,-3.31,29.35,0,0,0,0,36,6.51,312,41,57930,47.82,17.55,27.94,Healthcare,0,0,0,0.34,0.3,0.59,0.99,15.74,Equity : Sectoral - Pharma,1% on or before 1M Nil after 1M
WOC Quality Equity Fund-Reg(G),Ramesh Mantri,EQ-THEM,0,413.2,2.36,29-01-2025,BSE Quality Index - TRI,10.38,10.43,9.37,2.16,9.66,0,0,0,0,0,0,39.49,6.95,0,58,90170,53.15,16.28,17.34,Financials,0,0,0,0,0,0,0,0,Equity : Thematic,1% on or before 1M Nil after 1M
WOC Special Opp Fund-Reg(G),Dheeresh Pathak,EQ-THEM,0,846.4,2.24,04-06-2024,BSE 500 - TRI,12.57,12.89,10.32,5.97,17.4,0.87,0,0,0,0,0,24.38,3.64,0,59,114031,47.94,11.02,28.28,Financials,0,0,0,1.08,0.15,0.28,1.16,18.69,Equity : Thematic,1% on or before 1M Nil after 1M
WOC Ultra Short Duration Fund-Reg(G),Piyush Baranwal,DT-USD,0,475.1,1.02,06-06-2019,CRISIL Ultra Short Term Debt Index,1356.57,1356.57,1267.19,0.6,1.99,3.6,7.04,6.8,6.4,5.24,0,0,0,0,0,0,0,0,0,None,0.44,0.41,6.76,-0.12,-0.18,-0.08,1.04,0.36,Debt : Ultra Short Duration,Nil
